0.0000000000000000e+00
0.0000000000000000e+00
0.0000000000000000e+00
0.0000000000000000e+00
0.0000000000000000e+00
0.0000000000000000e+00
0.0000000000000000e+00
7.8940895089606152e-16
3.6655730429760807e-15
1.7068181948585056e-14
1.3567032723476843e-13
9.8140264573446440e-13
7.3793180838351026e-12
5.6401077216454673e-11
4.3556592458726657e-10
3.3898543982835696e-09
2.6518565030074098e-08
2.0819704930981303e-07
1.6385665015985012e-06
1.2917765921395250e-05
1.0197866192840074e-04
8.0666600544881441e-04
6.4167698856540337e-03
5.3987135207869665e-02
1.8004084448243431e+00
0.0000000000000000e+00
3.0575106103827277e-14
2.0720852226491756e-08
1.8755619277700981e-02
0.0000000000000000e+00
9.5393689063589254e-16
1.0084517356505856e-15
1.1127759031385029e-15
1.2308889655029503e-15
1.3649452705464914e-15
1.5053007205922936e-15
1.6526020337675233e-15
1.8910390584755885e-15
2.0217077239041640e-15
2.3216767668339991e-15
5.5364285833669303e-15
1.6391539217073412e-14
6.0042445537001130e-14
2.3169994409377587e-13
8.7804587600281414e-13
3.3591621523710086e-12
1.2978655310010843e-11
5.0394091015584318e-11
1.9641724148973622e-10
7.6799225275352332e-10
3.0098600260143863e-09
1.1816005694541069e-08
4.6445185816626482e-08
1.8273192109394702e-07
7.1942376944856068e-07
2.8338273793274530e-06
1.1166681032285636e-05
4.4015047815872814e-05
1.7354027889001443e-04
6.8454983028330295e-04
2.7040797144590747e-03
1.0784681685052479e-02
4.4584501859957590e-02
2.2680113941253757e-01
0.0000000000000000e+00
9.5393689063589254e-16
1.0084517356505856e-15
1.1127759031385080e-15
1.2308889654999581e-15
1.3649452705475084e-15
1.5053007206128594e-15
1.6525994192506257e-15
1.8910662900781553e-15
2.0217145411328388e-15
2.2802738245370242e-15
2.4798640572890737e-15
2.6335114966239907e-15
2.6662178802778322e-15
2.7724038548562742e-15
3.0158416473336839e-15
3.3261275175655152e-15
3.3925321859652730e-15
3.5405805842556761e-15
3.6768562873445611e-15
3.8601345289967423e-15
4.2026587770936989e-15
4.5027832331006576e-15
4.6102490012713721e-15
4.4918203482787706e-15
4.6713811952006432e-15
5.0765615475214088e-15
5.1558404279295877e-15
5.0452271529376682e-15
5.1798014832282910e-15
5.6372725642947139e-15
6.1714038768764880e-15
6.4851640859075875e-15
6.5392845491172615e-15
6.6884432970592375e-15
7.0263687290054121e-15
7.2480238500272187e-15
7.1718810886354346e-15
7.0926879732299516e-15
7.3784568596943805e-15
7.7862736434986608e-15
8.0615924694523077e-15
7.8975117356127829e-15
7.7517190324668468e-15
7.8306265460215242e-15
8.4673665621084879e-15
8.9419800171149742e-15
9.0029202000325554e-15
8.9393865515635548e-15
9.0188216482909263e-15
9.2665142597386212e-15
9.4370487955562298e-15
9.2283157788801670e-15
9.3244206766538611e-15
9.3181210719478986e-15
9.9962423248224768e-15
1.0555303992601065e-14
1.0882407970565174e-14
1.0678340695494587e-14
1.0570319731476338e-14
1.0937582111401541e-14
1.1350006510748885e-14
1.1544395097439240e-14
1.1623176551236050e-14
1.1896832165500641e-14
1.1946568701395694e-14
1.1914861738888655e-14
1.1908938894229948e-14
1.2096069741669767e-14
1.2493539406354174e-14
1.2911740942136650e-14
1.3058828482065007e-14
1.3008682615553590e-14
1.3193219477220745e-14
1.3500257238375023e-14
0.0000000000000000e+00
4.0867783838050816e-15
4.2326606481879726e-15
8.5112067177270459e-15
9.6560260173150858e-15
1.0831765561348541e-14
1.8554302408609529e-14
1.6897613847076707e-14
2.2040347773809547e-14
2.2095237395737779e-14
2.5299578469947218e-14
2.3087316806003076e-14
2.7282386151291971e-14
2.6793345005713053e-14
2.8161881766296138e-14
3.0531160387973705e-14
3.5882692508918128e-14
3.6967124391634496e-14
3.8533946459775150e-14
3.7661372999552936e-14
4.3778707074196839e-14
4.0897432564534489e-14
4.4227454316706369e-14
4.5809435792554279e-14
4.8336926338737797e-14
5.1195974416056567e-14
5.0973522247245012e-14
5.2727990414266015e-14
5.6361587897812981e-14
5.8619959821155250e-14
5.9336987658594975e-14
6.2054350190228264e-14
6.3417939011040943e-14
6.5764138707672567e-14
6.9239972787953825e-14
7.6269883449840070e-14
8.5878497208149414e-14
9.7164319229634467e-14
1.0965118952760767e-13
1.2403551601140553e-13
1.3888908273210362e-13
1.6046530333905463e-13
1.8148922700995051e-13
2.0330153382258649e-13
2.3103395032208061e-13
2.6282508769494588e-13
2.9768235422252200e-13
3.3563527376175522e-13
3.8105727799046237e-13
4.3364230012937927e-13
4.8805234804991370e-13
5.5100557145271951e-13
6.2544051587514116e-13
7.0869723602391873e-13
8.0224677243502732e-13
9.0755924863038984e-13
1.0289922606905926e-12
1.1635637066029816e-12
1.3150738327036608e-12
1.4909640527996088e-12
1.6892819923028812e-12
1.9128307440662636e-12
2.1650843723625403e-12
2.4535788495290934e-12
2.7782935859843853e-12
3.1416223694345061e-12
3.5596744336718405e-12
4.0346291182716625e-12
4.5676733668011598e-12
5.1704641738847228e-12
5.8557029765746529e-12
6.6333827849841832e-12
7.5099989956568102e-12
8.5020439942853471e-12
9.6307138305748783e-12
1.0909389329232914e-11
1.2353636264541953e-11
1.3988565822891064e-11
1.5842403310475808e-11
1.7943365545384385e-11
2.0318381515271942e-11
2.3011346726794382e-11
2.6063093101691022e-11
2.9519083150373363e-11
3.3428359117162189e-11
3.7858180806959506e-11
4.2875964128596207e-11
4.8558472628658702e-11
5.4990952541988056e-11
6.2281853346113533e-11
7.0537645226696537e-11
7.9883359934592619e-11
9.0465190415357462e-11
1.0245557334583634e-10
1.1603403708595157e-10
1.3140949826231693e-10
1.4882256072847378e-10
1.6854788783807275e-10
1.9088273231276275e-10
2.1617517478340863e-10
2.4482212076992324e-10
2.7726899269016895e-10
3.1401362924634455e-10
3.5562630903294939e-10
4.0275594794733028e-10
4.5613199134725691e-10
5.1657663941382923e-10
5.8503527547062588e-10
6.6257141589033814e-10
7.5037852755459791e-10
8.4982016485944193e-10
9.6244247324713707e-10
1.0899919211167240e-09
1.2344395505126077e-09
1.3980316443335360e-09
1.5833075906675420e-09
1.7931379345030438e-09
2.0307690331291577e-09
2.2998929653869264e-09
2.6046853168447120e-09
2.9498691057698979e-09
3.3407940567778435e-09
3.7835324656235740e-09
4.2849475201611053e-09
4.8528064247768850e-09
5.4959157225426715e-09
6.2242582948574401e-09
7.0491240240103423e-09
7.9833040732987293e-09
9.0412832900031210e-09
1.0239476159713902e-08
1.1596456895057687e-08
1.3133266333876419e-08
1.4873738332156056e-08
1.6844872061600877e-08
1.9077224011481913e-08
2.1605416002125319e-08
2.4468652598685253e-08
2.7711337101352006e-08
3.1383749017603404e-08
3.5542840705994250e-08
4.0253109452885993e-08
4.5587601729468374e-08
5.1629033483835608e-08
5.8471090338969864e-08
6.6219872355022139e-08
7.4995540171867066e-08
8.4934172871743783e-08
9.6189889497180253e-08
1.0893722691694583e-07
1.2337384789091220e-07
1.3972360770981553e-07
1.5824002929341901e-07
1.7921022257377238e-07
2.0295934329731961e-07
2.2985562837635918e-07
2.6031611142101489e-07
2.9481306563773177e-07
3.3388133763729150e-07
3.7812664204385276e-07
4.2823492911004187e-07
4.8498301490474683e-07
5.4925061710292285e-07
6.2203397899746012e-07
7.0446128582040186e-07
7.9781013098836983e-07
9.0352729155061780e-07
1.0232511234726239e-06
1.1588368756460196e-06
1.3123853919539187e-06
1.4862755799278097e-06
1.6832011585721384e-06
1.9062122411193835e-06
2.1587624199911083e-06
2.4447620215178180e-06
2.7686383651828153e-06
3.1354039177193523e-06
3.5507334199788803e-06
4.0210510704020248e-06
4.5536291254076503e-06
5.1566993467512370e-06
5.8395789804372769e-06
6.6128130574009404e-06
7.4883351399750879e-06
8.4796488098375085e-06
9.6020325263464511e-06
1.0872770663260323e-05
1.2311414054545702e-05
1.3940073549877855e-05
1.5783750558200400e-05
1.7870708936594925e-05
2.0232893050048664e-05
2.2906397222420501e-05
2.5931992249124333e-05
2.9355715101528854e-05
3.3229528443045185e-05
3.7612056782851646e-05
4.2569406492776510e-05
4.8176077044309782e-05
5.4515970734437450e-05
6.1683507825916788e-05
6.9784853380479002e-05
7.8939260769366005e-05
8.9280535037193531e-05
1.0095861639739690e-04
1.1414128033779213e-04
1.2901594546792553e-04
1.4579157307353393e-04
1.6470063314374034e-04
1.8600109975807960e-04
2.0997842385884528e-04
2.3694741313849869e-04
2.6725392682390941e-04
3.0127626752344898e-04
3.3942612336789824e-04
3.8214888248703344e-04
4.2992311048368874e-04
4.8325895319959090e-04
5.4269520681210590e-04
6.0879479194298858e-04
6.8213838734465970e-04
7.6331603252645299e-04
8.5291660925958875e-04
9.5151527037941721e-04
1.0596591077166046e-03
1.1778516387189412e-03
1.3065370305133963e-03
1.4460853406495777e-03
1.5967803867264322e-03
1.7588120950456810e-03
1.9322752445324182e-03
2.1171763433302068e-03
2.3134499047354736e-03
2.5209846285044004e-03
2.7396590148181877e-03
2.9693848891968943e-03
3.2101564114772126e-03
3.4621016243531820e-03
3.7255336912342314e-03
4.0009998235972389e-03
4.2893275313223437e-03
4.5916701210353007e-03
4.9095561158370524e-03
5.2449502050945359e-03
5.6003362845981220e-03
5.9788361461705717e-03
6.3843807873635305e-03
6.8219560324617847e-03
7.2979518189403535e-03
7.8206580246377010e-03
8.4009740293883740e-03
9.0534438298838955e-03
9.7978117309020472e-03
1.0661454018900830e-02
1.1683366709782705e-02
1.2921090019587501e-02
1.4463591796485853e-02
1.6520707187687257e-02
1.9312390125127688e-02
2.3389974024507359e-02
3.0176001800500431e-02
5.1588044792435811e-02
0.0000000000000000e+00
5.1539745399108185e-14
7.6495289151687230e-08
1.2124729787229868e-01
0.0000000000000000e+00
3.0575106103827649e-14
2.0720852353910241e-08
1.8895406821629747e-02
0.0000000000000000e+00
1.2121196782731380e-15
1.7556259911537679e-15
2.2379629210141809e-15
2.8606653876417812e-15
3.0575106103827649e-14
4.1783484908233906e-13
5.9894935843966952e-12
8.9030470414483792e-11
1.3503945354094659e-09
2.0720852353910241e-08
3.1997590799352212e-07
4.9583082786371426e-06
7.6981646417106271e-05
1.1974531415024285e-03
1.8895406821629747e-02
3.9561264645563204e-01
nan
0.0000000000000000e+00
1.2121196782731380e-15
1.7556259911537679e-15
2.2379629210141809e-15
2.8606653876417812e-15
3.0575106103827649e-14
4.1783484908233906e-13
5.9894935843966952e-12
8.9030470414483792e-11
1.3503945354094659e-09
2.0720852353910241e-08
3.1997590799352212e-07
4.9583082786371426e-06
7.6981646417106271e-05
1.1974531415024285e-03
1.8895406821629747e-02
3.9561264645563204e-01
nan
0.0000000000000000e+00
1.2121196782731380e-15
1.7556259911537679e-15
2.2379629210141809e-15
2.8606653876417812e-15
3.0575106103827649e-14
4.1783484908233906e-13
5.9894935843966952e-12
8.9030470414483792e-11
1.3503945354094659e-09
2.0720852353910241e-08
3.1997590799352212e-07
4.9583082786371426e-06
7.6981646417106271e-05
1.1974531415024285e-03
1.8895406821629747e-02
3.9561264645563204e-01
nan
0.0000000000000000e+00
1.2121196782731380e-15
1.7556259911537679e-15
2.2379629210141809e-15
2.8606653876417812e-15
3.0575106103827637e-14
4.1783484908233976e-13
5.9894935843966968e-12
8.9030470414483870e-11
1.3503945354094668e-09
2.0720852353910261e-08
3.1997590799352212e-07
4.9583082786371443e-06
7.6981646417106312e-05
1.1974531415024287e-03
1.8895406821629924e-02
3.9561264645563587e-01
nan
0.0000000000000000e+00
1.2121196782731380e-15
1.7556259911537679e-15
2.2379629210141809e-15
2.8606653876417812e-15
3.0575106103827649e-14
4.1783484908233906e-13
5.9894935843966952e-12
8.9030470414483792e-11
1.3503945354094659e-09
2.0720852353910241e-08
3.1997590799352212e-07
4.9583082786371426e-06
7.6981646417106271e-05
1.1974531415024285e-03
1.8895406821629747e-02
3.9561264645563365e-01
nan
0.0000000000000000e+00
1.2121196782731380e-15
1.7556259911537679e-15
2.2379629210141809e-15
2.8606653876417812e-15
3.0575106103827649e-14
4.1783484908233906e-13
5.9894935843966952e-12
8.9030470414483792e-11
1.3503945354094659e-09
2.0720852353910241e-08
3.1997590799352212e-07
4.9583082786371426e-06
7.6981646417106271e-05
1.1974531415024285e-03
1.8895406821629747e-02
3.9561264645563204e-01
nan
0.0000000000000000e+00
1.2121196782731380e-15
1.7556259911537679e-15
2.2379629210141809e-15
2.8606653876417812e-15
3.0575106103827649e-14
4.1783484908233906e-13
5.9894935843966952e-12
8.9030470414483792e-11
1.3503945354094659e-09
2.0720852353910241e-08
3.1997590799352212e-07
4.9583082786371426e-06
7.6981646417106271e-05
1.1974531415024285e-03
1.8895406821629743e-02
3.9561264645563204e-01
nan
0.0000000000000000e+00
1.2121196782731380e-15
1.7556259911236957e-15
2.2379629231913345e-15
2.8606653531894633e-15
3.0575106077338413e-14
4.1783484892774564e-13
5.9894935837505767e-12
8.9030470412610655e-11
1.3503945354074880e-09
2.0720852353913285e-08
3.1997590799353324e-07
4.9583082786371655e-06
7.6981646417106258e-05
1.1974531415024281e-03
1.8895406821629927e-02
3.9561264645563871e-01
nan
0.0000000000000000e+00
1.2121196782731380e-15
1.7550365671668700e-15
2.2291538891714050e-15
3.4661991972297642e-15
2.9011429432990202e-15
6.0794591283233216e-15
3.2228830652977444e-15
4.6437342033235888e-15
5.0025221501724863e-15
6.6109988495654944e-15
6.9711070833250617e-15
7.8743928283394589e-15
6.2168282298985280e-15
8.2137119650400555e-15
6.9238789460820247e-15
8.4087085929443992e-15
6.9935562261296637e-15
9.7727877928788236e-15
7.9145534632919246e-15
1.0189093509301589e-14
1.0931795957460913e-14
1.0856606993769358e-14
1.0881842875827566e-14
1.0488696887570322e-14
1.0347222999274356e-14
1.0900529624093425e-14
1.2036870701051091e-14
1.2951642873779851e-14
1.1563039752277904e-14
1.4733425703149533e-14
1.2638300981043344e-14
1.5084813187713228e-14
1.2942641955923245e-14
1.8114831405317499e-14
1.3086064539232356e-14
1.8326407001135303e-14
1.5255426104108980e-14
1.7261475330929728e-14
1.4403851437026936e-14
1.8861891851187510e-14
1.7394119920339483e-14
2.0777598296313651e-14
1.6076313796616459e-14
2.2315995389633697e-14
1.6562529030271149e-14
2.2938896569490616e-14
1.8209934725200784e-14
2.2194682624713965e-14
1.8030880697809149e-14
2.3816596713451130e-14
2.1560863419080653e-14
2.3041265465294337e-14
2.3084452325777173e-14
2.2415366888190615e-14
2.3560393886994253e-14
2.4116177187102789e-14
2.3496106510412672e-14
2.5554237905648648e-14
2.4092338022660579e-14
2.5977662390902258e-14
2.6725855568176715e-14
2.5220390835692382e-14
2.8843546138260696e-14
2.7342618762255213e-14
3.0781009176791987e-14
2.7060590671008407e-14
2.8859547204468502e-14
2.8175873135999763e-14
2.8399076725709633e-14
2.8834822893332088e-14
2.9878229233693049e-14
3.0605331204822278e-14
2.8126231506707721e-14
3.1185801651626279e-14
2.9369165061820881e-14
3.1857018143207470e-14
3.1905663100232734e-14
3.1128036185508375e-14
3.1726509048586207e-14
3.3242217061285011e-14
3.2923302760336912e-14
3.3730808237037396e-14
3.3375750518069576e-14
3.2813889091482736e-14
3.3286306096667721e-14
3.3926481744822571e-14
3.5015180175279928e-14
3.5480704721379140e-14
3.7979074185277870e-14
3.7854603393409549e-14
3.8781403394889614e-14
3.9589809943343329e-14
3.7814544934223258e-14
3.8922706380613237e-14
3.8607525077455384e-14
3.9983270249400914e-14
3.9575872848863703e-14
4.0743868442738877e-14
4.2505167165914916e-14
4.2008642154483465e-14
4.6264911209456829e-14
4.2715344229238642e-14
4.5036242878364405e-14
4.6034810633265594e-14
4.4798925566308773e-14
4.5481446782956891e-14
4.2989616930134049e-14
4.6268204295609193e-14
4.6043348802534523e-14
4.5457054558627663e-14
4.8464990816384010e-14
4.5726109525772541e-14
5.1560844438110081e-14
5.0153509409588048e-14
5.1783515597185262e-14
5.2138267568200495e-14
4.9855776360296206e-14
5.1480202366027781e-14
4.9374340121393750e-14
5.1150913814466480e-14
4.8333248767825995e-14
5.1913932946142732e-14
5.1901393696021456e-14
5.0499372586485739e-14
5.3830938381091311e-14
5.3688934992580459e-14
5.5636562695305893e-14
5.4011437098343719e-14
5.3791720218258523e-14
5.7601546829262285e-14
5.4939031107808339e-14
5.7455422200091470e-14
5.4035413357389105e-14
5.9723120586086851e-14
5.7617663409999143e-14
6.1004096950215701e-14
5.6479924449652752e-14
6.3767238929551668e-14
5.4866992017856305e-14
6.3790577247972167e-14
5.6777717024709900e-14
6.5338759048987775e-14
5.8919842695315917e-14
6.4729933747384516e-14
6.1198741427435370e-14
6.6375474379017408e-14
5.9419550766415256e-14
6.5565272875375367e-14
5.9593509395838381e-14
6.6255726702966119e-14
6.0673186373795798e-14
6.7486591911840117e-14
6.3383794362926985e-14
6.6788212711554687e-14
6.2955317413515871e-14
6.8219653579565825e-14
6.4352398616824487e-14
6.7844332675429315e-14
6.3976784601186700e-14
6.9135577087517823e-14
6.4152141438047326e-14
7.0540379522301028e-14
6.5470893601606071e-14
7.0209393731901980e-14
6.8594013601629217e-14
6.9732843135503378e-14
6.7446462674420436e-14
6.9716862595348619e-14
6.9170646545587518e-14
7.2663323505180734e-14
6.8532777371675739e-14
7.3901455901892521e-14
6.9237847465722393e-14
7.5876243306801576e-14
7.0232525306668213e-14
7.5209435399548692e-14
7.0521082168815167e-14
7.5762867476130812e-14
7.1894542516668577e-14
7.6532163271287775e-14
7.3794212235131888e-14
7.9226220226456715e-14
7.5892019784516328e-14
7.7979306731274247e-14
7.7294335362135611e-14
7.9453777003641887e-14
7.6671422020662740e-14
7.8542771352188957e-14
7.6773121251188544e-14
7.9220776978809815e-14
7.9804274064687678e-14
7.8618787326294499e-14
8.0638096821027055e-14
7.9719149569753118e-14
8.1833374729251219e-14
8.1197664683008723e-14
8.1572465141186504e-14
8.2286059149510363e-14
8.2137759169098946e-14
8.4315244329472047e-14
8.1966011953268689e-14
8.6544096752150282e-14
8.3284379391604841e-14
8.7268156194256071e-14
8.5979730505406497e-14
8.6992367564636331e-14
8.9165023991867008e-14
8.6932606574173280e-14
8.6784084363958479e-14
8.9079829901524489e-14
8.6076109604121581e-14
8.7423203492986599e-14
8.6343736126456306e-14
8.9482845153015501e-14
8.6175979097168078e-14
8.8809678289243598e-14
8.6801619822123824e-14
9.3387693888822039e-14
8.9804312746231228e-14
9.5179302448123132e-14
9.0215770296676687e-14
9.6171591091625392e-14
9.1099601897798861e-14
9.4940803986838131e-14
9.1645862376472993e-14
9.5976434163310777e-14
9.0803724343122031e-14
9.5133565584464157e-14
9.0917319318680433e-14
9.6437898379120963e-14
9.1604526152202610e-14
9.6445870644969603e-14
9.2947304149848727e-14
9.6573980956225561e-14
9.3284775264679343e-14
9.8477371864200126e-14
9.5185045132282014e-14
9.7809812500824348e-14
9.5299539226984965e-14
9.9290669589394748e-14
9.7412491914651098e-14
9.9540967449964412e-14
9.6963158178657731e-14
1.0158220855279479e-13
9.8784061904493466e-14
9.8990710415615989e-14
9.9653748264721301e-14
1.0321224896198300e-13
9.9264585424302658e-14
1.0085357837008721e-13
1.0038273288449802e-13
1.0266755630213213e-13
1.0267595526313498e-13
1.0167159142982578e-13
1.0294942053365386e-13
1.0381140228894312e-13
1.0232489887919930e-13
1.0301907999490641e-13
1.0441316683496306e-13
1.0466361544295869e-13
1.0491204385768423e-13
1.0523827310645513e-13
1.0499271167917733e-13
1.0642881665336081e-13
1.0855685078266314e-13
1.0723192254008022e-13
1.0736876189974809e-13
1.0966081854145450e-13
1.0645735995683264e-13
1.0978193236193995e-13
1.0714489960611043e-13
1.1015352578240104e-13
1.0822049997027425e-13
1.1175433872447432e-13
1.1029059034035628e-13
1.1089548664415560e-13
1.1089157728421836e-13
1.1260584234027986e-13
1.1168949551397270e-13
1.1063074935146582e-13
1.1176018298274546e-13
1.1296844511106422e-13
1.1415585731634180e-13
1.1264166503913241e-13
1.1457215506888062e-13
1.1427534812902452e-13
1.1615275713081630e-13
1.1422745517787361e-13
1.1620318028513236e-13
1.1550368656667132e-13
1.2044624469202201e-13
1.1762535397506078e-13
1.1901846804459806e-13
1.1684642952428777e-13
1.2064188229423482e-13
1.1801215662294044e-13
1.1932220436742488e-13
1.1883672481044180e-13
1.2197004149611235e-13
1.1891916840584592e-13
1.2123444761003794e-13
1.1976377547021749e-13
1.2173701223308412e-13
1.2041343736442708e-13
1.2175727072947127e-13
1.2096117898480487e-13
1.2444736523658446e-13
1.2226234468224425e-13
1.2347472429587016e-13
1.2406080620094087e-13
1.2718010696114832e-13
1.2484902498293532e-13
1.2812483298167979e-13
1.2490693992592277e-13
1.2926940447999283e-13
1.2798201142102266e-13
1.3279632914185935e-13
1.2618486417736141e-13
1.3416649526696606e-13
1.2716057794622366e-13
1.3394569566391569e-13
1.3048081937072131e-13
1.3701869201127166e-13
1.3019989713667113e-13
1.3622422014230866e-13
1.3185249453016906e-13
1.3638045207841625e-13
1.3390305239607027e-13
1.3684552076267957e-13
1.3472203583426675e-13
1.3773086983943663e-13
1.3526528824238722e-13
1.4082994604120640e-13
1.3886856162306425e-13
1.3950288316174236e-13
1.3833093068117685e-13
1.4015616917658865e-13
1.4158487146533474e-13
1.3955725760941128e-13
1.4133160148802570e-13
1.4235046964177399e-13
1.4325417109682293e-13
1.4021954770181844e-13
1.4470338103855008e-13
1.4285663583432589e-13
1.4573112824216805e-13
1.4268168330137931e-13
1.4631649879537300e-13
1.4838140346588691e-13
1.4818075127050556e-13
1.4337495548493963e-13
1.4887649710353428e-13
1.4557911852540582e-13
1.5046621032058144e-13
1.4451543536029370e-13
1.5118527531014397e-13
1.4609587561419230e-13
1.5217585316981285e-13
1.4553147804391063e-13
1.5239472275360982e-13
1.4602958061198611e-13
1.5258708739683514e-13
1.4728887476909643e-13
1.5163158298707824e-13
1.4800540942366817e-13
1.5394951957643079e-13
1.4833473524699434e-13
1.4952001899581894e-13
1.4825938267760020e-13
1.5167327803378339e-13
1.5219552631169198e-13
1.5400646742947007e-13
1.4925601190327215e-13
1.5745376536773042e-13
1.5056230204844247e-13
1.5705763719149550e-13
1.5195298080222367e-13
1.5748690270111499e-13
1.5139093989665529e-13
1.6017218713529922e-13
1.5255771552207072e-13
1.5930894832119603e-13
1.5464562652220544e-13
1.5808000849159446e-13
1.5570729657359625e-13
1.5985347253860919e-13
1.5660833897671210e-13
1.5999232765362359e-13
1.5711514236322346e-13
1.5915557768854282e-13
1.5687578340359453e-13
1.6183578064694765e-13
1.5801609472367131e-13
1.6215769927943395e-13
1.5909074439835686e-13
1.6464658035073237e-13
1.6027448921112139e-13
1.6639509535884839e-13
1.6123176976824063e-13
1.6718454625912635e-13
1.6230129600908202e-13
1.6671777364069721e-13
1.6148433415696199e-13
1.6977936971770362e-13
1.6323645692310827e-13
1.7170714781757165e-13
1.6320161268259992e-13
1.6888622632419614e-13
1.6706542852198099e-13
1.6917472709667104e-13
1.6539627186682932e-13
1.7399380909215467e-13
1.6862028249502072e-13
1.7048013064493755e-13
1.6672747916363799e-13
1.7453610413402474e-13
1.6993909584421491e-13
1.7214238971711536e-13
1.7030563410319242e-13
1.7598490729779002e-13
1.7313129046568867e-13
1.7180293057557803e-13
1.7348338990893679e-13
1.7350389150402242e-13
1.7544065357495203e-13
1.7282972861158483e-13
1.7758881597499040e-13
1.7389051583092130e-13
1.7862056928568411e-13
1.7590660931122431e-13
1.7703651401159434e-13
1.7367665285399988e-13
1.7869950781453721e-13
1.7478857228947251e-13
1.8489216738368481e-13
1.7735528373351845e-13
1.8607575166010143e-13
1.7624873231131984e-13
1.8604113430700923e-13
1.8010612057309444e-13
1.8692012648580485e-13
1.8118193669391350e-13
1.8777961742248653e-13
1.8113534572936928e-13
1.9003380064442779e-13
1.8198976090918732e-13
1.8829916633560190e-13
1.8332165472662628e-13
1.9131209432748270e-13
1.8199238087672299e-13
1.9304256697464510e-13
1.8472577983365164e-13
1.9183642173745330e-13
1.8468156397938796e-13
1.9326436357036762e-13
1.8770537345139334e-13
1.9519766076737696e-13
1.8586680088891055e-13
1.9636664389202736e-13
1.8689975588462379e-13
1.9514811361059827e-13
1.8739148793956036e-13
1.9808829877523540e-13
1.9091160883811009e-13
1.9763240968617242e-13
1.9326338900880721e-13
2.0021334053136536e-13
1.9082944283701701e-13
1.9982896920156592e-13
1.9321501918038513e-13
2.0036343962239407e-13
1.9135921131743771e-13
2.0225075820314506e-13
1.9406874311187722e-13
2.0542381914122089e-13
1.9244614723881722e-13
2.0564982788023528e-13
1.9286031622902832e-13
2.0677139574701202e-13
1.9629401911795198e-13
2.0661368783681384e-13
1.9481335558506768e-13
2.0613184051650338e-13
2.0023046539476370e-13
2.1159063115910454e-13
1.9685816005789412e-13
2.0994577259098012e-13
1.9881348263404114e-13
2.1032946981291597e-13
1.9876555901801838e-13
2.1066774358229684e-13
2.0233547967892811e-13
2.1190687621556553e-13
2.0158697983412779e-13
2.1250470345544224e-13
2.0333350260850881e-13
2.1332293281947226e-13
2.0394056331969932e-13
2.1247582920125029e-13
2.0290051390997673e-13
2.1331693761641976e-13
2.0419288955213467e-13
2.1251715890772900e-13
2.0534899998659439e-13
2.1570214740666494e-13
2.0895105917447947e-13
2.1527063339028981e-13
2.0744675923491414e-13
2.1948753096365018e-13
2.0827665794150815e-13
2.1585328094674085e-13
2.1002507851421771e-13
2.1562632502596257e-13
2.1147728370329781e-13
2.1503380968800970e-13
2.1228028269446633e-13
2.1520532845053940e-13
2.1150986852578715e-13
2.1709626834449603e-13
2.1255295636459501e-13
2.1673144503933951e-13
2.1597774571990169e-13
2.1619149156816204e-13
2.1291829546761632e-13
2.1489483444430141e-13
2.1704507537461152e-13
2.1392270997279696e-13
2.1481504624264423e-13
2.1639363234381297e-13
2.1716541405351885e-13
2.1610505013686431e-13
2.1700831642606721e-13
2.2034346230604766e-13
2.1725555839960503e-13
2.2170682823467467e-13
2.1831135520736409e-13
2.2218917531372336e-13
2.2032559581265108e-13
2.2444310291956111e-13
2.2446309178068713e-13
2.2560314824493435e-13
2.2257127267085623e-13
2.3037764094103002e-13
2.2547906862841718e-13
2.2664444130338703e-13
2.2750980619154184e-13
2.2908608537347839e-13
2.2642657715923394e-13
2.2711422253529106e-13
2.2840178356841013e-13
2.2728562024785125e-13
2.3282550915434413e-13
2.2536722106502578e-13
2.3372112219318371e-13
2.2547493943781033e-13
2.3562027065991148e-13
2.3112779350472836e-13
2.3666474821425230e-13
2.3044323285509301e-13
2.3694165709428034e-13
2.3505838722605437e-13
2.3674789215813839e-13
2.3398858070275407e-13
2.4182908113290781e-13
2.3722599534844146e-13
2.3729021386843029e-13
2.4099314508971115e-13
2.4029148118258112e-13
2.4722001168400575e-13
2.3800291603700745e-13
2.4233003764608009e-13
2.4157644526093221e-13
2.4787198731511374e-13
2.3650439323630692e-13
2.4476423774455741e-13
2.4141688505505824e-13
2.4917302734675897e-13
2.3812368402369624e-13
2.4677758768038107e-13
2.4259672815471875e-13
2.5094336409723564e-13
2.3866900439967327e-13
2.4874025355672310e-13
2.4473180904884920e-13
2.5194486913723374e-13
2.3889186026144637e-13
2.5024960107446308e-13
2.4466884348923131e-13
2.5598817695434174e-13
2.4276653749616248e-13
2.5021190288847788e-13
2.4509701619628658e-13
2.5460606750528934e-13
2.4252965534633737e-13
2.5247239319762617e-13
2.4583980845265725e-13
2.5531569652897487e-13
2.4631396410279830e-13
2.5660818930372586e-13
2.4684892089104209e-13
2.6011808144561025e-13
2.5202887858958596e-13
2.5937619611614153e-13
2.5307362563153556e-13
2.5679422598798669e-13
2.5744628588315514e-13
2.6129058205699882e-13
2.5605029339819088e-13
2.6093262094189516e-13
2.5965670501292907e-13
2.5813834386287254e-13
2.6594497157544088e-13
2.6562894988493975e-13
2.6037578863319229e-13
2.6469678398780605e-13
2.6224692728225382e-13
2.6281640164307138e-13
2.6524447663255024e-13
2.6644686129901912e-13
2.6825611834089420e-13
2.6306880933885571e-13
2.6556250452390839e-13
2.6392882559934809e-13
2.7138722373636941e-13
2.6260798600053080e-13
2.7480908253201594e-13
2.6751614203339904e-13
2.7629052616872768e-13
2.6204811149086055e-13
2.7645696502582713e-13
2.6203820574590797e-13
2.8166850563104140e-13
2.6236960422089667e-13
2.7648922113468266e-13
2.6314565153824267e-13
2.7815087340653039e-13
2.6199636250267497e-13
2.7547097031296619e-13
2.6628156453874913e-13
2.7448395386933049e-13
2.6733149236295447e-13
2.6900263492523881e-13
2.6601267402464957e-13
2.7675136682457520e-13
2.7057069053946741e-13
2.7202806038189605e-13
2.7372001502206776e-13
2.7262890022430210e-13
2.6715284345611092e-13
2.7434967012241345e-13
2.7195626304151461e-13
2.7729641969442679e-13
2.7186445613351557e-13
2.7185410848000486e-13
2.6799712376464668e-13
2.8077876632490333e-13
2.6808622533658336e-13
2.8390937620369788e-13
2.7277645055615264e-13
2.8216632777919655e-13
2.7262654968407799e-13
2.8323854347010643e-13
2.7353092781002572e-13
2.8724242272985388e-13
2.7396827069318645e-13
2.8186838508889167e-13
2.7335159497609589e-13
2.8271042554144505e-13
2.7829347135136741e-13
2.8480300742681747e-13
2.7711435311284801e-13
2.8712770860567381e-13
2.7734178533571957e-13
2.8336395092656868e-13
2.8442200593158763e-13
2.8631550431515257e-13
2.8354198371424213e-13
2.8315651540813543e-13
2.8509851190589299e-13
2.7936778819459214e-13
2.9131588677392007e-13
2.8406939973197049e-13
2.9032630559969748e-13
2.8609824146742419e-13
2.8431700902599802e-13
2.8262568378333237e-13
2.9546677063691960e-13
2.8278355034790221e-13
2.9600370658628579e-13
2.8711906682943577e-13
2.9416748120052038e-13
2.8391325430471587e-13
2.9388583086011181e-13
2.8490315281418752e-13
2.9825699751877680e-13
2.8678914369437583e-13
2.9584486317008209e-13
2.8988850538672044e-13
2.9531634089410911e-13
2.8981407461742229e-13
3.0102096271842775e-13
2.9027904366076648e-13
3.0015020618093174e-13
2.8890624012297046e-13
3.0126366981098976e-13
2.9218012837868701e-13
3.0525926360591345e-13
2.9271317201770419e-13
3.0247025073127463e-13
2.9159343812731955e-13
2.9871109684334158e-13
3.0001007940174837e-13
3.0230947428271228e-13
2.9328079614233194e-13
3.0187351006785117e-13
2.9704209080790522e-13
2.9878947189741519e-13
3.0299247531819864e-13
3.0638548484570211e-13
2.9875780940217067e-13
3.0637090810857134e-13
2.9584130980424815e-13
3.0479278061964263e-13
2.9993222775399181e-13
3.0158442431163128e-13
3.0089218367236883e-13
3.0404278734702488e-13
2.9892463395503843e-13
3.0167689188238855e-13
2.9892458075914078e-13
2.9950924463393162e-13
3.0280973352391339e-13
3.0127707963289849e-13
3.0197859176560198e-13
3.0263026569677119e-13
3.0489373679407694e-13
3.0279243052129958e-13
3.1076204263617475e-13
3.0294392227346696e-13
3.0664566525988991e-13
3.0470476848115098e-13
3.0768741584587580e-13
3.0991521085951224e-13
3.0928241051965383e-13
3.0693924534691708e-13
3.1332277173054319e-13
3.0757165203191088e-13
3.0942095851302631e-13
3.0996884449198069e-13
3.1617041885677804e-13
3.1217072984325415e-13
3.1515964638075877e-13
3.1037241113742088e-13
3.1401797954892584e-13
3.1394695414557290e-13
3.1292547667234314e-13
3.1136037898174789e-13
3.1803272457942876e-13
3.1265561111065898e-13
3.1057034360361827e-13
3.1275839500532115e-13
3.1947006729196092e-13
3.1608196444399129e-13
3.1753920137431870e-13
3.1370187823620398e-13
3.1697797713069646e-13
3.1828900268976969e-13
3.1930989088002070e-13
3.1997384636602295e-13
3.1575659564940789e-13
3.2306040883276142e-13
3.2020215976790481e-13
3.2357901652327186e-13
3.1738351153194990e-13
3.2394747742353747e-13
3.1896374324254012e-13
3.2275669144184912e-13
3.2010765852917945e-13
3.2251930956621537e-13
3.2242344204394799e-13
3.2035164455779315e-13
3.2306929264600181e-13
3.2215985971317392e-13
3.2493698731475840e-13
3.2304510875256787e-13
3.2425679773614752e-13
3.2440140743086128e-13
3.2573576689906823e-13
3.2571497991823011e-13
3.2712969138356856e-13
3.2680635259949743e-13
3.2686797805895878e-13
3.2666226127723302e-13
3.3060005587413270e-13
3.3015115232124603e-13
3.3059118384476787e-13
3.3279973769147929e-13
3.3128458184941852e-13
3.3786500734202224e-13
3.3189585480667905e-13
3.3369609809517350e-13
3.3491594201086324e-13
3.3794561437393747e-13
3.3460260912183083e-13
3.3494841883420021e-13
3.3764475209139918e-13
3.4011221108758781e-13
3.3467506938160523e-13
3.4039242491558715e-13
3.3756617214971439e-13
3.4636684618227523e-13
3.3367677497109861e-13
3.4100225434027852e-13
3.3803105752112233e-13
3.4547071980659974e-13
3.4046341329423010e-13
3.4309043140124460e-13
3.3819436922608237e-13
3.4776526857969524e-13
3.4268127446376244e-13
3.4271039038637206e-13
3.3759063271220005e-13
3.5016508060453972e-13
3.4348904150805866e-13
3.4532895617390646e-13
3.4220135529341386e-13
3.5283041358870626e-13
3.4180860603955795e-13
3.4572326822885070e-13
3.4792308384593299e-13
3.5277416382300006e-13
3.4249657013697700e-13
3.4736433096968904e-13
3.5240540236238439e-13
3.5041110632354370e-13
3.4761435756814508e-13
3.4858480601859861e-13
3.5209068633311656e-13
3.5216295642136081e-13
3.4800920016215319e-13
3.5187182304620766e-13
3.5046738665222997e-13
3.5506654017125311e-13
3.5187050202155851e-13
3.5593669442458488e-13
3.5307417166070414e-13
3.5626731000228949e-13
3.5159080804350572e-13
3.5205261193221543e-13
3.5718411784083334e-13
3.5685660355592188e-13
3.5611685355031816e-13
3.5580857461369021e-13
3.5927426270435211e-13
3.5967103288128586e-13
3.5646424575765192e-13
3.6090714130089773e-13
3.5979177406413474e-13
3.6126475761790676e-13
3.6234545086336004e-13
3.6447836541758683e-13
3.6257392570524703e-13
3.6463390896850557e-13
3.6138606087012874e-13
3.6732230535469893e-13
3.5885735384295676e-13
3.6622005294476703e-13
3.6224564530068709e-13
3.6828455157736368e-13
3.5967087198642096e-13
3.6887682434871278e-13
3.6144812998045560e-13
3.7459435205014797e-13
3.6041470928569309e-13
3.7291032928502474e-13
3.6440016710674057e-13
3.7254318706331661e-13
3.6308364148703442e-13
3.7286408467460808e-13
3.6548754090942410e-13
3.7372405044116915e-13
3.6404144861417294e-13
3.7027892897142402e-13
3.6478323817369089e-13
3.7587163404718306e-13
3.6530332925200225e-13
3.7361140504480745e-13
3.6594296630822635e-13
3.7613557043295193e-13
3.6739375991987742e-13
3.7625147902612809e-13
3.6635253936526224e-13
3.7580857036472130e-13
3.6944520971875980e-13
3.7503176227531406e-13
3.7052249735586406e-13
3.7529951182958218e-13
3.7335416325201340e-13
3.7602121992954470e-13
3.7352963473805289e-13
3.7740530336625151e-13
3.7448020389594960e-13
3.7579461927924786e-13
3.7805676105344075e-13
3.7605108869644180e-13
3.7662939636144447e-13
3.7577668123198857e-13
3.8163542443246763e-13
3.7913687917669280e-13
3.8495109176307356e-13
3.7771680119459269e-13
3.8479873501079817e-13
3.7846688000229793e-13
3.7973697394271225e-13
3.8009799617508708e-13
3.8327589948810492e-13
3.7972266032359460e-13
3.8334035991112508e-13
3.8438991458602404e-13
3.8033665905253003e-13
3.8185220107759156e-13
3.8505982971364614e-13
3.8464654060791123e-13
3.8768414443094634e-13
3.8675649117776345e-13
3.8559825492068561e-13
3.8514639575184627e-13
3.8574262471406943e-13
3.8523123083436382e-13
3.8937002527574548e-13
3.8889645963870932e-13
3.9140875654154687e-13
3.8762757502206488e-13
3.9093987930885800e-13
3.8690644927274748e-13
3.9870627233638325e-13
3.8870934851478771e-13
3.9304808946008967e-13
3.9258717388724869e-13
3.9561949392145065e-13
3.8813005102209879e-13
3.9463753222094420e-13
3.9512635314941780e-13
3.9578797443955042e-13
3.9248589768685448e-13
3.9403922871809493e-13
3.9298415723047578e-13
3.9875004402158097e-13
3.9261768064382628e-13
4.0077882462754155e-13
3.9194344431652175e-13
3.9864323800451828e-13
3.9783019504819882e-13
3.9906413463852809e-13
3.9626487661329422e-13
4.0200310649999603e-13
3.9818629475867696e-13
4.0105861006933519e-13
3.9809536787764519e-13
4.0267391241015713e-13
4.0269385478608987e-13
4.0644676174311570e-13
3.9850698000919481e-13
4.0702406659589718e-13
4.0116708680183173e-13
4.0431912457036887e-13
4.0482591116858456e-13
4.1123970952002924e-13
4.0275509036731096e-13
4.0578935016065268e-13
4.0636672595823315e-13
4.0302941294674434e-13
4.1032224961068742e-13
4.0634082411966358e-13
4.0870740180709191e-13
4.0860429985233135e-13
4.0613439400197643e-13
4.0732597984723269e-13
4.1095461613174735e-13
4.0706738059945552e-13
4.1250897107942490e-13
4.0694342156032693e-13
4.0840598778215879e-13
4.0944192869792130e-13
4.1619038946803462e-13
4.0717385560353197e-13
4.1352359399640409e-13
4.1076612672451376e-13
4.1090417510819277e-13
4.1457538432016914e-13
4.1714589238437883e-13
4.1069914614199895e-13
4.2225598879923010e-13
4.1435947046890838e-13
4.1814864568641135e-13
4.1091397484236801e-13
4.2408047610789627e-13
4.1309337081674664e-13
4.3030595991521452e-13
4.1702262904066322e-13
4.2600005703547533e-13
4.1677575326490388e-13
4.2782515626488898e-13
4.1644428326765991e-13
4.2963349940851326e-13
4.2130415163090906e-13
4.3133830772138365e-13
4.2098461808552979e-13
4.3025650287468954e-13
4.1830465960496601e-13
4.3888803521734607e-13
4.1855453003502795e-13
4.3508072024641144e-13
4.2210823996048488e-13
4.3088819247204444e-13
4.2471722047588180e-13
4.3153190134381238e-13
4.2986787961671164e-13
4.3503589959790665e-13
4.2297136851090527e-13
4.3074605500358099e-13
4.3132716264702360e-13
4.3228547871489548e-13
4.3236844804875204e-13
4.3586424582723474e-13
4.2929692501730742e-13
4.2784849032597585e-13
4.3647564913155157e-13
4.3136291059221228e-13
4.3804136685655026e-13
4.3273276545409955e-13
4.3403479409347101e-13
4.3020199810132284e-13
4.3809300902284398e-13
4.3410083202627812e-13
4.4537042018250233e-13
4.3512200531901505e-13
4.3983705153490101e-13
4.3172334211790829e-13
4.4136998729647743e-13
4.3238371053115358e-13
4.4716402723240228e-13
4.3252255538092072e-13
4.4673410463275815e-13
4.3386912242217664e-13
4.4346893889915861e-13
4.3859825729343485e-13
4.4890833778995336e-13
4.3529044667239569e-13
4.4523542843430695e-13
4.3831480146080795e-13
4.4182912936081672e-13
4.3648615064267050e-13
4.4938315506169487e-13
4.3895660398899034e-13
4.4857467159784441e-13
4.3947325011920383e-13
4.5057633288962615e-13
4.3991242381233300e-13
4.5022162278640011e-13
4.4030149834792928e-13
4.5295359713461421e-13
4.4052875579262822e-13
4.4733452349078056e-13
4.4337095330815493e-13
4.4725774550156354e-13
4.4949437252900728e-13
4.4908266667285029e-13
4.4327567245172652e-13
4.5103127179609162e-13
4.5093812160205016e-13
4.4776545933612021e-13
4.5113276128131617e-13
4.5298698793317693e-13
4.5427814137617667e-13
4.4611282283972667e-13
4.4978943045151951e-13
4.4698843730137710e-13
4.5847028155741081e-13
4.4745503573235719e-13
4.5066840786197334e-13
4.5394681723292347e-13
4.4969698459270720e-13
4.5082305977141549e-13
4.5119886776573084e-13
4.5263570592592410e-13
4.5861712722032975e-13
4.5210799594666272e-13
4.5484112762003497e-13
4.4974931022449423e-13
4.6325008780864764e-13
4.5252118227231966e-13
4.5612133156753703e-13
4.5214807710485219e-13
4.5971917596043536e-13
4.5911739963047683e-13
4.5749073536931807e-13
4.5466524210002196e-13
4.6034329580901695e-13
4.5780985962551664e-13
4.5548840626219475e-13
4.5769237237251390e-13
4.6170027322638805e-13
4.5937420485754897e-13
4.6215915740863713e-13
4.5684684206878450e-13
4.6212010229235821e-13
4.6486988054402553e-13
4.6131557194043660e-13
4.6472911476096529e-13
4.6274532627509210e-13
4.7288128753626219e-13
4.6227114802167485e-13
4.7274731974890354e-13
4.6364802199966185e-13
4.7236391664053006e-13
4.6366162386665027e-13
4.6717145592745414e-13
4.6475578505508970e-13
4.6881916855271595e-13
4.6631561755038098e-13
4.7081328498719258e-13
4.6494350924439174e-13
4.6953098697511531e-13
4.7086993579546677e-13
4.7058156228151677e-13
4.7050654689664595e-13
4.6967426885526237e-13
4.7405077089216224e-13
4.6973948180505584e-13
4.6998721887250342e-13
4.7306617463533708e-13
4.7574543824036003e-13
4.7085130255446884e-13
4.7037164295012259e-13
4.7560876194743035e-13
4.7498014275098569e-13
4.7162417596351915e-13
4.8094137308161039e-13
4.7721824440727260e-13
4.8199771332394495e-13
4.7369489965584871e-13
4.8404154766133353e-13
4.7648697522270888e-13
4.8351249619190083e-13
4.7954804558329365e-13
4.7942317949348460e-13
4.7899709159022750e-13
4.7797241956703787e-13
4.8687949029545097e-13
4.8260482161388329e-13
4.8079909480675445e-13
4.8316306406259546e-13
4.8211262853860874e-13
4.7996945056265862e-13
4.8505637328171422e-13
4.8887743443422285e-13
4.8399669054992848e-13
4.8648498195066117e-13
4.8274742984571265e-13
4.8498709144265246e-13
4.8720390983630730e-13
4.8800177826930107e-13
4.8367018054167642e-13
4.8687682457498600e-13
4.8511464994385592e-13
4.8774134253029742e-13
4.8713451397610758e-13
4.8717061244137386e-13
4.8791237175856731e-13
4.8936770430330864e-13
4.9024651824917896e-13
4.8763321022136061e-13
4.9459532766305170e-13
4.8699889507459052e-13
4.9278659338939461e-13
4.8840375695756544e-13
4.9486161536820131e-13
4.9243819450673933e-13
4.9348434950078541e-13
4.9000750233621404e-13
4.9231193338435595e-13
4.9793023888952440e-13
4.9267771021123857e-13
4.9341950940347801e-13
4.9693470662467271e-13
4.9731272838991599e-13
4.9609153896961928e-13
4.9513273967310707e-13
5.0141475004697976e-13
4.9977318745389833e-13
4.9629869051080956e-13
4.9845333392941326e-13
5.0046229645420870e-13
5.0418645219840592e-13
4.9534505532290287e-13
5.0065896210628375e-13
5.0129960427425302e-13
5.0716009973500785e-13
5.0135548275611516e-13
5.0003431401891990e-13
5.0761299882429999e-13
5.0443778779210709e-13
5.0330698509382589e-13
5.0253559424128417e-13
5.0653704027942045e-13
5.1162243433239594e-13
5.0155315245562219e-13
5.0179362899516785e-13
5.0643646962445905e-13
5.1513208573047623e-13
5.0186267943683653e-13
5.0537230322741652e-13
5.1483136801520413e-13
5.1200862791173389e-13
5.0709433979813200e-13
5.1056887940457114e-13
5.1548811000324436e-13
5.1328194794225799e-13
5.0959433200067047e-13
5.1098207841163727e-13
5.0996208774738029e-13
5.1220505056108641e-13
5.0946199406930290e-13
5.1108632998213902e-13
5.1531279675701837e-13
5.0949112709026352e-13
5.1470683857794036e-13
5.1333636937878594e-13
5.1293527682478783e-13
5.1755935618412888e-13
5.1477386435850343e-13
5.1819138157347823e-13
5.1446157605540735e-13
5.2117191475923057e-13
5.1792083559864060e-13
5.2275308505813308e-13
5.1776697811222807e-13
5.2021896783462559e-13
5.2281237158711977e-13
5.2203517690179335e-13
5.2104418798323086e-13
5.1888230207117556e-13
5.1893498508866930e-13
5.3036547353786840e-13
5.1960662585754841e-13
5.2593585470353941e-13
5.1975413208548720e-13
5.3331481647474353e-13
5.2592692068430855e-13
5.3069510289338958e-13
5.2484152105860927e-13
5.3261334475284673e-13
5.2699921085647232e-13
5.2592219069094746e-13
5.2625965369329360e-13
5.3977295110497508e-13
5.2494903127238724e-13
5.3412473561886412e-13
5.2705024648443393e-13
5.3838923957768166e-13
5.2975361665109080e-13
5.4044409373188918e-13
5.2783882309312577e-13
5.4435896851530550e-13
5.3002125383974384e-13
5.3579573644821427e-13
5.3027770961046418e-13
5.4110886210203066e-13
5.3213462663294664e-13
5.3664226443808894e-13
5.3156414377684296e-13
5.3656407774056753e-13
5.3713966097057291e-13
5.3835054466734283e-13
5.3435171004912334e-13
5.3982766628466573e-13
5.3423632345535749e-13
5.3232087580924386e-13
5.4086806312623135e-13
5.3308925388915754e-13
5.3792647470378654e-13
5.3627960983272682e-13
5.4236532715860664e-13
5.3612568187532299e-13
5.4222061150945943e-13
5.3787245852537758e-13
5.4296809231902396e-13
5.3872359159413691e-13
5.4327447267013698e-13
5.3877982021868851e-13
5.4443668919396033e-13
5.4073231729179850e-13
5.4765205108004642e-13
5.4040489430045770e-13
5.4615770092799714e-13
5.4680315457996723e-13
5.4781070126896631e-13
5.4522942096151307e-13
5.4675600851656263e-13
5.5183551459671760e-13
5.4747521132636659e-13
5.4597229667601031e-13
5.5200907291785418e-13
5.5536656125303959e-13
5.4720647502438480e-13
5.5053969661646589e-13
5.5729065567741675e-13
5.4889788127816433e-13
5.4707867911241785e-13
5.5280160375040998e-13
5.5937459665853010e-13
5.5352529997690900e-13
5.5458373507383048e-13
5.5001691923964503e-13
5.5284989834075885e-13
5.5481130205535841e-13
5.5185471359284959e-13
5.5698558442067851e-13
5.5898544648774732e-13
5.5879531869923394e-13
5.5513962666812581e-13
5.6036136039280306e-13
5.5602131358628852e-13
5.6888848288499957e-13
5.5647621941624259e-13
5.6350998533426888e-13
5.5410118892089516e-13
5.7076639856895446e-13
5.5551098585439767e-13
5.6729695955067084e-13
5.6329438869456081e-13
5.6552221412093479e-13
5.5745930945651458e-13
5.6626225366417044e-13
5.6179396700676093e-13
5.6976483954553592e-13
5.5941022267978712e-13
5.6833195325504000e-13
5.6129099068983078e-13
5.7184933063193225e-13
5.5603570832395310e-13
5.7114760523376517e-13
5.6360282241710860e-13
5.7375625571895048e-13
5.6241027087089834e-13
5.6892178241100583e-13
5.6772044543592877e-13
5.7315218147718657e-13
5.6674016566620531e-13
5.7612519112313816e-13
5.6602447138808153e-13
5.8088876869525932e-13
5.6422808729938499e-13
5.7637527863680711e-13
5.6767836509772600e-13
5.8140175616506478e-13
5.6747271923823403e-13
5.7763333982024994e-13
5.7450330128795274e-13
5.7696376942307334e-13
5.7392432737620749e-13
5.8395708957813135e-13
5.7209752850418319e-13
5.8975398770196017e-13
5.7091167473047472e-13
5.8607746141658667e-13
5.7069248848762597e-13
5.9269987085125384e-13
5.7155145463694647e-13
5.9055002403699229e-13
5.7862592750504247e-13
5.8949269215545214e-13
5.7861702705811322e-13
5.8929513706575446e-13
5.7902469461039645e-13
5.8837557910497611e-13
5.7612970033679097e-13
5.8878393730291129e-13
5.7407434677102251e-13
5.9161522835944515e-13
5.7735731749908263e-13
5.9152933283306589e-13
5.7762884629685939e-13
5.8718539538848819e-13
5.8351166935273422e-13
5.8603453758827121e-13
5.7972171862177727e-13
5.8577031745397925e-13
5.8762027224348234e-13
5.8577174914460057e-13
5.8166513236205952e-13
5.9205956991470722e-13
5.8528309990793383e-13
5.8806912075026674e-13
5.8709673170903104e-13
5.9447444641605303e-13
5.9009414167390291e-13
5.8834615471582040e-13
5.9014209736368274e-13
5.8574821824900026e-13
5.9738728530877977e-13
5.8979457067009195e-13
5.8882830747647535e-13
5.9342861944287618e-13
5.8991674783761489e-13
5.8988317440859567e-13
5.9308668101068172e-13
5.9972378582581578e-13
5.9565951629522666e-13
5.9205104816776373e-13
5.9157857951186925e-13
5.9169367252343859e-13
6.0476978219458203e-13
5.9366340100543880e-13
5.9646101663641444e-13
5.9903851389242365e-13
6.0128482045615937e-13
5.9675062961263739e-13
5.9948443255676363e-13
6.0315070479364202e-13
5.9741333534511421e-13
5.9698033681599720e-13
6.0129479024816096e-13
5.9927167828777605e-13
6.0714026153698297e-13
5.9661968855968830e-13
6.0593797202500614e-13
6.0298677556161393e-13
6.0750351292452853e-13
5.9972936866584947e-13
6.0524666928072731e-13
6.0783305507315543e-13
6.0146121108627032e-13
6.0100941653982919e-13
6.0631241237087243e-13
6.0545803177247088e-13
6.1007328384506432e-13
6.0272447143343705e-13
6.0732397898096558e-13
6.0311397053731497e-13
6.0999191648279246e-13
6.0390867014270491e-13
6.0666578540736207e-13
6.1033811815606940e-13
6.0655232723333606e-13
6.0720133347369033e-13
6.0527417214492532e-13
6.1049478401798553e-13
6.1362263683296534e-13
6.1028383841275068e-13
6.1101912510637930e-13
6.0971183055195214e-13
6.1952029761081193e-13
6.0895329569870295e-13
6.0988441664237434e-13
6.1744913047615069e-13
6.2372547668464523e-13
6.1281399030930092e-13
6.1478064773064221e-13
6.2222660789234007e-13
6.1532185572181389e-13
6.1199695464738863e-13
6.1759872251779444e-13
6.2020388744470314e-13
6.2480558292526785e-13
6.1373395867127470e-13
6.1846713832499407e-13
6.1948357528104637e-13
6.2589431693135319e-13
6.1775847535404190e-13
6.2157885309120122e-13
6.2805770593750944e-13
6.1972752907100413e-13
6.1743865011116277e-13
6.2436318134045319e-13
6.2576538928932700e-13
6.3234710705146135e-13
6.2111213886842622e-13
6.2643318684760129e-13
6.2158553043997543e-13
6.3462897816084555e-13
6.1807206556629016e-13
6.3083600549040079e-13
6.3230614651077068e-13
6.3005770099593134e-13
6.2120332591031097e-13
6.2597787002876751e-13
6.2642549994870765e-13
6.3603001479955218e-13
6.2069012270180188e-13
6.3290122557878657e-13
6.2696097067373114e-13
6.3807003164269152e-13
6.2344591732722128e-13
6.3461418000547420e-13
6.3027792770504300e-13
6.3568217177527952e-13
6.3137865939414078e-13
6.3407236838027268e-13
6.3304396540031360e-13
6.4084377532329028e-13
6.3026167662549436e-13
6.3918380553445715e-13
6.3375437105172628e-13
6.4421932046973249e-13
6.2907166234751131e-13
6.3692628164942632e-13
6.3313568189476699e-13
6.4294301931261884e-13
6.3397813905140544e-13
6.3511623932631632e-13
6.3805390115277506e-13
6.3975996758485863e-13
6.3561508525191238e-13
6.4190039604698458e-13
6.3853150169583583e-13
6.4723003218418052e-13
6.3551689498785663e-13
6.3992851480041062e-13
6.3674058187457862e-13
6.5172705140177781e-13
6.3744353671910028e-13
6.4348875004225104e-13
6.4741488341392019e-13
6.4150630107841072e-13
6.3817666587989371e-13
6.4288467477649176e-13
6.4779318158374257e-13
6.4339098190547794e-13
6.4410208828012628e-13
6.4046624984860116e-13
6.4156812164719523e-13
6.5048548800025011e-13
6.4448387062650517e-13
6.4795924591925891e-13
6.4746790556935654e-13
6.4478345435909731e-13
6.4481359856313458e-13
6.5022466751596638e-13
6.5072054337767763e-13
6.5368245839079331e-13
6.4838212373842923e-13
6.5358054665819703e-13
6.4686377757062268e-13
6.5924799203449476e-13
6.4445904018731989e-13
6.5719362184419572e-13
6.5514572813781660e-13
6.5902400971332176e-13
6.4907863411603150e-13
6.5312174619797402e-13
6.5778429403960147e-13
6.5421532206324128e-13
6.5052046216009309e-13
6.5673396270314628e-13
6.6079616263076691e-13
6.5841058043792841e-13
6.4867139458579300e-13
6.5963860674584884e-13
6.5267495924313731e-13
6.6372789548942334e-13
6.5542884300761288e-13
6.5374776171284610e-13
6.5938100094730753e-13
6.5795390543903107e-13
6.5670704372547180e-13
6.5838252260285665e-13
6.6417221910068707e-13
6.6552572109599170e-13
6.5410976340977881e-13
6.5709333676077345e-13
6.5725372130211793e-13
6.7325105431796609e-13
6.5876605831654534e-13
6.5647029022641112e-13
6.6856280114169356e-13
6.6296320133498263e-13
6.6284037171273108e-13
6.6170956154122029e-13
6.6996453672401088e-13
6.6710382844748517e-13
6.5939648280597347e-13
6.6232027609805531e-13
6.6210182170151928e-13
6.7598890536897763e-13
6.5931174707157196e-13
6.6921074494887365e-13
6.7422925813408602e-13
6.7120644891759024e-13
6.6625434007539280e-13
6.6982303285335300e-13
6.7431569105532267e-13
6.7438737054578368e-13
6.6710322102840053e-13
6.7203768591906863e-13
6.6707821169585938e-13
6.8168900254914146e-13
6.6615858175627447e-13
6.7671503205064179e-13
6.6770721475141972e-13
6.8138117726631488e-13
6.7351272321482558e-13
6.7300015147703019e-13
6.7032440681844841e-13
6.7697938007656731e-13
6.7766901198894952e-13
6.7542145717484820e-13
6.7093364370435475e-13
6.8029390976109862e-13
6.7997751149734398e-13
6.7900709757667533e-13
6.7400821201274614e-13
6.8591770504628728e-13
6.7607181233777122e-13
6.7538801802808830e-13
6.7872274853094534e-13
6.7988468830320642e-13
6.8578350335236838e-13
6.8100519427432153e-13
6.7859478764524570e-13
6.7839296058799947e-13
6.8349986212084491e-13
6.8021133225982672e-13
6.8813535771810814e-13
6.8634186790873748e-13
6.8612820813163415e-13
6.8170866966864604e-13
6.8698799838217774e-13
6.8055872528751226e-13
6.9570915520686081e-13
6.8380686968499329e-13
6.8603533769123726e-13
6.8490576351264379e-13
6.9421831046022580e-13
6.8355082314765253e-13
6.8877228000288074e-13
6.9322242011551326e-13
6.8719188033509099e-13
6.8488664565498807e-13
6.8824074747351074e-13
6.9002614181640830e-13
6.9483468518526214e-13
6.8575062123849304e-13
6.9390027588822957e-13
6.8212640445813039e-13
6.9500928088846903e-13
6.8757534524184156e-13
6.9577620220511813e-13
6.9184354881226531e-13
6.9264764896083602e-13
6.9211261050593226e-13
6.9768220729525193e-13
6.9365803151893414e-13
7.0043850610501755e-13
6.9162320681085145e-13
7.0491518564395578e-13
6.8866303118430583e-13
7.0630286730164741e-13
6.9318409973524255e-13
7.0477332757778412e-13
6.9368432449862424e-13
7.0877381151119544e-13
6.9634643644432621e-13
7.0844261004226743e-13
7.0014915430250828e-13
7.0357315011299629e-13
6.9769128058627587e-13
7.1039420130916929e-13
7.0029410992318960e-13
7.1261111726840721e-13
6.9881337847763588e-13
7.1393092163915376e-13
6.9866772279336171e-13
7.1779712156336009e-13
7.0170817002648852e-13
7.1412425309842967e-13
7.0640583838910419e-13
7.0673394597121058e-13
7.0842385347281716e-13
7.1351751858774947e-13
7.0587018675928622e-13
7.1754243639301856e-13
7.0348664485133832e-13
7.1339647329188138e-13
7.0165170758079368e-13
7.2436332713769618e-13
7.0621530609457962e-13
7.1671598949110432e-13
7.1253728507804895e-13
7.1862159861396390e-13
7.1315351831114187e-13
7.2021816357991790e-13
7.1138733695375650e-13
7.2551176520332672e-13
7.1332253167369821e-13
7.2242649768388013e-13
7.0922904655771066e-13
7.3172707123759724e-13
7.1384854426697920e-13
7.2211231545604509e-13
7.1280774501291767e-13
7.2715432060209390e-13
7.2429949633676580e-13
7.2085575890537426e-13
7.1551011900011300e-13
7.2427604997470794e-13
7.2813784911770165e-13
7.2088299068440419e-13
7.1716101272187477e-13
7.3153466926059176e-13
7.2052485700750177e-13
7.1696154248513905e-13
7.1984446911720271e-13
7.2900915507594532e-13
7.2821524002228016e-13
7.1526982554055500e-13
7.2101782028346759e-13
7.1931673847660782e-13
7.3465604577587150e-13
7.1754537190739804e-13
7.1896108138357161e-13
7.2851888511562772e-13
7.2840952929644098e-13
7.2352440138039394e-13
7.2178211816564940e-13
7.3104556059529190e-13
7.3016439508346846e-13
7.2095229921959921e-13
7.2532333115501851e-13
7.2352516890223060e-13
7.3577553781475461e-13
7.2296795417880480e-13
7.2835581924305513e-13
7.2678838275862603e-13
7.3304558053820721e-13
7.2833602793195999e-13
7.3297764632057647e-13
7.3092084553935036e-13
7.3117081191459540e-13
7.2913102360697537e-13
7.3353097318061055e-13
7.2537198310520647e-13
7.4093706327414674e-13
7.2513279198918972e-13
7.3918195934499522e-13
7.2927345847291851e-13
7.4161985203925662e-13
7.2917012354651541e-13
7.3863191761350317e-13
7.3357383997275695e-13
7.3680117774915185e-13
7.3683860598658258e-13
7.4419659752443801e-13
7.3309839234252024e-13
7.4611824654157225e-13
7.3267079766217918e-13
7.4621591138604610e-13
7.3103256622962837e-13
7.5189572892018382e-13
7.3510901592567694e-13
7.4680674099239791e-13
7.3927642907837697e-13
7.4793889623706675e-13
7.4293849402036810e-13
7.5333683173997031e-13
7.4384228114824496e-13
7.5208311886667886e-13
7.4232385471345882e-13
7.5404941212973456e-13
7.4007700569974556e-13
7.6021576706260602e-13
7.4165127660056894e-13
7.5606452594092855e-13
7.4269372803827858e-13
7.5443966630856610e-13
7.5460372615288304e-13
7.5291919489515121e-13
7.4627796653063541e-13
7.5457648672079697e-13
7.5303469917312803e-13
7.5233587865481337e-13
7.4476750461697456e-13
7.6066918594530199e-13
7.4337069814461903e-13
7.5164456450882339e-13
7.4859938697456543e-13
7.5944478556835372e-13
7.4801166260888028e-13
7.5363303928889755e-13
7.5720241265066130e-13
7.5220996702425766e-13
7.5275204545128693e-13
7.5311252319129028e-13
7.5376702713760730e-13
7.5975796132616742e-13
7.4768197939725420e-13
7.5606591598150979e-13
7.5037815349581948e-13
7.5880188981168157e-13
7.6292612550193692e-13
7.5652452390530065e-13
7.5296826783105139e-13
7.5244196359926376e-13
7.6727309970063614e-13
7.4984240977797473e-13
7.5594525849204146e-13
7.6508671517126705e-13
7.6593308865212983e-13
7.5733463346450367e-13
7.5121213933325530e-13
7.7349817971747257e-13
7.5648035364514012e-13
7.5938724559105745e-13
7.6348944524725183e-13
7.7002166195691840e-13
7.6647719691954848e-13
7.5821607895913130e-13
7.6873770807966112e-13
7.6172124340736085e-13
7.6950362204027120e-13
7.6533071333832810e-13
7.6440167186885896e-13
7.7151091483087393e-13
7.6274561576897391e-13
7.7353302665998939e-13
7.6299601832714006e-13
7.7115549492894860e-13
7.7659349009259782e-13
7.6735681406783174e-13
7.6924030404705297e-13
7.6710036866527502e-13
7.7829432210761868e-13
7.6987351939939892e-13
7.7056074933782539e-13
7.7557366800857778e-13
7.6775352789205460e-13
7.7804036016078421e-13
7.7069957561241798e-13
7.7573884811979275e-13
7.7218433068205773e-13
7.7152377825014438e-13
7.8475444279216938e-13
7.7517286592736739e-13
7.7477783398414678e-13
7.7399918973342953e-13
7.8438972254043560e-13
7.7481267515954250e-13
7.7709132482176361e-13
7.7987607009277561e-13
7.7588129441580351e-13
7.7918689374594746e-13
7.7910337587299050e-13
7.7819476385126553e-13
7.8288921679305189e-13
7.7552405042429511e-13
7.8383543706692623e-13
7.7755897708751739e-13
7.8642593174899619e-13
7.7718331755883298e-13
7.8411144767696262e-13
7.8136247287713974e-13
7.8059712818330915e-13
7.8460019683361544e-13
7.8284310352440767e-13
7.8292686013802169e-13
7.8185107777406344e-13
7.8652057705032719e-13
7.8499132491491180e-13
7.8347677916874660e-13
7.8927344731189525e-13
7.7935265832903913e-13
7.8561202166530787e-13
7.8434449747862015e-13
7.8524945085315158e-13
7.9381955323386199e-13
7.8481071932868784e-13
7.9028369979347693e-13
7.8563228859115388e-13
7.9564784343497163e-13
7.8688805430182970e-13
7.8764479804039217e-13
7.9749374299292376e-13
7.8817596230861742e-13
7.9375743786779505e-13
7.9084656264884812e-13
7.9778126857821400e-13
7.9375755813744829e-13
7.8758629298373062e-13
7.9430024130038156e-13
7.8827236127518046e-13
8.0033430311204536e-13
7.9461760446808962e-13
7.9699373331458298e-13
7.9071834930646423e-13
7.9178302147280747e-13
8.0842701074426271e-13
7.9176006413433752e-13
7.9565236551442073e-13
8.0051977968289914e-13
8.0930879336324209e-13
7.9285516959484711e-13
7.9651047374870573e-13
8.0881581568904600e-13
8.0281416198768406e-13
7.9904535499773171e-13
7.9953824582247875e-13
8.0541743745688528e-13
8.0407657647421971e-13
7.9407150144220962e-13
8.0461286384999489e-13
7.9404794914520917e-13
8.0646534285706836e-13
8.0817552275655495e-13
8.0340198701580341e-13
8.0146520767684210e-13
8.0190505131332980e-13
8.1538828997211119e-13
7.9762518195149838e-13
8.0550563739054909e-13
8.1367724834877589e-13
8.1365979661552880e-13
8.0789401737814095e-13
8.0138272329838631e-13
8.1894956043558722e-13
8.0845643308200879e-13
8.0899668630866957e-13
8.0986519039717557e-13
8.1345164367796851e-13
8.2287869854062760e-13
8.0263103196850923e-13
8.1218156347144777e-13
8.0984921565860520e-13
8.2302362645369332e-13
8.1365247757023463e-13
8.0856872021444626e-13
8.2199744621024231e-13
8.1099635817775128e-13
8.2046221510529893e-13
8.1158664233752939e-13
8.1864427968499708e-13
8.2441669949249607e-13
8.1314194558279971e-13
8.1837372005155567e-13
8.0923008257336905e-13
8.2723892300853875e-13
8.2225537256169393e-13
8.1626254716047299e-13
8.1846432759865262e-13
8.1663169236499501e-13
8.3109085266166590e-13
8.1596968520437117e-13
8.1942628538371086e-13
8.2898982617486848e-13
8.2656418291600482e-13
8.2284051840547034e-13
8.1567954354902273e-13
8.3352337708747004e-13
8.1915293270996214e-13
8.2129160236897292e-13
8.2619348183055430e-13
8.2937275875671330e-13
8.2987114577026761e-13
8.1814283416816709e-13
8.2930979180526466e-13
8.2357569545228332e-13
8.3083506988610945e-13
8.3054016184650299e-13
8.2542470810598238e-13
8.3010295739395661e-13
8.2754992784132491e-13
8.3602979160615334e-13
8.2540060990813431e-13
8.2716367765464612e-13
8.3734285226338433e-13
8.2869754417587865e-13
8.3065839769284494e-13
8.2554487531903688e-13
8.3850151889559275e-13
8.3205262343882804e-13
8.2760148456934471e-13
8.3009901787105235e-13
8.2993791071549324e-13
8.4036952434783363e-13
8.2694106398966960e-13
8.3286417392702935e-13
8.3409999094052704e-13
8.3766666719744268e-13
8.3543434128479557e-13
8.3200650414150764e-13
8.4072919177061923e-13
8.3564128874215033e-13
8.3762959989611927e-13
8.3585504175143390e-13
8.3478409039995330e-13
8.4731374186596619e-13
8.3372536192538813e-13
8.3888339705834551e-13
8.3827228503645129e-13
8.4555372402055333e-13
8.3519836487563453e-13
8.3374865917409951e-13
8.4833823305054519e-13
8.3379094637974567e-13
8.4172747386379134e-13
8.3779845268449001e-13
8.4859608650852357e-13
8.4547032189556129e-13
8.3555620859922894e-13
8.4874435411709981e-13
8.3707148289728509e-13
8.4818380058196589e-13
8.4593622070452819e-13
8.4747716926067379e-13
8.4786719533787951e-13
8.3829130974423113e-13
8.5500251684616954e-13
8.4019491956551152e-13
8.4989763705911798e-13
8.5379342055809534e-13
8.4925845546472234e-13
8.4917561141197892e-13
8.4543724893006753e-13
8.6007966516728015e-13
8.4404778632185919e-13
8.5046605437304990e-13
8.6120165805474397e-13
8.5973075220122035e-13
8.5197810420954706e-13
8.4746604407697289e-13
8.6467146260749968e-13
8.5610053470078250e-13
8.5538921078311091e-13
8.5150037216176658e-13
8.5574543124407095e-13
8.6871203273696479e-13
8.4657624725319942e-13
8.5956927750155465e-13
8.5637721399767910e-13
8.6605000424938345e-13
8.5832136312802678e-13
8.5087195740326810e-13
8.6611974934567985e-13
8.5628358611900734e-13
8.6378518217965503e-13
8.5436431949277262e-13
8.6433316806161077e-13
8.6935165377551048e-13
8.5426632139775864e-13
8.6443814383483957e-13
8.5322220064215482e-13
8.7567981470552196e-13
8.6548366888002978e-13
8.6020881469042561e-13
8.6554706297128979e-13
8.6158204262258455e-13
8.7633280087651334e-13
8.6322052527400573e-13
8.7088008379176443e-13
8.7686709454585904e-13
8.7121672491718654e-13
8.6566254939032975e-13
8.6071264520564440e-13
8.8581156956541958e-13
8.6546127512998020e-13
8.6803635417780858e-13
8.7457870048316774e-13
8.8146223198892405e-13
8.7915661377032286e-13
8.6973639087652826e-13
8.7934464076233997e-13
8.7448397546954667e-13
8.7701593335509611e-13
8.7469286121594762e-13
8.7113080240789883e-13
8.8208058631474161e-13
8.7751840736246389e-13
8.8031192079742046e-13
8.7309428768894475e-13
8.7863022419699896e-13
8.9430822537749833e-13
8.7298972364396365e-13
8.7838531425924340e-13
8.7872063626180360e-13
8.9519530216143867e-13
8.7157013733423810e-13
8.7833257387436393e-13
8.8959079365547887e-13
8.8630208136804667e-13
8.8013074940786393e-13
8.8204028274362374e-13
8.8886563807120975e-13
8.8673499875036068e-13
8.7843703685747923e-13
8.8420569646737633e-13
8.7630318156385984e-13
8.9080651257438226e-13
8.8091395428150219e-13
8.8529257859385008e-13
8.8169356494814491e-13
8.8290362940902259e-13
8.9194325603819470e-13
8.8377457067244266e-13
8.8703686185691487e-13
8.8716507557484663e-13
8.9399004435580411e-13
8.8415079784811375e-13
8.8212003328838578e-13
8.9602517611058490e-13
8.7833564325057373e-13
8.8989313546723520e-13
8.8397021139986164e-13
8.9394797316759227e-13
8.9082576000025355e-13
8.8521943064032610e-13
8.9534018174885423e-13
8.8401160923913014e-13
8.9508796348096503e-13
8.8878615485493647e-13
8.9072293291044829e-13
9.0106289535723369e-13
8.8543473834189791e-13
8.9119207914603718e-13
8.8373527840382543e-13
9.0451281027816961e-13
8.9610343750128182e-13
8.8983906954811210e-13
8.9780014512756274e-13
8.9436383565736899e-13
9.0613565681383641e-13
8.9266441371315334e-13
8.9921949484182519e-13
9.0553533536410761e-13
8.9938749436017105e-13
8.9825676018995476e-13
8.8873917700723932e-13
9.1259054227786222e-13
8.9659076164230292e-13
8.9735561727287527e-13
9.0038492434025224e-13
9.0473976601802389e-13
9.1183956746235043e-13
8.9935336745556920e-13
9.0391952139341698e-13
9.0802422977025014e-13
9.1045201552227822e-13
8.9931101016894507e-13
8.9623591476600928e-13
9.1885449208727007e-13
8.9672423935633502e-13
9.0274970534257953e-13
8.9982447681046719e-13
9.1538042907562947e-13
9.1284635468956498e-13
9.0291307077794595e-13
9.1055310601133312e-13
9.0369070843074179e-13
9.1598454058558674e-13
9.0628486174210165e-13
9.0782319896310759e-13
9.1667564214099012e-13
9.0323031230253563e-13
9.1421746237282610e-13
9.0406528579142705e-13
9.1864221190103750e-13
9.1866777636064939e-13
9.0776047735719447e-13
9.1367074645749877e-13
9.0611174309835905e-13
9.2578278191947781e-13
9.0523342568389654e-13
9.1330926611686949e-13
9.2219862597941422e-13
9.1949403152878355e-13
9.1994961120308067e-13
9.0978089391279797e-13
9.2542408265896731e-13
9.2024965630180304e-13
9.2076808091873943e-13
9.1473186769573564e-13
9.1341753282190100e-13
9.3331667794493141e-13
9.0587128752255278e-13
9.1840378426859427e-13
9.1868374511379992e-13
9.3154978498081971e-13
9.2545109538856147e-13
9.1960056265329414e-13
9.2909861490584629e-13
9.1869700496131662e-13
9.2651968015217400e-13
9.1948227591086796e-13
9.2628081656164607e-13
9.3374280627720489e-13
9.1343443719313156e-13
9.2404357701487143e-13
9.1478243700742935e-13
9.3629611391128335e-13
9.2925017875914411e-13
9.2082497712876279e-13
9.2340054807301713e-13
9.1827579300285678e-13
9.4075302755747215e-13
9.2284076545089572e-13
9.2332828080803300e-13
9.3639271920418432e-13
9.3269428074629485e-13
9.2752452242050477e-13
9.2477955300302445e-13
9.4495106537733679e-13
9.2495764333938680e-13
9.2575777126619680e-13
9.2664016049187373e-13
9.3268002747855566e-13
9.4110386881718228e-13
9.2855856786727289e-13
9.3259788130354366e-13
9.3664395244839281e-13
9.4047964857059883e-13
9.3295247854360720e-13
9.3155288985117391e-13
9.4864829457466780e-13
9.3178830391734950e-13
9.3734854779748582e-13
9.3545652692506108e-13
9.4194456519816636e-13
9.4889302070092217e-13
9.3024870644853653e-13
9.4236595320524514e-13
9.3174242338569485e-13
9.5262494066432698e-13
9.3806446483290509e-13
9.3782132397957547e-13
9.5122049951855256e-13
9.3828079677334854e-13
9.4925340173638212e-13
9.3728664750702467e-13
9.5321847538908970e-13
9.5348669653956637e-13
9.4257138417259034e-13
9.4454098208225628e-13
9.3806726805880144e-13
9.6292431772008579e-13
9.3798807361648875e-13
9.4569308143428674e-13
9.5471045599175460e-13
9.5352223857166422e-13
9.5126503690902874e-13
9.4192227723735371e-13
9.6117432025303029e-13
9.5074103563985583e-13
9.5117335977979616e-13
9.5239499612423838e-13
9.5150828604565278e-13
9.6668924235964748e-13
9.4225246764688272e-13
9.5567556684730313e-13
9.5023685998480872e-13
9.6599281096510621e-13
9.6360184046185963e-13
9.4597924236457056e-13
9.6253341891904483e-13
9.5164787571548525e-13
9.6702868886358606e-13
9.5201374260644728e-13
9.5804832629207347e-13
9.7067356178623136e-13
9.5201472347354218e-13
9.6246940205804606e-13
9.4791296516389320e-13
9.7138058007187143e-13
9.6515352767072527e-13
9.5985170182551245e-13
9.6446286662143321e-13
9.5309739089143542e-13
9.7754111405308484e-13
9.5123585304240192e-13
9.6180187064509266e-13
9.6959646002934036e-13
9.6808226536689385e-13
9.7065012546144357e-13
9.5177808899218123e-13
9.7812303065180767e-13
9.6164619012733451e-13
9.6757171506710723e-13
9.7060369902561904e-13
9.6649506304669343e-13
9.7798876888004149e-13
9.5440029889895700e-13
9.7631530951279852e-13
9.6675801603424254e-13
9.7386792025627588e-13
9.7163189537238033e-13
9.6202200369461182e-13
9.8081127844279444e-13
9.6260572779278291e-13
9.7752547118025763e-13
9.6390221604929835e-13
9.7420764378132906e-13
9.7966962246456701e-13
9.6381404399846359e-13
9.7430804764395758e-13
9.6612505951814760e-13
9.8204097729021601e-13
9.6862263732616351e-13
9.6955583544368694e-13
9.8520468735239528e-13
9.6564176268407588e-13
9.7790258074024245e-13
9.6913930685900693e-13
9.8598136503743306e-13
9.8258508311711279e-13
9.7398709892666219e-13
9.8184827736421458e-13
9.7071654524221035e-13
9.9053810639034409e-13
9.7512529333319065e-13
9.7837126105267881e-13
9.8819563739398808e-13
9.8077835565408367e-13
9.8118562280694193e-13
9.7439873028724340e-13
9.9404396309236990e-13
9.8164078093368126e-13
9.7845936560490512e-13
9.8040356259418447e-13
9.8238112756458680e-13
9.9646871946264312e-13
9.8032709766283336e-13
9.8273786327601889e-13
9.8752175543055545e-13
9.9002914665487462e-13
9.8198082488218724e-13
9.7786752355178541e-13
9.9915204495323599e-13
9.7683809385675539e-13
9.8465857065052091e-13
9.8111855310678934e-13
9.9367341806366133e-13
9.9499535164243965e-13
9.8255004249207671e-13
9.9047914248394145e-13
9.8372801103368863e-13
9.9718637954956430e-13
9.8514405118877375e-13
9.8481610304450025e-13
1.0003481101304666e-12
9.8458704638071128e-13
9.9445604424527371e-13
9.8105091289220464e-13
9.9977679332037759e-13
9.9751737992709877e-13
9.8615106853910106e-13
9.9624210877939069e-13
9.8477236721303037e-13
1.0095133510360887e-12
9.8801868627041613e-13
9.9739709659136491e-13
1.0011355982238195e-12
9.9519340177219515e-13
1.0058213277052845e-12
9.8331419237428452e-13
1.0099030070160267e-12
1.0005984989450652e-12
1.0035640217764522e-12
1.0053332271316167e-12
9.9852284151953181e-13
1.0151398346319501e-12
9.8840493829611906e-13
1.0099978735439280e-12
1.0074019853836480e-12
1.0097140379056847e-12
1.0137415170545150e-12
9.9500526697147072e-13
1.0181743942242641e-12
9.9946640595505733e-13
1.0154696335341241e-12
1.0040904785853294e-12
1.0081958463588375e-12
1.0205095455377514e-12
1.0013306972488618e-12
1.0170262185814846e-12
9.9751502301292227e-13
1.0195996405672915e-12
1.0156304492145058e-12
1.0073864721073268e-12
1.0164657143527783e-12
1.0035515741837242e-12
1.0222873514808865e-12
1.0002573932574654e-12
1.0104028221286219e-12
1.0215340067544542e-12
1.0101610520525695e-12
1.0160480446873751e-12
9.9941310220195504e-13
1.0264521990912587e-12
1.0150456029639989e-12
1.0107123448922469e-12
1.0127606022659187e-12
1.0112267533920044e-12
1.0298699237282996e-12
1.0039628404562420e-12
1.0156718016566680e-12
1.0208349929999839e-12
1.0250095824833914e-12
1.0191705755506677e-12
1.0071218884867254e-12
1.0312223422369256e-12
1.0138913542012241e-12
1.0216623664181919e-12
1.0112711242502028e-12
1.0246001348914805e-12
1.0336553549820260e-12
1.0085174088095207e-12
1.0220466939021737e-12
1.0124956928262528e-12
1.0346432324628352e-12
1.0215696961179637e-12
1.0154544460446326e-12
1.0302360159428297e-12
1.0172223846622842e-12
1.0298352433518865e-12
1.0166741813740597e-12
1.0282847071502666e-12
1.0354211444972287e-12
1.0188550117261094e-12
1.0257793156350278e-12
1.0131709710217091e-12
1.0436632010622316e-12
1.0187319511821764e-12
1.0237658164936886e-12
1.0369451938888369e-12
1.0292882487179187e-12
1.0269755125018308e-12
1.0224694639106631e-12
1.0441834924931529e-12
1.0269380290514122e-12
1.0267384456857481e-12
1.0314623849216725e-12
1.0314449008375885e-12
1.0416112005956047e-12
1.0292656852979413e-12
1.0332502686905694e-12
1.0314761695243123e-12
1.0346092411490967e-12
1.0321504797606222e-12
1.0284106713291728e-12
1.0421734675620666e-12
1.0285021367200575e-12
1.0322387637746790e-12
1.0277516718745807e-12
1.0393929681540200e-12
1.0465558669962179e-12
1.0318162799103853e-12
1.0378433786682900e-12
1.0348048573352094e-12
1.0458481978228019e-12
1.0355973724528617e-12
1.0312172269916838e-12
1.0539873154491781e-12
1.0264645820324297e-12
1.0372988164703560e-12
1.0288244276130583e-12
1.0526501837359292e-12
1.0410794541440843e-12
1.0403621641980637e-12
1.0451272189957866e-12
1.0356153505085116e-12
1.0509259769884171e-12
1.0421687071119836e-12
1.0467867690284254e-12
1.0545111811261751e-12
1.0433909893173580e-12
1.0458938140479537e-12
1.0370511941216307e-12
1.0614195578506483e-12
1.0437640955413969e-12
1.0431487936474560e-12
1.0467932411378013e-12
1.0500272649814677e-12
1.0601054336886912e-12
1.0456749954962346e-12
1.0551296955433403e-12
1.0495030397966943e-12
1.0543098509577842e-12
1.0509810560547761e-12
1.0452998149868932e-12
1.0675950801582710e-12
1.0451413901881863e-12
1.0552126833640624e-12
1.0465652307778920e-12
1.0575099626343714e-12
1.0692389765299223e-12
1.0514212600848995e-12
1.0576724511199156e-12
1.0516635214635270e-12
1.0701583301944170e-12
1.0504641786847099e-12
1.0513982149329730e-12
1.0745737884150075e-12
1.0521138254333609e-12
1.0598108949283661e-12
1.0494844975515452e-12
1.0707484835931827e-12
1.0669089481565989e-12
1.0535188448419245e-12
1.0688317953037150e-12
1.0501376602479282e-12
1.0768352804576504e-12
1.0573482520413530e-12
1.0609205984543634e-12
1.0715148544343128e-12
1.0588615076873271e-12
1.0762208764313189e-12
1.0501237117386658e-12
1.0722477142624918e-12
1.0708655260804824e-12
1.0685171644273469e-12
1.0640485480817951e-12
1.0569449003023361e-12
1.0867451525216121e-12
1.0561769714042698e-12
1.0623401189452919e-12
1.0702906020565815e-12
1.0777945366335515e-12
1.0708724217879757e-12
1.0598698267868601e-12
1.0810944207104824e-12
1.0658543772720376e-12
1.0736576121707631e-12
1.0658590148544360e-12
1.0739790797233735e-12
1.0859886229959822e-12
1.0576836087598231e-12
1.0741228254905049e-12
1.0596704134376887e-12
1.0869900939664088e-12
1.0757705566200731e-12
1.0664422405854434e-12
1.0796843703465652e-12
1.0664307710783547e-12
1.0887506940942071e-12
1.0745101101921325e-12
1.0797008818733182e-12
1.0921338895532304e-12
1.0700529310121607e-12
1.0788634708014959e-12
1.0698300013384807e-12
1.0963665419213865e-12
1.0749646377760590e-12
1.0735105978516816e-12
1.0828396054746325e-12
1.0746935469888735e-12
1.0930858646102623e-12
1.0757830939095187e-12
1.0852473458668452e-12
1.0842704152127069e-12
1.0821631931343009e-12
1.0805670218218792e-12
1.0737479447401628e-12
1.0972989725893289e-12
1.0699324587062012e-12
1.0805657155923730e-12
1.0832874869435806e-12
1.0841680802208784e-12
1.0955445289630786e-12
1.0760711171394019e-12
1.0892220302804521e-12
1.0802278276268147e-12
1.0903786386704031e-12
1.0842093891244597e-12
1.0785263489830226e-12
1.0975552842269458e-12
1.0764490320785268e-12
1.0939426391944742e-12
1.0806381467318355e-12
1.0948416425108234e-12
1.0930801316982100e-12
1.0821018910071776e-12
1.0972438764567134e-12
1.0739790771015882e-12
1.1009839785308044e-12
1.0850483945037827e-12
1.0931129950434028e-12
1.0947048934986229e-12
1.0875404981095586e-12
1.1016154979682656e-12
1.0794005818309096e-12
1.1046305317752542e-12
1.0881315011665755e-12
1.1020053391264098e-12
1.0956935990734184e-12
1.0857923656420622e-12
1.1090787780180152e-12
1.0838807540001894e-12
1.1025920628946591e-12
1.0889797300672801e-12
1.1000052638045692e-12
1.1069243739519739e-12
1.0862921425139375e-12
1.1089707926552155e-12
1.0862293743053433e-12
1.1112664028328502e-12
1.1021792446495717e-12
1.0935149385696953e-12
1.1123742014432081e-12
1.0851939150959401e-12
1.1160957455824472e-12
1.0896122046429839e-12
1.1062045438030707e-12
1.1142316298933908e-12
1.0944234267066978e-12
1.1131772283683981e-12
1.0888440860304914e-12
1.1210346565273496e-12
1.1017028621797087e-12
1.1037918888793299e-12
1.1128173373227058e-12
1.1030622261629521e-12
1.1200158699785235e-12
1.0905489424204726e-12
1.1155306608280250e-12
1.1155913483890573e-12
1.1150563688760562e-12
1.1141457468655378e-12
1.1004407777186264e-12
1.1254075638560388e-12
1.1028920044623002e-12
1.1152563044058478e-12
1.1151696269128883e-12
1.1225063080295764e-12
1.1193547611548349e-12
1.0963067190228843e-12
1.1284522348453227e-12
1.1105150131021442e-12
1.1235218409788505e-12
1.1118315277668745e-12
1.1198030827659610e-12
1.1294508251527724e-12
1.1031006265546132e-12
1.1265524567289068e-12
1.1064380464880530e-12
1.1323038287664295e-12
1.1267551148863629e-12
1.1153588623348433e-12
1.1289610809125346e-12
1.1089304706364277e-12
1.1383411268034569e-12
1.1081052602608616e-12
1.1295076486470223e-12
1.1387535707893264e-12
1.1164653232841498e-12
1.1275306024645348e-12
1.1067086068630633e-12
1.1482691035088446e-12
1.1198593960028414e-12
1.1215810569585773e-12
1.1349802183351045e-12
1.1258342374699156e-12
1.1370081534135142e-12
1.1181647191657831e-12
1.1428943337443301e-12
1.1359442201888172e-12
1.1223655791211074e-12
1.1321216865580503e-12
1.1193960606443479e-12
1.1477975951324507e-12
1.1152756798775371e-12
1.1334643784133041e-12
1.1326412589377598e-12
1.1330710995523458e-12
1.1417209958732437e-12
1.1180044399310091e-12
1.1438695421810932e-12
1.1308542576514865e-12
1.1386702582843709e-12
1.1353345755284700e-12
1.1304014726956218e-12
1.1482064335289264e-12
1.1158507067043049e-12
1.1398865410182624e-12
1.1374228137098157e-12
1.1462867996555131e-12
1.1380512885996988e-12
1.1262603092394108e-12
1.1504943926224607e-12
1.1252759604859761e-12
1.1474532251925666e-12
1.1340662560468281e-12
1.1470189688476965e-12
1.1504520506335648e-12
1.1343857430935305e-12
1.1478761538671438e-12
1.1301894987514603e-12
1.1599254425726870e-12
1.1371154869330595e-12
1.1418589111358258e-12
1.1554506018781405e-12
1.1372465487504313e-12
1.1553773812805742e-12
1.1315539940110458e-12
1.1574343370313585e-12
1.1484660292293957e-12
1.1475176915744573e-12
1.1558775469866569e-12
1.1308115112802064e-12
1.1608748712316382e-12
1.1421209377157083e-12
1.1625614380285449e-12
1.1433277359061997e-12
1.1418967790434474e-12
1.1686146959139979e-12
1.1331657967259102e-12
1.1571774255984283e-12
1.1453171951255765e-12
1.1677663074487272e-12
1.1544474331158928e-12
1.1372767413134469e-12
1.1674980719655771e-12
1.1377979548899562e-12
1.1630744165294679e-12
1.1491960671284052e-12
1.1585147365112766e-12
1.1601297185706016e-12
1.1460792690890672e-12
1.1693887201415514e-12
1.1411767871657735e-12
1.1704829334288589e-12
1.1598955006389824e-12
1.1577844342958277e-12
1.1603032947592889e-12
1.1457191616889438e-12
1.1782974735769837e-12
1.1473963936692011e-12
1.1627106133785177e-12
1.1646537679691115e-12
1.1675149621420283e-12
1.1731488809531699e-12
1.1509813503879130e-12
1.1771984522885690e-12
1.1587445615002636e-12
1.1713091981455739e-12
1.1606822106576455e-12
1.1616569330972340e-12
1.1847096246131088e-12
1.1549064071063399e-12
1.1734715513444861e-12
1.1602655558209297e-12
1.1850549315963864e-12
1.1714033701404890e-12
1.1594682567031503e-12
1.1819830483657507e-12
1.1567906789783289e-12
1.1829703192336266e-12
1.1622340759587802e-12
1.1797852899547688e-12
1.1769009530448283e-12
1.1608391888549928e-12
1.1867714168709272e-12
1.1538887009761128e-12
1.1834487317625537e-12
1.1706561750672381e-12
1.1793814937096828e-12
1.1782086646880554e-12
1.1620273597126032e-12
1.1906314880428583e-12
1.1535039836809362e-12
1.1839732173825877e-12
1.1790474189225587e-12
1.1783196685773876e-12
1.1802149315424737e-12
1.1560361874245747e-12
1.1981472078157700e-12
1.1614090386851291e-12
1.1813738852833125e-12
1.1814369882569021e-12
1.1776385952250496e-12
1.1909894825247607e-12
1.1564622407318578e-12
1.1908891745882021e-12
1.1673225350128316e-12
1.1892994290291480e-12
1.1869883126701829e-12
1.1711179570916070e-12
1.1889519320868154e-12
1.1658447880540791e-12
1.1972514215345646e-12
1.1667765743905305e-12
1.1832570722439082e-12
1.1974472859778234e-12
1.1806150695913766e-12
1.1875759977851995e-12
1.1643280552979549e-12
1.2045030319436415e-12
1.1836705241533724e-12
1.1798125172608799e-12
1.1924422413923648e-12
1.1852883651652512e-12
1.1989624111403218e-12
1.1739927841077888e-12
1.1997536042929683e-12
1.1908269804924089e-12
1.1895859498404972e-12
1.1944692761120394e-12
1.1757547658469422e-12
1.2068529270361012e-12
1.1823584849755639e-12
1.1988283094405660e-12
1.1835699365212363e-12
1.1951649131728055e-12
1.2095911389355313e-12
1.1823129354768753e-12
1.1979295097189770e-12
1.1896249002593081e-12
1.2119307154598331e-12
1.1906245677610325e-12
1.1829552819230360e-12
1.2119557141676817e-12
1.1793414856434266e-12
1.2087044958523064e-12
1.1871398500722622e-12
1.2078698502248038e-12
1.2017921379467891e-12
1.1850673436496234e-12
1.2123401887043061e-12
1.1790938579279869e-12
1.2135831424201985e-12
1.1934402288258300e-12
1.2017285625501593e-12
1.2080769745358591e-12
1.1913610937232490e-12
1.2169187893045108e-12
1.1916959441668572e-12
1.2117306278913736e-12
1.2067710771724226e-12
1.2020391424531958e-12
1.2052442004198901e-12
1.1885659919620743e-12
1.2260278605629106e-12
1.1893577662456408e-12
1.2078101674743483e-12
1.2037418355039291e-12
1.2149627660368346e-12
1.2183325744659725e-12
1.2008297889939263e-12
1.2196698893177150e-12
1.2023921514571513e-12
1.2186448227177605e-12
1.2072252620415402e-12
1.2057440292034214e-12
1.2294781126565591e-12
1.1951935085008684e-12
1.2207566891474013e-12
1.1985684156100027e-12
1.2268800671313030e-12
1.2198867284303458e-12
1.2043974386125425e-12
1.2241747942938827e-12
1.2029777885768427e-12
1.2332977705470912e-12
1.2060760227087044e-12
1.2193008418066405e-12
1.2334240472428363e-12
1.2180121433518820e-12
1.2249297578916191e-12
1.1973872872767326e-12
1.2386574964948634e-12
1.2258807589392755e-12
1.2185589625658124e-12
1.2235382748600840e-12
1.2146589662060109e-12
1.2468948348854355e-12
1.2023585499349632e-12
1.2272257642125046e-12
1.2290547825623847e-12
1.2328383817307073e-12
1.2283829363974088e-12
1.2033819779771767e-12
1.2469119758699457e-12
1.2206468224314324e-12
1.2287908018411586e-12
1.2201661207530827e-12
1.2306977244574207e-12
1.2492307223321643e-12
1.2030961484477893e-12
1.2330583391627946e-12
1.2210053472886336e-12
1.2455494394712065e-12
1.2291425992989717e-12
1.2140793586882246e-12
1.2471659094609918e-12
1.2139173927925365e-12
1.2383436207839485e-12
1.2106152437075321e-12
1.2416826467750295e-12
1.2489622536693335e-12
1.2163645537099964e-12
1.2312099354254814e-12
1.2170681748813369e-12
1.2554187573332338e-12
1.2207518438186573e-12
1.2201918916291163e-12
1.2481112249828927e-12
1.2318699913788089e-12
1.2409824532935608e-12
1.2173848780531566e-12
1.2489018774631806e-12
1.2383771719065612e-12
1.2316882118386260e-12
1.2353283612491921e-12
1.2237696162963672e-12
1.2570225936000033e-12
1.2202020879660100e-12
1.2410401242204481e-12
1.2370789318170860e-12
1.2438770390673136e-12
1.2515394369738522e-12
1.2183041949224709e-12
1.2539995286980659e-12
1.2372761531435369e-12
1.2538090859618473e-12
1.2346431628973101e-12
1.2336555613620021e-12
1.2635916761693523e-12
1.2191971731371807e-12
1.2508445127850269e-12
1.2353349803617306e-12
1.2576523861896427e-12
1.2445199901250141e-12
1.2310387582546604e-12
1.2648296175401564e-12
1.2255664403582911e-12
1.2537318062807757e-12
1.2336358219624773e-12
1.2527946647099184e-12
1.2587907787721136e-12
1.2304622017621088e-12
1.2580135951391659e-12
1.2246232807277158e-12
1.2617462063456181e-12
1.2469865431670785e-12
1.2464787574606069e-12
1.2585091103305851e-12
1.2329065694395690e-12
1.2629723870322720e-12
1.2307980795255555e-12
1.2604847616113687e-12
1.2571447415215942e-12
1.2466483811782124e-12
1.2582418385426458e-12
1.2347135862070872e-12
1.2701580151221512e-12
1.2378421608405276e-12
1.2537549375465570e-12
1.2571187174494155e-12
1.2564997426109491e-12
1.2668801730326285e-12
1.2318504830424706e-12
1.2721103941281489e-12
1.2470737328617507e-12
1.2619891410535056e-12
1.2590830129748728e-12
1.2536291155132213e-12
1.2731138385567547e-12
1.2344512307690631e-12
1.2719586638397184e-12
1.2561764268233623e-12
1.2670274980303168e-12
1.2667972714053569e-12
1.2489607020869940e-12
1.2761159158976477e-12
1.2500696135045843e-12
1.2802803735140103e-12
1.2505240262837368e-12
1.2653764762306670e-12
1.2848527142416200e-12
1.2564671472326075e-12
1.2760368805197347e-12
1.2512234554655644e-12
1.2878074002366977e-12
1.2650192107631149e-12
1.2660452263032650e-12
1.2872029631210829e-12
1.2601665259647839e-12
1.2823579427297971e-12
1.2543748418231288e-12
1.2895455628749905e-12
1.2773029916221535e-12
1.2650256454295608e-12
1.2849981592191832e-12
1.2523551193861016e-12
1.2973830824642561e-12
1.2681233821293386e-12
1.2762503731385324e-12
1.2752638308270909e-12
1.2734253767553446e-12
1.2963676927017266e-12
1.2586976362798944e-12
1.2870317828487439e-12
1.2793216120327241e-12
1.2866203818854995e-12
1.2759238136524648e-12
1.2646137105693943e-12
1.3043001502789066e-12
1.2540215666519869e-12
1.2846438091163214e-12
1.2781912086688584e-12
1.2900121131932447e-12
1.2933579353403975e-12
1.2629040661500963e-12
1.2924359259639085e-12
1.2673225339231397e-12
1.2986724874604181e-12
1.2781334679526487e-12
1.2806513546504942e-12
1.2969430035449920e-12
1.2746907682973270e-12
1.2974424078793091e-12
1.2634407317601387e-12
1.2992307173958463e-12
1.2881411642671856e-12
1.2903611760314973e-12
1.2930600193387829e-12
1.2611807523217259e-12
1.3107620359762420e-12
1.2747160410561484e-12
1.2920455395870890e-12
1.2886336796140074e-12
1.2935970427652243e-12
1.3044188052456704e-12
1.2667808706205961e-12
1.3055668621131546e-12
1.2851421882221908e-12
1.3012101052391018e-12
1.2948577594624146e-12
1.2872257430266755e-12
1.3150071325553421e-12
1.2668722081655876e-12
1.3065199782872991e-12
1.2828338105741029e-12
1.3015369609717186e-12
1.3058182014617642e-12
1.2771535281515641e-12
1.3122635351295594e-12
1.2796982245403655e-12
1.3165614749287825e-12
1.2868085324095453e-12
1.2942617517695875e-12
1.3200669900836685e-12
1.2817492271310350e-12
1.3058134441090184e-12
1.2795975867141475e-12
1.3190167476227945e-12
1.3039890663345493e-12
1.2895825266842895e-12
1.3209502378831772e-12
1.2824983837670184e-12
1.3191145025904942e-12
1.2843040245498651e-12
1.3115144800229669e-12
1.3112474834762638e-12
1.2940677006858313e-12
1.3123491813573102e-12
1.2754030017109875e-12
1.3243864196007905e-12
1.2936243610372187e-12
1.3039105210681167e-12
1.3111887385354785e-12
1.3029185727750720e-12
1.3173881226969634e-12
1.2789274303405380e-12
1.3183489503659613e-12
1.3024077002054021e-12
1.3163031018584950e-12
1.3115847929947499e-12
1.2923981955817638e-12
1.3237522925145118e-12
1.2902566213393090e-12
1.3214126086927754e-12
1.2982551588197921e-12
1.3138977438871264e-12
1.3257926815755019e-12
1.2970365404294548e-12
1.3239883213562671e-12
1.2932268189580772e-12
1.3349080384969131e-12
1.3098251079719058e-12
1.3082759823738138e-12
1.3268048112833990e-12
1.3030656268931976e-12
1.3328019241657541e-12
1.2974783057523651e-12
1.3315944263946624e-12
1.3255560783409114e-12
1.3109909613318237e-12
1.3291222072672191e-12
1.2930118532753208e-12
1.3433548965419033e-12
1.3029052683583320e-12
1.3264270246958905e-12
1.3235602955526445e-12
1.3171521350676343e-12
1.3423830127032044e-12
1.3079999425937536e-12
1.3412858763890033e-12
1.3232159117990587e-12
1.3294133494358247e-12
1.3217161749511680e-12
1.3068857354236509e-12
1.3553463677370402e-12
1.2938095500259014e-12
1.3298957729910368e-12
1.3199946818743963e-12
1.3374324835246525e-12
1.3407353469728208e-12
1.3036748064519865e-12
1.3432399105115170e-12
1.3108178253338136e-12
1.3465466654784454e-12
1.3219259484873240e-12
1.3257305125645913e-12
1.3560290725739454e-12
1.3119326930788291e-12
1.3409282853275594e-12
1.3078881545911795e-12
1.3557641167729376e-12
1.3398598577394910e-12
1.3166906136628722e-12
1.3450947874457797e-12
1.3189521219022532e-12
1.3576589623768748e-12
1.3113493625722429e-12
1.3447023047991953e-12
1.3525592042537941e-12
1.3322989695653514e-12
1.3421927047983834e-12
1.3018209462500225e-12
1.3663008917226303e-12
1.3297198955509498e-12
1.3357832006748015e-12
1.3470123401906603e-12
1.3390592651571236e-12
1.3604952483773806e-12
1.3189873102480528e-12
1.3566803286562958e-12
1.3428232700334220e-12
1.3545282968980215e-12
1.3490700458098512e-12
1.3219809241898175e-12
1.3743472584363550e-12
1.3266591589020263e-12
1.3591346768672427e-12
1.3328701585695581e-12
1.3573210449015799e-12
1.3720463745216007e-12
1.3303539670278715e-12
1.3610239040388610e-12
1.3367192414551580e-12
1.3781914265734442e-12
1.3402570659387016e-12
1.3352595479725010e-12
1.3780301007143199e-12
1.3361379089429327e-12
1.3654775594923616e-12
1.3282098119789985e-12
1.3700637150178415e-12
1.3696426924563335e-12
1.3406867567401390e-12
1.3614310927363134e-12
1.3220519875398225e-12
1.3879116355512776e-12
1.3452805734912371e-12
1.3497693325249309e-12
1.3679901381557262e-12
1.3543506292954247e-12
1.3748033070028146e-12
1.3340217811456309e-12
1.3745649180916286e-12
1.3653884381715469e-12
1.3609921523751381e-12
1.3604532274656172e-12
1.3409619111731741e-12
1.3920279225085466e-12
1.3328095849744039e-12
1.3655043722058054e-12
1.3602519351666139e-12
1.3784526940732705e-12
1.3775434997026922e-12
1.3389434379556246e-12
1.3817055958674493e-12
1.3476903202855571e-12
1.3840734653868668e-12
1.3527960923363560e-12
1.3635703385935132e-12
1.3852095638213864e-12
1.3467060719292885e-12
1.3760429571455050e-12
1.3388754132668500e-12
1.3871201781378298e-12
1.3775556320577963e-12
1.3534983007409439e-12
1.3696454158264728e-12
1.3417241763046947e-12
1.3976740294526801e-12
1.3452353360995218e-12
1.3701137349008227e-12
1.3816038827231734e-12
1.3687896076953528e-12
1.3813451850389913e-12
1.3456287842773244e-12
1.4018287297681711e-12
1.3635859255112543e-12
1.3717575678585166e-12
1.3734250215953265e-12
1.3652502922690884e-12
1.4008767899100052e-12
1.3457578299295167e-12
1.3844526575716136e-12
1.3719614538549026e-12
1.3824989053599730e-12
1.3848168657526900e-12
1.3459441195833477e-12
1.4047924583381812e-12
1.3569978248372818e-12
1.3866449831058468e-12
1.3668525556307932e-12
1.3811945562571693e-12
1.4051261773007991e-12
1.3471139767435432e-12
1.3905935333973551e-12
1.3685566778866825e-12
1.3996435027797106e-12
1.3813653063348314e-12
1.3660514959999970e-12
1.4119878279452835e-12
1.3608560616075461e-12
1.4020590769947098e-12
1.3668372252172121e-12
1.4015548779789147e-12
1.3960300478183326e-12
1.3718227037115217e-12
1.4051230506424880e-12
1.3592791088686262e-12
1.4092480795565947e-12
1.3773027253652973e-12
1.3966425277703339e-12
1.3911810918527368e-12
1.3789471374269052e-12
1.4119697011348970e-12
1.3522706569051255e-12
1.4040198111772552e-12
1.3901500248876582e-12
1.4052338543205936e-12
1.3901458015584378e-12
1.3706184676453492e-12
1.4196583709724535e-12
1.3565851094868932e-12
1.4018920438094794e-12
1.3856231486729084e-12
1.4033633674242731e-12
1.4072925070459895e-12
1.3627180111061212e-12
1.4153171353030239e-12
1.3674490553748280e-12
1.4158553719243140e-12
1.4022855250295270e-12
1.3925281887688618e-12
1.4120518861912715e-12
1.3635372806407994e-12
1.4231593568790614e-12
1.3781394064300779e-12
1.4089934017163501e-12
1.4101130479171952e-12
1.3925248226321583e-12
1.4198394289983877e-12
1.3628147875809991e-12
1.4248254313966102e-12
1.3862136711146607e-12
1.4093729493715293e-12
1.4087897488523062e-12
1.3921658842013782e-12
1.4279036830853729e-12
1.3700392835524985e-12
1.4161351639570711e-12
1.3966285292461647e-12
1.4165919149878222e-12
1.4181978948264659e-12
1.3797406318362605e-12
1.4297424199977574e-12
1.3824769460497061e-12
1.4303358878681459e-12
1.3963029546786074e-12
1.4125302316888566e-12
1.4302730789644158e-12
1.3832807645172645e-12
1.4273586882197325e-12
1.3851777624911438e-12
1.4377681954165621e-12
1.4087881774741330e-12
1.4007837683368673e-12
1.4284786185384381e-12
1.3927730068475375e-12
1.4362804880964426e-12
1.3838088111774911e-12
1.4277194477734885e-12
1.4246333391482063e-12
1.4124766939559328e-12
1.4256464690539635e-12
1.3812865108056282e-12
1.4500241973394482e-12
1.3995407495467149e-12
1.4195017603174292e-12
1.4221936192578076e-12
1.4170648309492637e-12
1.4486822674713994e-12
1.3871773655550917e-12
1.4379238429109977e-12
1.4137324112009270e-12
1.4347557520346914e-12
1.4279320044548158e-12
1.3994642093413708e-12
1.4513205466517115e-12
1.3896031221413289e-12
1.4389314766083065e-12
1.4076924675814445e-12
1.4313407260558660e-12
1.4507250565675590e-12
1.3972800525915509e-12
1.4439025648234768e-12
1.4021814385752286e-12
1.4529153299567150e-12
1.4165393744796442e-12
1.4158704661450679e-12
1.4584509042333385e-12
1.4102955903715802e-12
1.4434000352435712e-12
1.3974282314368976e-12
1.4539157040470703e-12
1.4373389898976559e-12
1.4148478137666033e-12
1.4452811117985566e-12
1.4028028259109131e-12
1.4604629850400886e-12
1.4100922563659155e-12
1.4407141499696199e-12
1.4410935501244140e-12
1.4257020378243966e-12
1.4550023655227808e-12
1.3984768869510240e-12
1.4592933456071566e-12
1.4363699465659537e-12
1.4453648176248251e-12
1.4342588906635605e-12
1.4209775767866872e-12
1.4769949780419365e-12
1.3949520765396768e-12
1.4518519281803316e-12
1.4342159175817988e-12
1.4561980881776779e-12
1.4565328001261106e-12
1.4072618844542635e-12
1.4705763760949231e-12
1.4147263611360697e-12
1.4661033459568109e-12
1.4373089017473902e-12
1.4462246762862937e-12
1.4719562079583634e-12
1.4197599368624083e-12
1.4659270615550515e-12
1.4099117235595051e-12
1.4733415132268485e-12
1.4527447028492529e-12
1.4364170789224115e-12
1.4619746446573617e-12
1.4176952223426889e-12
1.4839176929975196e-12
1.4162249015432500e-12
1.4577549515477197e-12
1.4629602053540523e-12
1.4477967065991591e-12
1.4677688004282231e-12
1.4102690234044777e-12
1.4844448189046012e-12
1.4386772060760139e-12
1.4575561818634650e-12
1.4572681261098030e-12
1.4441244604911190e-12
1.4874227579015005e-12
1.4147115956259554e-12
1.4718268204887754e-12
1.4457286140836683e-12
1.4656462359005081e-12
1.4678580195443844e-12
1.4263420620855265e-12
1.4852440441048645e-12
1.4293434781575982e-12
1.4744875582163633e-12
1.4484262028513763e-12
1.4606661678197307e-12
1.4813248820425133e-12
1.4274970776086585e-12
1.4790215404328020e-12
1.4318013001784208e-12
1.4853264258517535e-12
1.4546653704328772e-12
1.4499701344287071e-12
1.4822957699041373e-12
1.4340593934861984e-12
1.4843203989654369e-12
1.4311316905368714e-12
1.4827818735980019e-12
1.4722813384015096e-12
1.4488447975540767e-12
1.4798691674132409e-12
1.4256555500464167e-12
1.4986003434174151e-12
1.4417086932136578e-12
1.4723316131984286e-12
1.4828785982449312e-12
1.4610388085976768e-12
1.4879709258431482e-12
1.4348433633702052e-12
1.4996015554182974e-12
1.4632020200957631e-12
1.4733022692053386e-12
1.4747170631089880e-12
1.4515824438360364e-12
1.5021605830246510e-12
1.4351794825366757e-12
1.4899628878943134e-12
1.4646830617815110e-12
1.4811725055434426e-12
1.4964935559307247e-12
1.4405425763452985e-12
1.4995944739582618e-12
1.4487403878000490e-12
1.5048460632217280e-12
1.4648361602951166e-12
1.4675001845716274e-12
1.5064014803669513e-12
1.4527295336359776e-12
1.4971551883636053e-12
1.4447051104365881e-12
1.5063334449647831e-12
1.4868884719172997e-12
1.4632882397880637e-12
1.4986123901165928e-12
1.4461271052963229e-12
1.5118721166064401e-12
1.4613214761067526e-12
1.4903894788441324e-12
1.4980087564025353e-12
1.4756749950203812e-12
1.5091751880126788e-12
1.4450522233935246e-12
1.5133680438383103e-12
1.4743926074416684e-12
1.4973803472641815e-12
1.4881120085922317e-12
1.4683497723563800e-12
1.5213749607606993e-12
1.4396672079984149e-12
1.5062672296963824e-12
1.4813912690139051e-12
1.5034091160477789e-12
1.5019685799575873e-12
1.4565616096837537e-12
1.5223463720907890e-12
1.4546477822156271e-12
1.5091693421772255e-12
1.4824943420659921e-12
1.4988108631562645e-12
1.5201700294759149e-12
1.4581277670746778e-12
1.5158464652574850e-12
1.4602838235125535e-12
1.5221844688926200e-12
1.4981656658469537e-12
1.4871221433555631e-12
1.5158138514737462e-12
1.4613727756071896e-12
1.5326886233988059e-12
1.4672808640533322e-12
1.5041989911017276e-12
1.5133402587574704e-12
1.4926189182763116e-12
1.5208404303802358e-12
1.4597324994214800e-12
1.5302912449303941e-12
1.4864524893373614e-12
1.5067846782381575e-12
1.5052887042995994e-12
1.4873009318461033e-12
1.5376387433465889e-12
1.4570740331972517e-12
1.5164408850772708e-12
1.4933961965697300e-12
1.5235814171089153e-12
1.5196635127846865e-12
1.4701372309517629e-12
1.5367783648608687e-12
1.4785872320603840e-12
1.5327893827106598e-12
1.4917421799800430e-12
1.5142583763633164e-12
1.5426965032256642e-12
1.4745075920353606e-12
1.5290094969829410e-12
1.4778914634896848e-12
1.5485546415623633e-12
1.5102692869381131e-12
1.4989882840721289e-12
1.5318148124948714e-12
1.4810146552441387e-12
1.5460073070432148e-12
1.4786843722373610e-12
1.5292164855136821e-12
1.5307734939911241e-12
1.5120368792286542e-12
1.5342722742286250e-12
1.4689472756434328e-12
1.5556018328264806e-12
1.5061526553044551e-12
1.5286562068575485e-12
1.5217923986674626e-12
1.5107970758139061e-12
1.5564582539982143e-12
1.4775819732575517e-12
1.5379137384459586e-12
1.5119081616207134e-12
1.5420578168442968e-12
1.5335281292078623e-12
1.4868110674304987e-12
1.5566474431350025e-12
1.4867756101428189e-12
1.5458311910622626e-12
1.5064694063984084e-12
1.5285388811611847e-12
1.5557849537610573e-12
1.4895708833940115e-12
1.5500686916324996e-12
1.4921146822819372e-12
1.5576754789562893e-12
1.5255710265101387e-12
1.5177517955406735e-12
1.5523152839971475e-12
1.4988139621037288e-12
1.5651613665070531e-12
1.4907191375561518e-12
1.5439544165189734e-12
1.5478227162632860e-12
1.5269933255500848e-12
1.5509590547502809e-12
1.4855338778776746e-12
1.5726138539491782e-12
1.5122057481007207e-12
1.5409505057288767e-12
1.5459387652270082e-12
1.5248595907130952e-12
1.5637629791904856e-12
1.4853014412840679e-12
1.5628804597571783e-12
1.5259199522742487e-12
1.5484832016028496e-12
1.5470940921325123e-12
1.5124955417560435e-12
1.5695513568976559e-12
1.5000972005969603e-12
1.5621125689836732e-12
1.5215536136581821e-12
1.5476881252878071e-12
1.5666963199055266e-12
1.5087653221993140e-12
1.5640931329317523e-12
1.5060502988968121e-12
1.5742097260685439e-12
1.5313194673254315e-12
1.5357687822137124e-12
1.5702147778559475e-12
1.5131974905582186e-12
1.5738044519700346e-12
1.5023883366565644e-12
1.5748172935416103e-12
1.5518282914998869e-12
1.5377559497635994e-12
1.5606493266328877e-12
1.5025205300081863e-12
1.5848793745183901e-12
1.5204147053322933e-12
1.5586536299179342e-12
1.5562903563048813e-12
1.5381371890391244e-12
1.5821242807807745e-12
1.5000806391299355e-12
1.5817409513351216e-12
1.5386986215596451e-12
1.5614020211534261e-12
1.5584221512532420e-12
1.5301290401439563e-12
1.5911988949996250e-12
1.5036737486600944e-12
1.5749206566333468e-12
1.5459603742235591e-12
1.5702201927474992e-12
1.5781059710364826e-12
1.5192370987516688e-12
1.5888168178141791e-12
1.5198782925163268e-12
1.5839213634120956e-12
1.5492332247528314e-12
1.5606090048059664e-12
1.5908799058013118e-12
1.5199421589799904e-12
1.5923455654833703e-12
1.5283950333721819e-12
1.5920453961370050e-12
1.5589516574669126e-12
1.5539458394183838e-12
1.5913678321474397e-12
1.5279627959938654e-12
1.5888381440702389e-12
1.5330238126459189e-12
1.5896837444499155e-12
1.5825317002318702e-12
1.5460600412806249e-12
1.5941851767866464e-12
1.5263353049591154e-12
1.6071882102645972e-12
1.5406811127688449e-12
1.5800747450913790e-12
1.5874576639361029e-12
1.5542943893471667e-12
1.5963903026823787e-12
1.5191711999218940e-12
1.6106157194504079e-12
1.5667168066084661e-12
1.5793004106952120e-12
1.5794778221244845e-12
1.5568454134275006e-12
1.6145571428656105e-12
1.5217391272463354e-12
1.5921576186987239e-12
1.5768259887313680e-12
1.5867571943302197e-12
1.5906818893425007e-12
1.5275738994378871e-12
1.6235556300303841e-12
1.5388231133037290e-12
1.5955784427100236e-12
1.5694281702100383e-12
1.5845523102402418e-12
1.6146310928626361e-12
1.5292214524763147e-12
1.6073083690808105e-12
1.5531348750109959e-12
1.6093391710098292e-12
1.5815126845830881e-12
1.5649481686326840e-12
1.6200465395237708e-12
1.5354114045726391e-12
1.6098434859182593e-12
1.5501115584958509e-12
1.5998508333330891e-12
1.6076511117492534e-12
1.5633184902258026e-12
1.6090551397712282e-12
1.5268382847072953e-12
1.6225119567301544e-12
1.5623471555672378e-12
1.5901359142415639e-12
1.6068172684162517e-12
1.5701206110723112e-12
1.6137950972985693e-12
1.5293383196717475e-12
1.6211758505769086e-12
1.5910190748317518e-12
1.5913998854887740e-12
1.5990400522660391e-12
1.5603951705109192e-12
1.6343278019270757e-12
1.5374976310876536e-12
1.6075605484678862e-12
1.5963916877967484e-12
1.6019307590088786e-12
1.6108457191990130e-12
1.5376035928109786e-12
1.6340708784400560e-12
1.5670354102517339e-12
1.6148956052507872e-12
1.5929929817958212e-12
1.5930076091255564e-12
1.6318470263371183e-12
1.5424790128808124e-12
1.6270800322288865e-12
1.5676639457735518e-12
1.6277130040745702e-12
1.6083185053072705e-12
1.5781262049642268e-12
1.6347745761288977e-12
1.5456800926865737e-12
1.6430672752492088e-12
1.5741616173728662e-12
1.6233696704450124e-12
1.6260054910253621e-12
1.5827197643830256e-12
1.6320516892672189e-12
1.5464355638752442e-12
1.6443932187199760e-12
1.5949846281211730e-12
1.6140082043887623e-12
1.6256774106225839e-12
1.5791984775332850e-12
1.6517256810462601e-12
1.5558235955619345e-12
1.6314308500735588e-12
1.6138664424556383e-12
1.6180964240477850e-12
1.6331122902351426e-12
1.5620596095204905e-12
1.6532220825002040e-12
1.5768510856849782e-12
1.6361150948155456e-12
1.6075387378735224e-12
1.6156793574596762e-12
1.6480279649588697e-12
1.5605008525834861e-12
1.6420291783172275e-12
1.5840713484513702e-12
1.6453841050550525e-12
1.6210675966010909e-12
1.6030875549077880e-12
1.6554689003632563e-12
1.5656317660485544e-12
1.6554061302073393e-12
1.5858540013785593e-12
1.6402788511346910e-12
1.6397549630905589e-12
1.6008840665277581e-12
1.6485814530637123e-12
1.5665994774155842e-12
1.6676534646668572e-12
1.6062358672273665e-12
1.6270323624413610e-12
1.6433992769856523e-12
1.6049238366965978e-12
1.6671898697068895e-12
1.5734720474045846e-12
1.6608830790458598e-12
1.6215930831604113e-12
1.6318097144495738e-12
1.6575043317387893e-12
1.5882355940591684e-12
1.6734609151716291e-12
1.5942952808589854e-12
1.6629275641119679e-12
1.6150320853402058e-12
1.6285664025161436e-12
1.6739005365402708e-12
1.5783974376952740e-12
1.6548497563716624e-12
1.6022489125601161e-12
1.6751295484919157e-12
1.6280181696333141e-12
1.6047713903594437e-12
1.6739396961791508e-12
1.5911364605318449e-12
1.6594132615314593e-12
1.5959340411289346e-12
1.6604584062469573e-12
1.6524194732282739e-12
1.6044801953183287e-12
1.6647730807886822e-12
1.5761945634103205e-12
1.6771026152354623e-12
1.6110487528262308e-12
1.6441773914770935e-12
1.6615642501862557e-12
1.6132081674439253e-12
1.6685293409698958e-12
1.5785194690933065e-12
1.6723553342875812e-12
1.6409742805034647e-12
1.6455508701635340e-12
1.6521267200351760e-12
1.6084220282285234e-12
1.6922580434736080e-12
1.5857725318496163e-12
1.6642400905143972e-12
1.6464561515656423e-12
1.6539109251389363e-12
1.6639327959428085e-12
1.5905326413448528e-12
1.6943527105704943e-12
1.6081648562612518e-12
1.6705804240735397e-12
1.6459541445143517e-12
1.6409324921458023e-12
1.6864567652348073e-12
1.5888014944363548e-12
1.6820837500488935e-12
1.6157994236676506e-12
1.6799494951875773e-12
1.6641405356261168e-12
1.6270011030195096e-12
1.6869972474693439e-12
1.5846228746485420e-12
1.6953000028342504e-12
1.6248224512910304e-12
1.6677899913206270e-12
1.6738713859386649e-12
1.6273057943843828e-12
1.6913448887518039e-12
1.5928202611885302e-12
1.6946825348500104e-12
1.6448536410165242e-12
1.6673233381423208e-12
1.6735559156748251e-12
1.6223432805575680e-12
1.7062242449484670e-12
1.5985418820506493e-12
1.6827530412053364e-12
1.6608189884672246e-12
1.6688177143437634e-12
1.6845488993936951e-12
1.6033077829204029e-12
1.7103445697855996e-12
1.6165236445894015e-12
1.6863003490102439e-12
1.6569831240524101e-12
1.6621768487343629e-12
1.7020975011083620e-12
1.6072083513278475e-12
1.7022045340978824e-12
1.6269360449765853e-12
1.6928403990951770e-12
1.6805931706174212e-12
1.6450524997708501e-12
1.7006803929144878e-12
1.6056145562082375e-12
1.7111488044173399e-12
1.6338557523212152e-12
1.6879544780780062e-12
1.6944390394440859e-12
1.6468329542281451e-12
1.7018506511640427e-12
1.6003671482092345e-12
1.7188821610850812e-12
1.6495806333486534e-12
1.6808258461254626e-12
1.6906243940112310e-12
1.6463656384018039e-12
1.7161214319173813e-12
1.6122297976986898e-12
1.7093470645896100e-12
1.6610261101911903e-12
1.6812701863478138e-12
1.7060915982159541e-12
1.6269372811341727e-12
1.7177890960020523e-12
1.6223074735272253e-12
1.7121339260447923e-12
1.6778083360466317e-12
1.6744924806969681e-12
1.7096581356669013e-12
1.6231045263761779e-12
1.7275536473560498e-12
1.6367504260557182e-12
1.7030569496029613e-12
1.6933141602304920e-12
1.6745738941892592e-12
1.7148762854506886e-12
1.6147175030892582e-12
1.7367045264935508e-12
1.6510707145642498e-12
1.6940126353626801e-12
1.6990863344451021e-12
1.6720856264919484e-12
1.7317194456753722e-12
1.6207739915638750e-12
1.7317232949564557e-12
1.6689147548219449e-12
1.7103275558256328e-12
1.7129992133235797e-12
1.6619718641084556e-12
1.7350516149881741e-12
1.6351263286078710e-12
1.7327083132183024e-12
1.6731789458694067e-12
1.7055240313044516e-12
1.7322857107967507e-12
1.6516558268352047e-12
1.7304252580136898e-12
1.6545523995861928e-12
1.7440224584637474e-12
1.6867622284505189e-12
1.6913866323527109e-12
1.7502451037035763e-12
1.6620393273466359e-12
1.7339366039966383e-12
1.6517079607494282e-12
1.7495276472172786e-12
1.7109984375004439e-12
1.6824247581059220e-12
1.7390734052588465e-12
1.6549404861496275e-12
1.7555507868174148e-12
1.6618140451120806e-12
1.7271743700778659e-12
1.7309667677654767e-12
1.6922282287739632e-12
1.7393217385076440e-12
1.6349927905786914e-12
1.7682461595321602e-12
1.6949538451265539e-12
1.7194736755907530e-12
1.7205813179016127e-12
1.6910526008759173e-12
1.7661289591132789e-12
1.6403301236796029e-12
1.7465447582001484e-12
1.7006082471743199e-12
1.7318048027960935e-12
1.7316900227681850e-12
1.6598020960029258e-12
1.7647696098866743e-12
1.6676976967689911e-12
1.7416320661195536e-12
1.7006576391327774e-12
1.7181068308360882e-12
1.7608522722789738e-12
1.6546177366433531e-12
1.7541607823242502e-12
1.6722002586925777e-12
1.7590610083061488e-12
1.7097147820943918e-12
1.6972845640284357e-12
1.7642191432294888e-12
1.6606332365017966e-12
1.7597683336586475e-12
1.6723327999387452e-12
1.7561519151254697e-12
1.7403474018718199e-12
1.7001313519158795e-12
1.7531607651753249e-12
1.6508929815233312e-12
1.7778505020517373e-12
1.6923391119606432e-12
1.7318055145378290e-12
1.7429282594662015e-12
1.7020182362066551e-12
1.7634200919688413e-12
1.6527405051303050e-12
1.7715662281584762e-12
1.7158863006728738e-12
1.7337227406507770e-12
1.7302201843085653e-12
1.6835768104840360e-12
1.7851603886108663e-12
1.6564714075496267e-12
1.7464560116240506e-12
1.7215458221548294e-12
1.7448248598181932e-12
1.7565821347795449e-12
1.6644747993490466e-12
1.7807336503505225e-12
1.6758581437920041e-12
1.7584822762556873e-12
1.7225308542087931e-12
1.7330951045822500e-12
1.7735685025602060e-12
1.6636068586104677e-12
1.7801219378054748e-12
1.6827077888357446e-12
1.7682561147287648e-12
1.7507622446864460e-12
1.7167971545724136e-12
1.7683994523431178e-12
1.6648397773035089e-12
1.7917627613377424e-12
1.6956798783482755e-12
1.7554047265521106e-12
1.7661915222068991e-12
1.7178019300284060e-12
1.7766395282952506e-12
1.6632175154296583e-12
1.7947127453559949e-12
1.7098901757180362e-12
1.7435301795616002e-12
1.7704381983713810e-12
1.7228049421639710e-12
1.7854728172873660e-12
1.6737615656291641e-12
1.7820280187728804e-12
1.7378731463290518e-12
1.7567626343412491e-12
1.7669537099266724e-12
1.6936806355184590e-12
1.8017973571587441e-12
1.6985066164821243e-12
1.7809642621215662e-12
1.7341669124756742e-12
1.7548011842242208e-12
1.7967698924416404e-12
1.6862818191877062e-12
1.7900229769514127e-12
1.7111651368813683e-12
1.7970959318953258e-12
1.7489365051497648e-12
1.7315599973455844e-12
1.8034961324764685e-12
1.6909284712335351e-12
1.7958935278516924e-12
1.7003213029245166e-12
1.7909225563966691e-12
1.7788885968424467e-12
1.7323257427104098e-12
1.7874898384938981e-12
1.6736390475804922e-12
1.8171503487336182e-12
1.7226207412040865e-12
1.7698840101924387e-12
1.7835383676220043e-12
1.7357379682410649e-12
1.8029540579951857e-12
1.6897643563492659e-12
1.8125180858545103e-12
1.7462235410005282e-12
1.7695847462381414e-12
1.7869657107583478e-12
1.7232821755452933e-12
1.8230452612685624e-12
1.7022908683864843e-12
1.8010283122266633e-12
1.7558574485798312e-12
1.7709340566353007e-12
1.8236997356821154e-12
1.7033911969820105e-12
1.8189573048953088e-12
1.7313589620452094e-12
1.8233821125476371e-12
1.7560909103226819e-12
1.7535648471199042e-12
1.8333593892161924e-12
1.7116359942535416e-12
1.8063893238063626e-12
1.7393521331319287e-12
1.8320225027126059e-12
1.7870157944600142e-12
1.7380821574230528e-12
1.8284130773981954e-12
1.7230274152768202e-12
1.8245278420149756e-12
1.7459667821790002e-12
1.8011100489561084e-12
1.8101461456693033e-12
1.7559401016178661e-12
1.8238005831757614e-12
1.6896290944161502e-12
1.8303015225412941e-12
1.7778012516649549e-12
1.7977992132563466e-12
1.7963334427590211e-12
1.7454532725735942e-12
1.8497294154086151e-12
1.7029013637278255e-12
1.8174278909449018e-12
1.7911882248179681e-12
1.8108547368794621e-12
1.8147632864151142e-12
1.7138726636104370e-12
1.8503014160658653e-12
1.7311182255809031e-12
1.8242111481364843e-12
1.7795949928453499e-12
1.7886670474627986e-12
1.8418084311367287e-12
1.7179012842354609e-12
1.8331647793001329e-12
1.7276350531113703e-12
1.8351635175462683e-12
1.8149237996831059e-12
1.7650093199079294e-12
1.8335581259624612e-12
1.7132148691512211e-12
1.8640176929992226e-12
1.7465652083261930e-12
1.8134424565914307e-12
1.8386380473801918e-12
1.7832457541739274e-12
1.8367424187957810e-12
1.7136798894258327e-12
1.8644722135827803e-12
1.7759273193500345e-12
1.8038317608067702e-12
1.8292490460850002e-12
1.7734820855497085e-12
1.8628542993540773e-12
1.7088392265326053e-12
1.8490907144124442e-12
1.7888427563419443e-12
1.8133137233888248e-12
1.8326411566344449e-12
1.7464518154372894e-12
1.8574782420539165e-12
1.7441086449364001e-12
1.8411106498339281e-12
1.7961017659778577e-12
1.8029090868541791e-12
1.8473254656841887e-12
1.7380969029303686e-12
1.8569487206303830e-12
1.7481438591868883e-12
1.8526319577333062e-12
1.8119028922193778e-12
1.7940277643526040e-12
1.8473808124928569e-12
1.7375317784553028e-12
1.8691079998192759e-12
1.7596711769132934e-12
1.8384746335708487e-12
1.8335830966417999e-12
1.7988007528014762e-12
1.8604671592916855e-12
1.7150429719358658e-12
1.8788992346642217e-12
1.7779907857854836e-12
1.8339167542426963e-12
1.8420173764769007e-12
1.7880834685264324e-12
1.8765040680026529e-12
1.7274652230902348e-12
1.8691958438238985e-12
1.8015240876835405e-12
1.8380223781689273e-12
1.8587768126708072e-12
1.7633132246508007e-12
1.8833512592773750e-12
1.7607823853936707e-12
1.8723756200897962e-12
1.8080804832907056e-12
1.8234172586222980e-12
1.8909536478002499e-12
1.7652239988704462e-12
1.8732391705226052e-12
1.7681557100757388e-12
1.8908188200925874e-12
1.8247098906659911e-12
1.8039919270170680e-12
1.8865378566300729e-12
1.7722126359965872e-12
1.8876861241085281e-12
1.7701465135946741e-12
1.8728634593436845e-12
1.8620496573475832e-12
1.8052969974434322e-12
1.8726772133063194e-12
1.7466955666403456e-12
1.8998378689065584e-12
1.8033409975531863e-12
1.8456805881334073e-12
1.8514521422988671e-12
1.8074422716395403e-12
1.8910391050054301e-12
1.7397392958587116e-12
1.8803409022276295e-12
1.8288814937984709e-12
1.8568539935917942e-12
1.8483112060601624e-12
1.7895982493611908e-12
1.9084709989277873e-12
1.7544647661672181e-12
1.8683603867947669e-12
1.8307962009263503e-12
1.8640102026370477e-12
1.8774277769942258e-12
1.7632567202426268e-12
1.9024532283126452e-12
1.7723314753367419e-12
1.8930762556286087e-12
1.8311352652117496e-12
1.8402301462027331e-12
1.8959805798767197e-12
1.7651728844007080e-12
1.9012166950551712e-12
1.7694626792868306e-12
1.8916009956672993e-12
1.8587105514736406e-12
1.8226722700267709e-12
1.8924029370100300e-12
1.7563965780375426e-12
1.9165880154647786e-12
1.7967079844787733e-12
1.8653506081263668e-12
1.8814289652699958e-12
1.8226897374357485e-12
1.9135461374508109e-12
1.7609363544078899e-12
1.9176516405060464e-12
1.8250051513694986e-12
1.8667007462672543e-12
1.8736287320894016e-12
1.8114233314539009e-12
1.9334705902552003e-12
1.7537953895027452e-12
1.8998744428925946e-12
1.8342580559248245e-12
1.8866991419693885e-12
1.8947771954675484e-12
1.7866736181778907e-12
1.9188529165552914e-12
1.7906989140957447e-12
1.9060776947449674e-12
1.8423087994563717e-12
1.8500383664146754e-12
1.9172892768750829e-12
1.7875860167985353e-12
1.9092231253915287e-12
1.7899021583573960e-12
1.9093339113529510e-12
1.8775709724593077e-12
1.8364528906307962e-12
1.9069492701070664e-12
1.7884820390851134e-12
1.9363806540235493e-12
1.8126143434650583e-12
1.8815496102357384e-12
1.9093194764195283e-12
1.8578775747038152e-12
1.9199727549201449e-12
1.7659311877208621e-12
1.9435213074872210e-12
1.8449780461040675e-12
1.8904298534438946e-12
1.8934251328073874e-12
1.8412527073906847e-12
1.9457399089217186e-12
1.7617915787186852e-12
1.9299699684253238e-12
1.8463374166669031e-12
1.9050170529839795e-12
1.9111870134287291e-12
1.8102441830899362e-12
1.9393696525442099e-12
1.7976666066610524e-12
1.9375004841661504e-12
1.8493763065038641e-12
1.8775125586261819e-12
1.9448387499604933e-12
1.8027583655293395e-12
1.9384322597627280e-12
1.8071156748122809e-12
1.9464580931296748e-12
1.8854814403344432e-12
1.8511829768641059e-12
1.9376956026787315e-12
1.8033926854084003e-12
1.9552106129225589e-12
1.8174026171831717e-12
1.9183434263837593e-12
1.9151287874305789e-12
1.8675888044402520e-12
1.9428868705270518e-12
1.7740738858174120e-12
1.9585997691204321e-12
1.8596534696695565e-12
1.9089558727176439e-12
1.9108192582446304e-12
1.8553088732883947e-12
1.9632270739927523e-12
1.7880111324405021e-12
1.9521781732137544e-12
1.8813890809521758e-12
1.9176280910433339e-12
1.9142433163097754e-12
1.8324045220775179e-12
1.9768061251886902e-12
1.8064943696671099e-12
1.9369738980942447e-12
1.8825576275466995e-12
1.9161645657573250e-12
1.9522863671450661e-12
1.8123977869324095e-12
1.9621752040566497e-12
1.8274281442760670e-12
1.9518571814643419e-12
1.8843170825724125e-12
1.8916156042151588e-12
1.9633096121570458e-12
1.8151384337465797e-12
1.9583861642073055e-12
1.8290055864607889e-12
1.9613425773524577e-12
1.9180841747708288e-12
1.8754631143576077e-12
1.9545672433686544e-12
1.8093581045585146e-12
1.9834098877313015e-12
1.8475516080770227e-12
1.9262643228912008e-12
1.9399914382400372e-12
1.8785657159824543e-12
1.9754092351510873e-12
1.8030411588079252e-12
1.9849136513677463e-12
1.8856425516491379e-12
1.9309861811454126e-12
1.9383509963077128e-12
1.8623879450558075e-12
1.9996943809531785e-12
1.7994363376469051e-12
1.9649373158290356e-12
1.8957491683586535e-12
1.9400857599541796e-12
1.9562644316764030e-12
1.8309262439337211e-12
1.9860281328704437e-12
1.8458844001560491e-12
1.9702130679253432e-12
1.9038139605737540e-12
1.9138785351248513e-12
1.9891531068555623e-12
1.8320160733307575e-12
1.9783354495738740e-12
1.8462821216563745e-12
1.9837178759464670e-12
1.9244050579967729e-12
1.8878353994108559e-12
1.9795783580332059e-12
1.8345644840291857e-12
2.0002692201620366e-12
1.8563401016634673e-12
1.9636135858481530e-12
1.9614903899796667e-12
1.9060269443438302e-12
1.9877053365443523e-12
1.8030554877371991e-12
2.0114448375723986e-12
1.8983240713062983e-12
1.9490056536536853e-12
1.9604823210370951e-12
1.8982661764068217e-12
2.0152052908279495e-12
1.8087616556063586e-12
1.9992064884679979e-12
1.9131228183607280e-12
1.9643944173903431e-12
1.9665466357967467e-12
1.8669793241944507e-12
2.0152156297677591e-12
1.8588426053011874e-12
2.0008219772884795e-12
1.9214406289620557e-12
1.9449213394776036e-12
2.0058739404274585e-12
1.8541085660999244e-12
2.0100348843248580e-12
1.8638013417780676e-12
2.0096985865095734e-12
1.9343045454268728e-12
1.9200208034563845e-12
2.0227994145892218e-12
1.8545704773639595e-12
2.0147996298624472e-12
1.8781119358484635e-12
2.0052742066618962e-12
1.9753380195823911e-12
1.9083939262079001e-12
2.0106386989327549e-12
1.8322550214260653e-12
2.0271098352673722e-12
1.9159211465546542e-12
1.9840466447538763e-12
1.9860033955176256e-12
1.9032857778497996e-12
2.0404064090472962e-12
1.8255968113564414e-12
2.0192605083734483e-12
1.9285618354357044e-12
1.9798244635999088e-12
1.9771079650655216e-12
1.8963001075480796e-12
2.0497846896260134e-12
1.8421120168616806e-12
2.0026570924902084e-12
1.9448374882981471e-12
1.9880280302568419e-12
2.0049481206935022e-12
1.8639289452973271e-12
2.0404873886248259e-12
1.8704093988190013e-12
2.0142065599063633e-12
1.9506604156707262e-12
1.9578325463809299e-12
2.0269654089905945e-12
1.8538537441626143e-12
2.0418346520218813e-12
1.8798855406542297e-12
2.0198097754674878e-12
1.9783173335869467e-12
1.9369518609651942e-12
2.0247195991953064e-12
1.8492993374096097e-12
2.0463393687838762e-12
1.9067792435700457e-12
2.0020962871876860e-12
2.0144464051200764e-12
1.9312299975191525e-12
2.0385261144524948e-12
1.8286866058272552e-12
2.0553050110346120e-12
1.9230030394288058e-12
1.9922594820171617e-12
2.0125170742100735e-12
1.9163292769580150e-12
2.0512672529953196e-12
1.8452458225184215e-12
2.0513866624384307e-12
1.9562713766455689e-12
1.9950301425940467e-12
2.0192522740011221e-12
1.8966633354789801e-12
2.0669432100449824e-12
1.8761937363308586e-12
2.0346805029958223e-12
1.9709104774801266e-12
1.9822205069933245e-12
2.0468182695453983e-12
1.8724586124167923e-12
2.0650340002404196e-12
1.8957684915646949e-12
2.0422572151507772e-12
2.0026954018658259e-12
1.9747693081213902e-12
2.0439163370347262e-12
1.8701308532745172e-12
2.0682975329887958e-12
1.9169375978680849e-12
2.0275868918673122e-12
2.0207203323094870e-12
1.9532024317347062e-12
2.0557530682869388e-12
1.8560195739285125e-12
2.0772034654941467e-12
1.9324576304690002e-12
2.0173829196009284e-12
2.0336886804910632e-12
1.9533571493543096e-12
2.0670968926122195e-12
1.8529568784392555e-12
2.0869699761230608e-12
1.9630692371083401e-12
2.0089432282248989e-12
2.0436235504173883e-12
1.9327704336578352e-12
2.0791320593846074e-12
1.8852660772972876e-12
2.0695418095726942e-12
1.9958377875521997e-12
2.0001087270236163e-12
2.0634867373811217e-12
1.9033879620336750e-12
2.0952663558590852e-12
1.9192872136649029e-12
2.0699606538172178e-12
1.9994791707630095e-12
1.9967675503856394e-12
2.0799650877669520e-12
1.8969803107855685e-12
2.0932273589093059e-12
1.9362965749564847e-12
2.0557541858151534e-12
2.0174379270360675e-12
1.9896545234905253e-12
2.0929107563878197e-12
1.8718282983538419e-12
2.0887978854902651e-12
1.9633869683788647e-12
2.0580619529653324e-12
2.0422633063987192e-12
1.9543096900269126e-12
2.1092553575287204e-12
1.8652877721884437e-12
2.0922954544485193e-12
1.9717691651707405e-12
2.0491153563790119e-12
2.0688805091548685e-12
1.9446216804084199e-12
2.1006814681341496e-12
1.9011907444408801e-12
2.0933604550030635e-12
1.9948262266598083e-12
2.0265846280413015e-12
2.0834752730216138e-12
1.9386199321436013e-12
2.1003326360864163e-12
1.9167760527647627e-12
2.0851729655913652e-12
2.0176624570489168e-12
2.0172535055128875e-12
2.0847822225946339e-12
1.9153741845152300e-12
2.1191473650719493e-12
1.9405031392494097e-12
2.0874171071181973e-12
2.0250508665924945e-12
2.0124806256503278e-12
2.1002670701907629e-12
1.8972915794688428e-12
2.1117259691041030e-12
1.9673851227826513e-12
2.0878196947747357e-12
2.0576072998679825e-12
1.9817162258575391e-12
2.1255464677984141e-12
1.8776072141427691e-12
2.1269867699937347e-12
1.9772374640719840e-12
2.0744595501233127e-12
2.0804877159944254e-12
1.9731455470725757e-12
2.1189676872263927e-12
1.8909079449528332e-12
2.1235475221396813e-12
2.0144728168026773e-12
2.0586843099889272e-12
2.0834071015172833e-12
1.9613439497193851e-12
2.1481707012324568e-12
1.9136174581877607e-12
2.1019807810865500e-12
2.0524848743477525e-12
2.0597584641390447e-12
2.1059085043011374e-12
1.9226938565848217e-12
2.1536686246225807e-12
1.9427172882432832e-12
2.1049799465189895e-12
2.0585561213671224e-12
2.0392806985427785e-12
2.1247391680075333e-12
1.9089068692982606e-12
2.1542200233995324e-12
1.9766355024797612e-12
2.1009904558445886e-12
2.0701950922350744e-12
2.0178198177912860e-12
2.1404217407307183e-12
1.9017848906058164e-12
2.1336466096079859e-12
1.9926361663986833e-12
2.0892366960742907e-12
2.0984970447704663e-12
1.9927139796228238e-12
2.1361274359516587e-12
1.9032859149472636e-12
2.1399298122235775e-12
2.0096197383688865e-12
2.0837858625262670e-12
2.1135403040865053e-12
1.9798214349452191e-12
2.1374470864441410e-12
1.9402277769798185e-12
2.1503617846864626e-12
2.0478175948176128e-12
2.0655431206429783e-12
2.1298922803477296e-12
1.9656333737020356e-12
2.1639431901068205e-12
1.9429425489992965e-12
2.1369617308622601e-12
2.0672556158054155e-12
2.0589003466515699e-12
2.1464318050351005e-12
1.9441672705449900e-12
2.1800637854698561e-12
1.9676801375842456e-12
2.1336723371559990e-12
2.0936933450535678e-12
2.0489512696435895e-12
2.1502562706504328e-12
1.9134102120999582e-12
2.1665724435167473e-12
2.0164945737648625e-12
2.1222911299238064e-12
2.1089309449347362e-12
2.0214589203443516e-12
2.1772895683436700e-12
1.9107858568195991e-12
2.1705869994144735e-12
2.0236890488154468e-12
2.1034023531780863e-12
2.1220925854019030e-12
2.0130010021512207e-12
2.1765842276170242e-12
1.9376245593579211e-12
2.1677228498969776e-12
2.0554019516109817e-12
2.0947077436500373e-12
2.1479540472335303e-12
1.9864630817794024e-12
2.1804765164257798e-12
1.9527127071228612e-12
2.1546825493730130e-12
2.0914831592441877e-12
2.0745299851206780e-12
2.1572177074162512e-12
1.9608316107876565e-12
2.1985840444200206e-12
1.9933389752392461e-12
2.1457759805876768e-12
2.0989352552346744e-12
2.0746370760412645e-12
2.1712272682258135e-12
1.9408643578134353e-12
2.1828527240419852e-12
2.0243611678444211e-12
2.1354060058950539e-12
2.1247898170040172e-12
2.0542338962637593e-12
2.1903101932128412e-12
1.9164187945006720e-12
2.1865556915683669e-12
2.0322581105926348e-12
2.1533872804871386e-12
2.1496553995265511e-12
2.0277675965573524e-12
2.2001071942715238e-12
1.9439370993116046e-12
2.2069582807068745e-12
2.0589615978130949e-12
2.1229673599645823e-12
2.1657763298922119e-12
2.0177132397572193e-12
2.2064355379080152e-12
1.9588797084859753e-12
2.1925335674237269e-12
2.0963493677578432e-12
2.1103959781970386e-12
2.1870508106758968e-12
1.9801140321567384e-12
2.2251950504927438e-12
2.0000773725886714e-12
2.1792698044516519e-12
2.1148721959328708e-12
2.0976112609970604e-12
2.2034431475528847e-12
1.9654931320353817e-12
2.2135257640463715e-12
2.0415534295619987e-12
2.1808021571186220e-12
2.1357637021806520e-12
2.0645970264990219e-12
2.2227448030722524e-12
1.9553151384237800e-12
2.2160195442545887e-12
2.0450350346040394e-12
2.1794182990206818e-12
2.1785020653133326e-12
2.0489818470221396e-12
2.2236674035182714e-12
1.9588654303796958e-12
2.2267079259028692e-12
2.0715830024479474e-12
2.1454501077787564e-12
2.1891448582251424e-12
2.0497268323113143e-12
2.2244075281919874e-12
1.9732326580848625e-12
2.2264609488837031e-12
2.1151940818737113e-12
2.1240344692423645e-12
2.1953967554532131e-12
2.0253842132464534e-12
2.2426605708385282e-12
1.9939475595585140e-12
2.2014011408030006e-12
2.1365036806962304e-12
2.1376502492316316e-12
2.2066139300796583e-12
1.9818436427308487e-12
2.2417995690783519e-12
2.0423898395602363e-12
2.2094928574901246e-12
2.1375582972577939e-12
2.1071286609552622e-12
2.2424044568104938e-12
1.9744442178868152e-12
2.2527958461965758e-12
2.0695080475065152e-12
2.1976493311874726e-12
2.1788256543501738e-12
2.0750388323657684e-12
2.2580866690624340e-12
1.9419958120557245e-12
2.2465179923581453e-12
2.0783616280410901e-12
2.1876307898430720e-12
2.2076909086266900e-12
2.0578769216120200e-12
2.2478877825961821e-12
1.9737184129545229e-12
2.2366673324947173e-12
2.1400002531692596e-12
2.1646772653517222e-12
2.2162184424072683e-12
2.0386904632222623e-12
2.2747150285081531e-12
2.0070727769185895e-12
2.2272555928493805e-12
2.1625558704344292e-12
2.1566523328391210e-12
2.2262647127559948e-12
2.0108562271964093e-12
2.2829797178540358e-12
2.0361619941635324e-12
2.2293936486254501e-12
2.1606171552715632e-12
2.1536370371736175e-12
2.2579260198024950e-12
1.9904655851602029e-12
2.2653902639478577e-12
2.0771365436076143e-12
2.2169762945312400e-12
2.1968716334983904e-12
2.1148710768741680e-12
2.2672645683732012e-12
1.9671636732689832e-12
2.2750492512963565e-12
2.1027873565503765e-12
2.2188214516572536e-12
2.2102596350079735e-12
2.0860598044099963e-12
2.2718653660166540e-12
1.9950494531383925e-12
2.2825691318329072e-12
2.1218881974519300e-12
2.2008224328585879e-12
2.2398620078255818e-12
2.0823185148315939e-12
2.2755417849971575e-12
2.0255397048429091e-12
2.2830756612338922e-12
2.1567487387861271e-12
2.1714174750725930e-12
2.2583497316106451e-12
2.0483677227518596e-12
2.3149871323412695e-12
2.0285073300667154e-12
2.2643330333881224e-12
2.1856632475033222e-12
2.1684359970234480e-12
2.2832349910481086e-12
2.0166191390060142e-12
2.3032538295042582e-12
2.0907328300388579e-12
2.2504802621427522e-12
2.2188780418471694e-12
2.1376091523787232e-12
2.3067722294943808e-12
1.9836962273081752e-12
2.2994899283458578e-12
2.1100012700749921e-12
2.2296718658357383e-12
2.2418989453786762e-12
2.1135760849506561e-12
2.3091010368502627e-12
1.9893592647053288e-12
2.3114544070010753e-12
2.1339590015958279e-12
2.2313326728535760e-12
2.2538841323335333e-12
2.1136364491051176e-12
2.3065636867995423e-12
2.0208276561998813e-12
2.2899718554321961e-12
2.1726570234337998e-12
2.2051913423932784e-12
2.2765049112953906e-12
2.0705699976940048e-12
2.3201815744749504e-12
2.0513580886688389e-12
2.2877176177935885e-12
2.2007097466900017e-12
2.1910163693055711e-12
2.2915875336980963e-12
2.0405425089945693e-12
2.3250774468319647e-12
2.0990260897167737e-12
2.2809660706133593e-12
2.2269328693581623e-12
2.1650278276315904e-12
2.3139232488893906e-12
2.0237629930252793e-12
2.3236291066192064e-12
2.1220262038726163e-12
2.2671816987053749e-12
2.2499728968078567e-12
2.1465075501681528e-12
2.3328379388557494e-12
1.9937752552469089e-12
2.3410109483977246e-12
2.1452244503932413e-12
2.2661671828151715e-12
2.2584449270333673e-12
2.1281062858648640e-12
2.3529148617590177e-12
2.0164972180434346e-12
2.3247872262511222e-12
2.1819548688747825e-12
2.2386512877924329e-12
2.3001600985704795e-12
2.0855496762528417e-12
2.3449978577591332e-12
2.0554652548071694e-12
2.3131080271392689e-12
2.2156761314145375e-12
2.2057227430042011e-12
2.3223610696538267e-12
2.0475548777613236e-12
2.3526904709150808e-12
2.1086053986103951e-12
2.3026634564628168e-12
2.2384326376149661e-12
2.1915372905384580e-12
2.3297121838425343e-12
2.0509975191520276e-12
2.3349815483994264e-12
2.1413265965241973e-12
2.2897366355049357e-12
2.2661918404711935e-12
2.1715416376442331e-12
2.3523700391860465e-12
2.0131383916039753e-12
2.3495854755217515e-12
2.1548452980282502e-12
2.2972549493829396e-12
2.2886263749074693e-12
2.1521453118014411e-12
2.3598024482322968e-12
2.0278209574656660e-12
2.3533158299120064e-12
2.1946096363287493e-12
2.2681505795978763e-12
2.3108261327838907e-12
2.1254730768616649e-12
2.3674699908230202e-12
2.0674842217526477e-12
2.3480178112427900e-12
2.2258142103366139e-12
2.2421279554320186e-12
2.3406445605774495e-12
2.0882729776316978e-12
2.3834701435397269e-12
2.1067630877830759e-12
2.3453433326132254e-12
2.2566715544785331e-12
2.2460583584728479e-12
2.3549517236092816e-12
2.0719679643478409e-12
2.3832046601615439e-12
2.1233191143418576e-12
2.3350442292614194e-12
2.2742479246029201e-12
2.2047484955193567e-12
2.3898283765586203e-12
2.0394286634941244e-12
2.3862122528842082e-12
2.1650468768591330e-12
2.3232755711697572e-12
2.3215944589872812e-12
2.1717685109603096e-12
2.3852445246754441e-12
2.0390913016466842e-12
2.3924793473732071e-12
2.2071436989862723e-12
2.2941834282800060e-12
2.3471331718464686e-12
2.1581248980748329e-12
2.3918521768869862e-12
2.0775135524526561e-12
2.3754104403582553e-12
2.2624782924673320e-12
2.2624338555176250e-12
2.3550990807856572e-12
2.1363994216004175e-12
2.4088628551717573e-12
2.1271907902014507e-12
2.3827117379807655e-12
2.2829748785125436e-12
2.2773875969008803e-12
2.3767439557892292e-12
2.1110359845334952e-12
2.4183628578406154e-12
2.1398881346360877e-12
2.3660569274098776e-12
2.2961606754342268e-12
2.2588721009927315e-12
2.3999858999177991e-12
2.0644456670188769e-12
2.4114279505025207e-12
2.1868139925265168e-12
2.3550440751881355e-12
2.3325380405874756e-12
2.2077328749654700e-12
2.4281028873182192e-12
2.0344866435149826e-12
2.4172952270609523e-12
2.2059570941551482e-12
2.3428745320997040e-12
2.3568769818622138e-12
2.1847743657582744e-12
2.4183056661603747e-12
2.0905358950275792e-12
2.4179176910276407e-12
2.2478594607137271e-12
2.3188609364513036e-12
2.3868725413453528e-12
2.1745902363324148e-12
2.4332357370461172e-12
2.1120839983406784e-12
2.4110162976206697e-12
2.2858546183746588e-12
2.2837216112091964e-12
2.4063720850022800e-12
2.1196805159437678e-12
2.4538648881521792e-12
2.1498777908391868e-12
2.4034683794123033e-12
2.3116395132680689e-12
2.2773187137647437e-12
2.4186703151903504e-12
2.0923399398018545e-12
2.4427171529623049e-12
2.2190943906982196e-12
2.3660403611782168e-12
2.3570719495978413e-12
2.2390175900684630e-12
2.4599684239944089e-12
2.0636126964385584e-12
2.4459110100326553e-12
2.2351891306929052e-12
2.3753514272647377e-12
2.3779300009779465e-12
2.2283411349918466e-12
2.4592284569033377e-12
2.0834421465839621e-12
2.4487421396218664e-12
2.2560180507449085e-12
2.3853790922149614e-12
2.3892009967404675e-12
2.1945586900725890e-12
2.4569599600813175e-12
2.1182585376904093e-12
2.4453541939165211e-12
2.2846996243539961e-12
2.3227865730078172e-12
2.4294545993060614e-12
2.1536837763341550e-12
2.4814897020253392e-12
2.1432808122871535e-12
2.4432842549548370e-12
2.3092660850884560e-12
2.2984585992112032e-12
2.4440064399337562e-12
2.1196964741305087e-12
2.4643001684862019e-12
2.1904805295265598e-12
2.4114744689405973e-12
2.3833219136337426e-12
2.2655795487248662e-12
2.4682627797470928e-12
2.0936931123035199e-12
2.4855213738297318e-12
2.2428842797854344e-12
2.4063908173247529e-12
2.3988269179131487e-12
2.2428888151199347e-12
2.4888259231675495e-12
2.0785135062003308e-12
2.5006130055141999e-12
2.2562460221712397e-12
2.3848350009605535e-12
2.4132317345199296e-12
2.2361344279222815e-12
2.4895392110205704e-12
2.1128230778509144e-12
2.4713261830466449e-12
2.3084337185654414e-12
2.3521288342660188e-12
2.4490421387916105e-12
2.1835913459030257e-12
2.4992923406689601e-12
2.1565449910007213e-12
2.4585572829534499e-12
2.3556637070245133e-12
2.3272754389106228e-12
2.4677093479489623e-12
2.1503246132735434e-12
2.5101573188903014e-12
2.2116367998465578e-12
2.4407145813623068e-12
2.3745897379302572e-12
2.3192376942773339e-12
2.4820113762878215e-12
2.1236276852207420e-12
2.4998803347871984e-12
2.2577936449713214e-12
2.4398441305842521e-12
2.3971893082603025e-12
2.2926150054048655e-12
2.5188327589319274e-12
2.0781139301464538e-12
2.5239420715135652e-12
2.2740342091725716e-12
2.4323284439987331e-12
2.4271522706588256e-12
2.2573997931929986e-12
2.5402848788133751e-12
2.1125119262951085e-12
2.5046633147982957e-12
2.3183732918001451e-12
2.4053475536020059e-12
2.4605876760861366e-12
2.2102674990454091e-12
2.5330666450630682e-12
2.1802634950029420e-12
2.4879980618445272e-12
2.3731768190299273e-12
2.3677770079241408e-12
2.5098854978188590e-12
2.1865573281063132e-12
2.5466115470961290e-12
2.2118931149804254e-12
2.4831747469775121e-12
2.3891609059325111e-12
2.3422244813376816e-12
2.5070923469376907e-12
2.1507889610437321e-12
2.5369704927004899e-12
2.2419578088051945e-12
2.4826849445116842e-12
2.4392315057664020e-12
2.3266081886333135e-12
2.5380961755134890e-12
2.1175831204636904e-12
2.5597021186393096e-12
2.2822321782739737e-12
2.4580387573356949e-12
2.4649648477229947e-12
2.2907254919992063e-12
2.5519295447731864e-12
2.1152417148679903e-12
2.5415927601448878e-12
2.3266529105346783e-12
2.4333915054036107e-12
2.4756028714545570e-12
2.2613573501090502e-12
2.5544671961773392e-12
2.1857266175923455e-12
2.5229163424123375e-12
2.3820085145330866e-12
2.4109413331121443e-12
2.5274415026754422e-12
2.2101242012809359e-12
2.5648419133243736e-12
2.1986033333599819e-12
2.5246413630016842e-12
2.3954394493631253e-12
2.3893612542124905e-12
2.5355550138738942e-12
2.1768186475890509e-12
2.5838914043057334e-12
2.2419405300451821e-12
2.5237207044883261e-12
2.4410151932048709e-12
2.3577825184269574e-12
2.5637000361867838e-12
2.1482621840204769e-12
2.5834439711306672e-12
2.2829155817990636e-12
2.4789667211050222e-12
2.4899296585369485e-12
2.3074474480479668e-12
2.5696795932959485e-12
2.1136909614336905e-12
2.5758055332817335e-12
2.3327267738630302e-12
2.4588056626938733e-12
2.4974153988468022e-12
2.3096706260532474e-12
2.5860751269250232e-12
2.1660923718033034e-12
2.5501564884586560e-12
2.4012919581987025e-12
2.4394437112790916e-12
2.5315300449320730e-12
2.2482837058162860e-12
2.6000898572396362e-12
2.2073685553930339e-12
2.5529628469989832e-12
2.4118798985827609e-12
2.4192345923794946e-12
2.5605693938050072e-12
2.2086249765539109e-12
2.6136858729415049e-12
2.2591315192236697e-12
2.5574741979065537e-12
2.4423641573318334e-12
2.4025673075626449e-12
2.5868203305363254e-12
2.1823282696090065e-12
2.6076983726670608e-12
2.2976317085249742e-12
2.5255104495870944e-12
2.5001045951773897e-12
2.3578388497108278e-12
2.6000890111378273e-12
2.1253475192346014e-12
2.6049239606256479e-12
2.3582320182450994e-12
2.5294279589367294e-12
2.5126729367466809e-12
2.3351852106050689e-12
2.6277520793607439e-12
2.1752509876316960e-12
2.5988524200499502e-12
2.3899322983602362e-12
2.4925595650889770e-12
2.5541866670858353e-12
2.2824636621140120e-12
2.6328125616937778e-12
2.2191029683762630e-12
2.5951750801721082e-12
2.4224492100775814e-12
2.4605146835003001e-12
2.6051827873094661e-12
2.2426358569373516e-12
2.6419159063254192e-12
2.2514829641547454e-12
2.6098741014667124e-12
2.4840731808686026e-12
2.4263000617585016e-12
2.6175209079096655e-12
2.2155278583881667e-12
2.6424392817669725e-12
2.3108829107474511e-12
2.5691809591065605e-12
2.5205774511612819e-12
2.3834460570894315e-12
2.6170895212213136e-12
2.1781337289856020e-12
2.6677831522297493e-12
2.3578707946821423e-12
2.5508854656318690e-12
2.5583058326037914e-12
2.3897448468222454e-12
2.6407772310196280e-12
2.1510837353905617e-12
2.6670053802623648e-12
2.3997357232902564e-12
2.5298019642493686e-12
2.5646946249058596e-12
2.3409352803523170e-12
2.6622768587504214e-12
2.2027396605964068e-12
2.6360049921233719e-12
2.4476388503890253e-12
2.5003504474022682e-12
2.6099556353675916e-12
2.2767280923505857e-12
2.6903489436145925e-12
2.2620955861621558e-12
2.6307641846964490e-12
2.4770013464083907e-12
2.4648825479987873e-12
2.6346380990999167e-12
2.2323062915953761e-12
2.6771981051999167e-12
2.3258483735769073e-12
2.6032045772484404e-12
2.5254688517247757e-12
2.4333435639215255e-12
2.6678775492577374e-12
2.2087693098326488e-12
2.6885558627154034e-12
2.3684064772290017e-12
2.5900360908464560e-12
2.5717821840700978e-12
2.4020060499867040e-12
2.7097737572652637e-12
2.1520386671817209e-12
2.6837209335779982e-12
2.3963928970739485e-12
2.5873542154615032e-12
2.6006018948192676e-12
2.3608483575416587e-12
2.7012774591555316e-12
2.2055270966585742e-12
2.6828264116931848e-12
2.4661602154577476e-12
2.5312497155714428e-12
2.6414490552868430e-12
2.3178269297354376e-12
2.7145444584878533e-12
2.2626876215341287e-12
2.6585251746546182e-12
2.5053949832430743e-12
2.4992556701398728e-12
2.6654468865897543e-12
2.2696503825386320e-12
2.7135887642412766e-12
2.3249605379038642e-12
2.6543743319935578e-12
2.5324779982561221e-12
2.4956183764214660e-12
2.6860803728183277e-12
2.2526505951116550e-12
2.7003970007658093e-12
2.3743363059040566e-12
2.6438729661725945e-12
2.5941351696388669e-12
2.4318508988702992e-12
2.7101615775881374e-12
2.1789214845405592e-12
2.7339661591490147e-12
2.4012483201444134e-12
2.6064444972701438e-12
2.6326723208954866e-12
2.3977610414253354e-12
2.7426552520696532e-12
2.2074144523116999e-12
2.7177135088449301e-12
2.4769939120328103e-12
2.5728372243532512e-12
2.6616765940173513e-12
2.3671752005328332e-12
2.7479221326412112e-12
2.2654873452934283e-12
2.6829665917576633e-12
2.5215502851057868e-12
2.5499138448003033e-12
2.6843668594703989e-12
2.2969921896929676e-12
2.7649554470684826e-12
2.3272311301226090e-12
2.6960219231683042e-12
2.5470215707925905e-12
2.5438849158937337e-12
2.7036820980598544e-12
2.2724682044828933e-12
2.7542978349458481e-12
2.3743758009741157e-12
2.6719727684841303e-12
2.5916037340991262e-12
2.4735675018223133e-12
2.7533459731083663e-12
2.2210184951422172e-12
2.7604752007626937e-12
2.4222648724071872e-12
2.6497659913191192e-12
2.6714708990525367e-12
2.4374319774139921e-12
2.7594472312585898e-12
2.2052654933883859e-12
2.7733502131481063e-12
2.4716218547861835e-12
2.6246341499345565e-12
2.6722800771980625e-12
2.4190590486918392e-12
2.7573379278735132e-12
2.2547221594470504e-12
2.7346494252245427e-12
2.5415213036412416e-12
2.5955061841465661e-12
2.7034648907157982e-12
2.3597273759249824e-12
2.8002371838875692e-12
2.3170487440941447e-12
2.7413594195140816e-12
2.5554412874059973e-12
2.5754350820156853e-12
2.7332686508581920e-12
2.3037033935478526e-12
2.7961755550563957e-12
2.3685131007970549e-12
2.7262885362799228e-12
2.6151371785740851e-12
2.5268797448202428e-12
2.7879912211349925e-12
2.2532155671141615e-12
2.7914240815371855e-12
2.4489435934794434e-12
2.6890814502319972e-12
2.6778739812099684e-12
2.4658309426962112e-12
2.8124093023269557e-12
2.2101000847216365e-12
2.7945382181190013e-12
2.4795019350235279e-12
2.6794749822578787e-12
2.6951202518888872e-12
2.4538589656976395e-12
2.7954993897255662e-12
2.2764219065946381e-12
2.7842539542570808e-12
2.5318606714977404e-12
2.6643466941402814e-12
2.7370929809863947e-12
2.3976139038404442e-12
2.8195662044120720e-12
2.3184060878084057e-12
2.7834578392369875e-12
2.5765666653383365e-12
2.6075820695227009e-12
2.7694749154797460e-12
2.3318817800433147e-12
2.8371932362954221e-12
2.3688385760932002e-12
2.7743477651043342e-12
2.6364012773727949e-12
2.5794893725079306e-12
2.7955569332510968e-12
2.2997631450295849e-12
2.8371347949408196e-12
2.4509872230957978e-12
2.7266369120084815e-12
2.6990234624432347e-12
2.5130610505775966e-12
2.8290550689201151e-12
2.2466202839713894e-12
2.8387034766217910e-12
2.4812487144169150e-12
2.7275347503402109e-12
2.7133201282161793e-12
2.4911899621004677e-12
2.8486633104449594e-12
2.2626312357853745e-12
2.8471766694213935e-12
2.5292299743107454e-12
2.7330972400424601e-12
2.7536248023193079e-12
2.4415416273335923e-12
2.8592969857925264e-12
2.3145970884371696e-12
2.8266247706046779e-12
2.6045772504334845e-12
2.6499204626069042e-12
2.8059395759687895e-12
2.3645113487872651e-12
2.8951021307679745e-12
2.3585130319118541e-12
2.8334576526249351e-12
2.6607192312270293e-12
2.6429354677433806e-12
2.8182222174309886e-12
2.3302783122513614e-12
2.8790928526763659e-12
2.4610822017001751e-12
2.7951605112507742e-12
2.7079583919711430e-12
2.5926086118329065e-12
2.8537314404057532e-12
2.2736062138731496e-12
2.8586551991860005e-12
2.5084850044480522e-12
2.8031692946818842e-12
2.7299967578847353e-12
2.5392615348029416e-12
2.8914357433967513e-12
2.2800690999369480e-12
2.8895259342780796e-12
2.5363734524450320e-12
2.8178638682428857e-12
2.7781031031336532e-12
2.4814569372292018e-12
2.8744291386757656e-12
2.3206384833699959e-12
2.8696930398131752e-12
2.5994972831604817e-12
2.7327210489167697e-12
2.8460640519136900e-12
2.4205463492313062e-12
2.9109218995934167e-12
2.3618387947794811e-12
2.8750582348583364e-12
2.6610893374843708e-12
2.6736684838642752e-12
2.8507186361453696e-12
2.3786228180868819e-12
2.9145830843697858e-12
2.4396646510004959e-12
2.8722603658627989e-12
2.7046505421416155e-12
2.6740573248770240e-12
2.8645320456310801e-12
2.3240299770699837e-12
2.9178910682330103e-12
2.4894315202761370e-12
2.8452421010612009e-12
2.7672029345056864e-12
2.5976017128641957e-12
2.9300150238624768e-12
2.3140022356001072e-12
2.9441349366642175e-12
2.5532375379376702e-12
2.8653606123186069e-12
2.7994285104173727e-12
2.5317554486561517e-12
2.9311883445061818e-12
2.3086991441032669e-12
2.9351120895961132e-12
2.6184192792855570e-12
2.7914420581087676e-12
2.8527642388134078e-12
2.4716882133420849e-12
2.9515311501368692e-12
2.3779974078168195e-12
2.8882790950948850e-12
2.6749589772442407e-12
2.7414805049193429e-12
2.8846686828211447e-12
2.4051919714071977e-12
2.9625457058157975e-12
2.4359654379614242e-12
2.9330987823570294e-12
2.7074938654132809e-12
2.7505085349400551e-12
2.9028188127758264e-12
2.3674325774446984e-12
2.9480651548518998e-12
2.4980276831825856e-12
2.9252773074149858e-12
2.7824872754686243e-12
2.6741322124917865e-12
2.9719814119890573e-12
2.3390048280809860e-12
2.9797111010590806e-12
2.5640579958603362e-12
2.8986361372419661e-12
2.8423105349844340e-12
2.5765451400808047e-12
2.9853814640708043e-12
2.3589083839920405e-12
2.9772896719206783e-12
2.6282648539666710e-12
2.8694857007735775e-12
2.8697616246327760e-12
2.5609313799225575e-12
2.9715916475101738e-12
2.3731573146161312e-12
2.9471429293662668e-12
2.7109211258030104e-12
2.8207318738698299e-12
2.9154154596353010e-12
2.4671706957487491e-12
3.0019272172482937e-12
2.4190931749081270e-12
2.9946667794476079e-12
2.7311058676570451e-12
2.8130131761429129e-12
2.9367326400543273e-12
2.4040150270935126e-12
3.0117232487458628e-12
2.5033379203854156e-12
3.0035795681527816e-12
2.8142805789734505e-12
2.7662348515918788e-12
2.9980289841227065e-12
2.3510445245937794e-12
3.0084163465263634e-12
2.5845207272281192e-12
2.9414791585727513e-12
2.8759204390928158e-12
2.6465202061865743e-12
3.0149230712955597e-12
2.3596033519571954e-12
3.0410922298722646e-12
2.6194673850415538e-12
2.9634658191004438e-12
2.8831135485794436e-12
2.6550631101201432e-12
2.9967879971212247e-12
2.3957463366641769e-12
3.0279186842217252e-12
2.7012596498081514e-12
2.9225865205603015e-12
2.9454868938511105e-12
2.5597234671881046e-12
3.0397263586500497e-12
2.4267988753349034e-12
3.0572161960929335e-12
2.7504612656874947e-12
2.8636062794522447e-12
2.9830515098325303e-12
2.4279114310707725e-12
3.0686500072146946e-12
2.4951195241217100e-12
3.0859697627288611e-12
2.8251602041592137e-12
2.8211892789600000e-12
3.0112059923918526e-12
2.3767504329096191e-12
3.0449708837947965e-12
2.5956906285633432e-12
3.0017759286217181e-12
2.8826299482529652e-12
2.7116663790809644e-12
3.0461589918117959e-12
2.4031632264815450e-12
3.0809694015859092e-12
2.6310316675945986e-12
3.0328870377948038e-12
2.9021003029928421e-12
2.7141995898297712e-12
3.0507719979520154e-12
2.4129992999674313e-12
3.1190323128957563e-12
2.7053662806388427e-12
3.0235948031658351e-12
2.9671017744130123e-12
2.6253196172611290e-12
3.0676028742153602e-12
2.4577717774296453e-12
3.1066850070981216e-12
2.7843573254010022e-12
2.9173723889009862e-12
3.0161505716768747e-12
2.4702030569965306e-12
3.1188001107663684e-12
2.4883548573848160e-12
3.1308169625556417e-12
2.8332252514785843e-12
2.8832920193541210e-12
3.0319259535551626e-12
2.4246065215312138e-12
3.0920447808437541e-12
2.5906663374096610e-12
3.0731458098590741e-12
2.8917557842080605e-12
2.8189854510653675e-12
3.0697320587295000e-12
2.4297998306211704e-12
3.1218616504688619e-12
2.6419811407922138e-12
3.1007360627308316e-12
2.9267669248541600e-12
2.7634967153058958e-12
3.1183779906545198e-12
2.4536838825852348e-12
3.2046616787915176e-12
2.7026140810845676e-12
3.1001773769000289e-12
2.9837607418458686e-12
2.7044191050646146e-12
3.1207057445800278e-12
2.4653983163898013e-12
3.1594599411335471e-12
2.7844357545874207e-12
2.9860066242064274e-12
3.0728088981648177e-12
2.5476579437735749e-12
3.1419387785375085e-12
2.4868422156987074e-12
3.1946290883310156e-12
2.8456523127000067e-12
2.9505521703719029e-12
3.0738875672257565e-12
2.4991610590386997e-12
3.1469005490030052e-12
2.5977336653138380e-12
3.1801351941808428e-12
2.9149408491187669e-12
2.9315913925301209e-12
3.0987831745704344e-12
2.4633177694483830e-12
3.1777071307166890e-12
2.6505021606211522e-12
3.1661484362412291e-12
2.9722086827376267e-12
2.8295500093099067e-12
3.1741302387795762e-12
2.4836662780985147e-12
3.2822509342885357e-12
2.7098573464828317e-12
3.1872565932776473e-12
3.0084311894945140e-12
2.7502003625185352e-12
3.1635177940771337e-12
2.4768903786631824e-12
3.2452044708128676e-12
2.8088943754325636e-12
3.0736679077459771e-12
3.0804459287610516e-12
2.6660556876514108e-12
3.2007537578545458e-12
2.5036225077917587e-12
3.2269254113326321e-12
2.8696121533384783e-12
3.0139843211836626e-12
3.1179630903385102e-12
2.5718440582451893e-12
3.2044391894368571e-12
2.5877286169551870e-12
3.2646239438763635e-12
2.9059053397387698e-12
3.0188871493763093e-12
3.1525185969014695e-12
2.5105324796588565e-12
3.2317676318348515e-12
2.6482883112593014e-12
3.2363386020010766e-12
3.0076538440847113e-12
2.9165934819959864e-12
3.2009204540639916e-12
2.5202730225817288e-12
3.3404913252597291e-12
2.7268805052946935e-12
3.2332375726535676e-12
3.0360995323132832e-12
2.8226062821598869e-12
3.2108194942960480e-12
2.5165053972452268e-12
3.3397986917588872e-12
2.8098033916027043e-12
3.1605758001180379e-12
3.1035108909412564e-12
2.7760889546984149e-12
3.2256634152922590e-12
2.5482292287780233e-12
3.2878873955196644e-12
2.8869735496595948e-12
3.0964308644871011e-12
3.1559238060144265e-12
2.6406702046798604e-12
3.2646081613406711e-12
2.5676313238074685e-12
3.3507357099716924e-12
2.9055177230592738e-12
3.1037366114126811e-12
3.1774421998304396e-12
2.5771400132012473e-12
3.3084567919449790e-12
2.6496296149779064e-12
3.3225174423567017e-12
3.0274623365222110e-12
3.0003705322117745e-12
3.2465800566048551e-12
2.5568198031157485e-12
3.3782450958095196e-12
2.7315633584436093e-12
3.2656498950222095e-12
3.0793905499798772e-12
2.8948260051510696e-12
3.2604087767459839e-12
2.5614859495962970e-12
3.3722045260269265e-12
2.8105756856005904e-12
3.2711600825139055e-12
3.1259136187125101e-12
2.8799125631130901e-12
3.2484074165590997e-12
2.5924744085453378e-12
3.3518316615935579e-12
2.9039137018323121e-12
3.2210757258828628e-12
3.1850978778629713e-12
2.7470111820078122e-12
3.3060123102103585e-12
2.6235430503402629e-12
3.4246239107530247e-12
2.9455373182291523e-12
3.1862920035708152e-12
3.2198601626774877e-12
2.6292077967127626e-12
3.3806168971243963e-12
2.6656792569788905e-12
3.4192074458598432e-12
3.0488205594430166e-12
3.1073420018337693e-12
3.2920759492711153e-12
2.5613308942370840e-12
3.3995050100652099e-12
2.7551344638288244e-12
3.3270634153362687e-12
3.1266019968162953e-12
2.9841860127772777e-12
3.2922694584494231e-12
2.5846261298113072e-12
3.4417666850579196e-12
2.8008662272285068e-12
3.3837461340223629e-12
3.1206777513698057e-12
2.9851659049700957e-12
3.2979083583028079e-12
2.6040574730935194e-12
3.4777033065330481e-12
2.8918832130489307e-12
3.3255693786055244e-12
3.2044715389599112e-12
2.8585013290469460e-12
3.3649321694306518e-12
2.6463833420233154e-12
3.4802150900328770e-12
2.9648980212641443e-12
3.2402100430214451e-12
3.2822115277973230e-12
2.6667051023897450e-12
3.4519420564739217e-12
2.6487821222107086e-12
3.5074922655227879e-12
3.0668361165362569e-12
3.1954330403988904e-12
3.2953971614992450e-12
2.6158637937362086e-12
3.4516858491438186e-12
2.7655974105996672e-12
3.4084046180598417e-12
3.1291423659004441e-12
3.0847983287049216e-12
3.3351564328746379e-12
2.6348493950817584e-12
3.5136529920544647e-12
2.8132211002586897e-12
3.4781062663016602e-12
3.1539786998689552e-12
3.0527011709485582e-12
3.3705187287303815e-12
2.6449242054371531e-12
3.5803366863596283e-12
2.8949195453777734e-12
3.4563320986012849e-12
3.2431105421156830e-12
2.9310572875626281e-12
3.3888438228539454e-12
2.6702368840196472e-12
3.5451231172103306e-12
3.0038382701525415e-12
3.2880420922601722e-12
3.3074376021561276e-12
2.7464066194329633e-12
3.5242828317945367e-12
2.6748988141625070e-12
3.5760046467767554e-12
3.0440275970410107e-12
3.2763458854615498e-12
3.3385965124459569e-12
2.6972491764187302e-12
3.5194585031530307e-12
2.7526360585686170e-12
3.5255920159443559e-12
3.1301166969229072e-12
3.2091624882278610e-12
3.3863795265937546e-12
2.6597510221882003e-12
3.5878556889979509e-12
2.8151114650009892e-12
3.5361286099986020e-12
3.1933164840618900e-12
3.1111720554539531e-12
3.4322156442692588e-12
2.6998977982331804e-12
3.6841818565358158e-12
2.8950526430777493e-12
3.5233702436325780e-12
3.2523124616853811e-12
3.0207500938494259e-12
3.4415828084270891e-12
2.6957257026203408e-12
3.6144685222023063e-12
3.0129090993444753e-12
3.3715123208037828e-12
3.3529168520733436e-12
2.8815163517466378e-12
3.5445887359384636e-12
2.7322311707286758e-12
3.6309640070207766e-12
3.0909802268454189e-12
3.3596632092211765e-12
3.3663875991645690e-12
2.7966882045290074e-12
3.5801068608839577e-12
2.7484623259535267e-12
3.6672062833737286e-12
3.1416592741034474e-12
3.3413558946397705e-12
3.4278950211751523e-12
2.6957166264497320e-12
3.6428380697439231e-12
2.8203529608612420e-12
3.6237782890130349e-12
3.2508359585283634e-12
3.1897334262153419e-12
3.4926942703922855e-12
2.7072515173848697e-12
3.7507391010184218e-12
2.8848228718302276e-12
3.6218228860614696e-12
3.2994704082466192e-12
3.0839244023925324e-12
3.5299512284725884e-12
2.7049844977110340e-12
3.7039893020144544e-12
3.0167505623155084e-12
3.5066949516496852e-12
3.3639723624351879e-12
3.0165953406786972e-12
3.5889640953831629e-12
2.7850204053582583e-12
3.6888465598609780e-12
3.1027455393609735e-12
3.4386628040750679e-12
3.4117306669952222e-12
2.8509231206933697e-12
3.6813642137409858e-12
2.7866873681611242e-12
3.7498479095346478e-12
3.1485662362624336e-12
3.4428139085664070e-12
3.4595985608062284e-12
2.7687193963799539e-12
3.7055601779284426e-12
2.8286079139314421e-12
3.6975704727051197e-12
3.2933823287989659e-12
3.2813763962315980e-12
3.5417028685284351e-12
2.7506858319401171e-12
3.8013366823567207e-12
2.9099389147415542e-12
3.6697296651804777e-12
3.3382674153788109e-12
3.1977007605470880e-12
3.5722495587580183e-12
2.7519055923969080e-12
3.7885337493979773e-12
3.0195112287437280e-12
3.6565604875031163e-12
3.3939166886557408e-12
3.1512679951531649e-12
3.5832823713735346e-12
2.8163931424054703e-12
3.7616783277516870e-12
3.1213242837504282e-12
3.5496751627905281e-12
3.4514323518578365e-12
2.9537121636086946e-12
3.7305120309772309e-12
2.8305571562404937e-12
3.8619942818499540e-12
3.1581867328110431e-12
3.5293250037826152e-12
3.4970349249479443e-12
2.8579833579887680e-12
3.8025955797969947e-12
2.8419418490278335e-12
3.8146059339405717e-12
3.2845962492003880e-12
3.3932749403645452e-12
3.5857663560374571e-12
2.7771146133504627e-12
3.8550837493637841e-12
2.9175944295927439e-12
3.7059783350968365e-12
3.3673171524637104e-12
3.2854775262051388e-12
3.6347170408686430e-12
2.8076613613799467e-12
3.8707520213529379e-12
3.0070059037329415e-12
3.7673453477295405e-12
3.3863161573218403e-12
3.2702407534678994e-12
3.6250863958830403e-12
2.8422780335474563e-12
3.8789053538669589e-12
3.1122226521042176e-12
3.6873722723866876e-12
3.4870405892898476e-12
3.1065155035114865e-12
3.7968210301700971e-12
2.8860158575924484e-12
3.9256918629818928e-12
3.1988546680322119e-12
3.6308912083126683e-12
3.5414037758574010e-12
2.9204048040979516e-12
3.8873664017774396e-12
2.8372656509793035e-12
3.9128705883792623e-12
3.3196824571147481e-12
3.5425221707245621e-12
3.6051998894968430e-12
2.8169136181655499e-12
3.8773938922435130e-12
2.9602138149033084e-12
3.8140013725122185e-12
3.3975040728633601e-12
3.4052188474713796e-12
3.6472694220020815e-12
2.8566970870847352e-12
3.9791570615535774e-12
2.9881983967803146e-12
3.8950006133123833e-12
3.4159612960161740e-12
3.4255655174068840e-12
3.7374032592280270e-12
2.8779253617037084e-12
4.0313205799194000e-12
3.1048567506820362e-12
3.8435033071622243e-12
3.5338592905602803e-12
3.2906870818181920e-12
3.8437504152824250e-12
2.9161186854766334e-12
4.0127044798668664e-12
3.2078701669349085e-12
3.6893745699610216e-12
3.6065888045077458e-12
2.9871839811958523e-12
3.9569911013291095e-12
2.9094386876171743e-12
4.0345183110241295e-12
3.3174773616078653e-12
3.6809208118259844e-12
3.6215832989218701e-12
2.9502156703867780e-12
3.9275913878091836e-12
2.9502805498480186e-12
3.9575911788085905e-12
3.4100393548095879e-12
3.6185797429551042e-12
3.7007221823167575e-12
2.9124021499738069e-12
4.0658480335731504e-12
3.0015844748896174e-12
4.0118732342028962e-12
3.4676207763490090e-12
3.5305726494136904e-12
3.8300981994433250e-12
2.9157728720712118e-12
4.1521089125819510e-12
3.1296502480010819e-12
4.0301806250423789e-12
3.5582867415498669e-12
3.3851842580870802e-12
3.8774381383675778e-12
2.9299173009612612e-12
4.0574211607955077e-12
3.2690039628086056e-12
3.7816706841718218e-12
3.6271792417408801e-12
3.1371716684958851e-12
4.0357211408683113e-12
2.9655730421070204e-12
4.1072079966408865e-12
3.3356877615377852e-12
3.8049708668416761e-12
3.6709887755534840e-12
3.0536278756904254e-12
4.0401068381129849e-12
2.9653718687816510e-12
4.1053980510433320e-12
3.4127916524234960e-12
3.7945689200932743e-12
3.7365254406501181e-12
2.9339776155715836e-12
4.1486373271011366e-12
3.0015793296131631e-12
4.0818448616345739e-12
3.5179865886910178e-12
3.6246415144614470e-12
3.9126412422178191e-12
2.9709801662764895e-12
4.2545804152975940e-12
3.1272377634849033e-12
4.0907058274650233e-12
3.5799068875537995e-12
3.5151956668722159e-12
3.9507715421032050e-12
2.9588704666512517e-12
4.1588571320851237e-12
3.2440507452928828e-12
3.9429318837666983e-12
3.6932178062041804e-12
3.4109004061358252e-12
4.0532992449412329e-12
3.0378175768784980e-12
4.1848576488349701e-12
3.3606146192581916e-12
3.9242246200056929e-12
3.7152972345801253e-12
3.2082382564821337e-12
4.1358993229393358e-12
3.0378702228688192e-12
4.2437301145492210e-12
3.4388733121031025e-12
3.9798353182375706e-12
3.7875600813091724e-12
3.0884885204595921e-12
4.2009853773591684e-12
3.0263811538739749e-12
4.1791992218222614e-12
3.5743913210773161e-12
3.7793718459321202e-12
3.9868009216194757e-12
3.0025526844966452e-12
4.3226338106845760e-12
3.1284203915180047e-12
4.1945200311794388e-12
3.6081077248161785e-12
3.6444944709943025e-12
4.0396814354761617e-12
3.0048155049562961e-12
4.2484116856106551e-12
3.2643626325764271e-12
4.1646424016077900e-12
3.7153691980042952e-12
3.6115568936961662e-12
4.0723016154484429e-12
3.0715726958083406e-12
4.2716701623050877e-12
3.3523237469102903e-12
4.0678488637750929e-12
3.7907174076201416e-12
3.3530093197167082e-12
4.2486206459232825e-12
3.1033715562790545e-12
4.3579903469861092e-12
3.4341434534919398e-12
4.1427455678418195e-12
3.8416281174312653e-12
3.2259883548062751e-12
4.3011306362643386e-12
3.0656623116188582e-12
4.2935433559784243e-12
3.6241671265595253e-12
3.9855939472706110e-12
3.9915802880957183e-12
3.0436691630511652e-12
4.3925845663598728e-12
3.1452247379389390e-12
4.2617908916182829e-12
3.6620455368762820e-12
3.8300285711282640e-12
4.0750088232398676e-12
3.0720313022006536e-12
4.4019930039776668e-12
3.2810191237369792e-12
4.3797125349695967e-12
3.7231816645794461e-12
3.8698539638405459e-12
4.1041623113949237e-12
3.1101838088889985e-12
4.3758695655062249e-12
3.3654993021423361e-12
4.3018715503371902e-12
3.8569038513599637e-12
3.5725013875015186e-12
4.3229727020612942e-12
3.1412799180899679e-12
4.4652349099104799e-12
3.4748728444947198e-12
4.2457555035418659e-12
3.8818524278555941e-12
3.3373021203863661e-12
4.4032981114156609e-12
3.1021049656864446e-12
4.4506704804233805e-12
3.6093549144531760e-12
4.1372913768611120e-12
4.0237029013416082e-12
3.2187719272356793e-12
4.4067850838923899e-12
3.1652840726397423e-12
4.3238048304617397e-12
3.6799184145175313e-12
3.9672199389793650e-12
4.1454088745709259e-12
3.1410243609657496e-12
4.5139174166175661e-12
3.2416209585337657e-12
4.5570759303127253e-12
3.7209939846945234e-12
4.0276738639075025e-12
4.2166423603952949e-12
3.1528603622854845e-12
4.5300240203092393e-12
3.3883094185217644e-12
4.5306553833756494e-12
3.8704795083749153e-12
3.7946869898467119e-12
4.3930778202217961e-12
3.1980865472460142e-12
4.5509512466891212e-12
3.4918095839422703e-12
4.3752309874342940e-12
3.9675725176440384e-12
3.4510757100144016e-12
4.4976957319712852e-12
3.1849365258715325e-12
4.5753920537349502e-12
3.6302578716247193e-12
4.3624299265734465e-12
4.0032839612390780e-12
3.3907092097743661e-12
4.4503844986838931e-12
3.1884642709055759e-12
4.5470736863606565e-12
3.7327862480897901e-12
4.2285043540699440e-12
4.1597361370352360e-12
3.1793135135892952e-12
4.6467635907844979e-12
3.2317739862769246e-12
4.7123479454565391e-12
3.7901881683437222e-12
4.1757158198460233e-12
4.3331716191864534e-12
3.1980470592171152e-12
4.6991833519166995e-12
3.3725869364508802e-12
4.7118835979799199e-12
3.9146084693840458e-12
3.9740698712882384e-12
4.4360673029324055e-12
3.2042747441521057e-12
4.6449759925877844e-12
3.5288817668554202e-12
4.4280127179532453e-12
3.9936341922480105e-12
3.6485178265111158e-12
4.5786925158794742e-12
3.2355446845264885e-12
4.7028554462424636e-12
3.6285385508336472e-12
4.5129442834041728e-12
4.0217455047602077e-12
3.6076107720243347e-12
4.5742794550054786e-12
3.2564275236362719e-12
4.7661481633277687e-12
3.7276096316498660e-12
4.4874331626478906e-12
4.2399460324174950e-12
3.4009019841800404e-12
4.7343188794225160e-12
3.2771907754625633e-12
4.8633287327940129e-12
3.8541686404953651e-12
4.3280060447788630e-12
4.4458308731192259e-12
3.2567942266502293e-12
4.8240386296577782e-12
3.3784762650289789e-12
4.9334778477685136e-12
3.9362914295701103e-12
4.1249162603738760e-12
4.4564010939102165e-12
3.2516359228315187e-12
4.6928729251451795e-12
3.5578785837442020e-12
4.6771053950741183e-12
4.0354886831875394e-12
3.9357856409598231e-12
4.6428331401336256e-12
3.3287888625779635e-12
4.8234773515361310e-12
3.6200708872945139e-12
4.7200553852084643e-12
4.0567436752722370e-12
3.7622240917700728e-12
4.7263705613729883e-12
3.2980925997318069e-12
4.9743513942306427e-12
3.7738230375984360e-12
4.7109947356688938e-12
4.2664678987921847e-12
3.5540779630495228e-12
4.8548739736173100e-12
3.3224558302661803e-12
4.9438663973599096e-12
3.8975865548778132e-12
4.4207789443970960e-12
4.5328574201625067e-12
3.2839805317028006e-12
4.9641588347229740e-12
3.3657451271954972e-12
4.9751699950631321e-12
3.9524498377723097e-12
4.3598560304261167e-12
4.5682513308163306e-12
3.3068125527597382e-12
4.8266774101500335e-12
3.5373350429262409e-12
4.9180102096359700e-12
4.0918810477417710e-12
4.2560292862217628e-12
4.6660292713689207e-12
3.4106745188651017e-12
4.8913544792970606e-12
3.6289013019919692e-12
4.8707855422891988e-12
4.1606056304162574e-12
3.9386672405966070e-12
4.8328525154846278e-12
3.3869265187237788e-12
5.1708655262478621e-12
3.7950810463771305e-12
4.9276318148658685e-12
4.2811441561046334e-12
3.8066492523639591e-12
4.8931430225197002e-12
3.3756736330752320e-12
5.1283755554657529e-12
3.9759184742471281e-12
4.6471919460281905e-12
4.5971501772757210e-12
3.4281229838266172e-12
4.9967402690980455e-12
3.3833505872970637e-12
5.0975968892959301e-12
4.0128320212935692e-12
4.5530086046189416e-12
4.6349449145213116e-12
3.3660383130037303e-12
4.9959679992125291e-12
3.5579074315852259e-12
5.2209402500047489e-12
4.0909569414027949e-12
4.5014760610171407e-12
4.7197482188054400e-12
3.4530987466986438e-12
5.0115063019891725e-12
3.6578182186889044e-12
5.0465771086057444e-12
4.2246247814234656e-12
4.1288599696988885e-12
4.9871293097658486e-12
3.4545261812547400e-12
5.2878895839557304e-12
3.7784028463241953e-12
5.0686955110836392e-12
4.3745702557547134e-12
3.9627601429362326e-12
5.0155634960693909e-12
3.4063624165262506e-12
5.2712198515139164e-12
3.9723843633046922e-12
4.8722175926987448e-12
4.5968746150054168e-12
3.7779090312898243e-12
5.0636303550691438e-12
3.4630954960333255e-12
5.2019974956833233e-12
4.0440927631023191e-12
4.7638014328756169e-12
4.7009392105524367e-12
3.4639188153283411e-12
5.1761557195431283e-12
3.5083105129256183e-12
5.4541001693662413e-12
4.1162923688419802e-12
4.8165792497329730e-12
4.7795882363208367e-12
3.4906829237367606e-12
5.2417654865282175e-12
3.6966336160457176e-12
5.3378661948513205e-12
4.2924399505754627e-12
4.4332184730587867e-12
5.0275080590165146e-12
3.5017259692460823e-12
5.4337874593994768e-12
3.8094364289758407e-12
5.2216887803602772e-12
4.4358878598999035e-12
4.0665564154629334e-12
5.1256644483888944e-12
3.4715422787535179e-12
5.4936807419325791e-12
3.9759654937518980e-12
5.1148391585802322e-12
4.5804536187407223e-12
4.0126669939547864e-12
5.1064039342390274e-12
3.5247166135274815e-12
5.4057926861324964e-12
4.0699549592339061e-12
4.9681433601671404e-12
4.7871112353992647e-12
3.6650887714082887e-12
5.3315810211288488e-12
3.5397948957771305e-12
5.6822777496849482e-12
4.1506361685447087e-12
4.9216874617305859e-12
4.9488423623857391e-12
3.5138713050775030e-12
5.4450923694667065e-12
3.7105927429857263e-12
5.5847646887837136e-12
4.3222701496491781e-12
4.6405371740432908e-12
5.1160574067445508e-12
3.5742796740575491e-12
5.4651438470018149e-12
3.8353495754259919e-12
5.3288596086355832e-12
4.4890476457097704e-12
4.2865096594718815e-12
5.2399322171326641e-12
3.5946517652611532e-12
5.6269462643671294e-12
3.9863997069128993e-12
5.4533847207675570e-12
4.5696835141489033e-12
4.2751154438370350e-12
5.2132607372665222e-12
3.5900376538149321e-12
5.6793521303349127e-12
4.1312397894329417e-12
5.2938590520456710e-12
4.8503277688765927e-12
3.9349992610305618e-12
5.4682294351710917e-12
3.6259320060007773e-12
5.8374696423527936e-12
4.2476283647873406e-12
5.1505662063288350e-12
5.0512930739360952e-12
3.5848859979509300e-12
5.7028037144651958e-12
3.7143190855170237e-12
5.8263043013046092e-12
4.3650632960194682e-12
4.8903965048268709e-12
5.1368576891557444e-12
3.6060154297236866e-12
5.5385666900749353e-12
3.8699561881610793e-12
5.5193971985005292e-12
4.5261749338266924e-12
4.6390004139169706e-12
5.3184885827978016e-12
3.6571893767146514e-12
5.7952916216047966e-12
3.9493566997402646e-12
5.6196005089677375e-12
4.5774562090975073e-12
4.5220672159014821e-12
5.3943200751618701e-12
3.6429678254955956e-12
5.9470631946055947e-12
4.1302690000607983e-12
5.5309418689699956e-12
4.9365561346794150e-12
4.2309091029610336e-12
5.5756836292335883e-12
3.6691282485974671e-12
5.9553963285347065e-12
4.2891296306626132e-12
5.2631985854893590e-12
5.2058755324892984e-12
3.6995870219440150e-12
5.7834113692563178e-12
3.6695804370860341e-12
6.0141274288459828e-12
4.3879149329507862e-12
5.1764828125185399e-12
5.1710625510146649e-12
3.6805520518531924e-12
5.6889741946304541e-12
3.8973802159664492e-12
5.8811287585753262e-12
4.5192134163069086e-12
5.0190298710719574e-12
5.3890667705405493e-12
3.7696372099394354e-12
5.9473187406457968e-12
3.9699330885449424e-12
5.8710870193549096e-12
4.6663413529138758e-12
4.7188734322797993e-12
5.5851029613265201e-12
3.7331392764628301e-12
6.1778312803782412e-12
4.1853013154446219e-12
5.8511425164509606e-12
4.9627563271768337e-12
4.4415608077928451e-12
5.6604217361328349e-12
3.7089747335499460e-12
6.0945211385707736e-12
4.3658356566985856e-12
5.4227008318251730e-12
5.2513387512860948e-12
4.0171495417602837e-12
5.9409980203779243e-12
3.7247582299526112e-12
6.0917035345509686e-12
4.3978517605782172e-12
5.4548094157989343e-12
5.2965435979715258e-12
3.8652621800782432e-12
5.9155905405575012e-12
3.8702710333439841e-12
6.1682851565554065e-12
4.5479666189466363e-12
5.3605541579943490e-12
5.4659435337993665e-12
3.8161076089506934e-12
6.0651274583913957e-12
3.9881452878800554e-12
6.0224219893244850e-12
4.8091385122917038e-12
4.8803644748172276e-12
5.7164081078734540e-12
3.8257840406997093e-12
6.3926608620515995e-12
4.1783872981036820e-12
6.0243458553761218e-12
5.0021226331413753e-12
4.7277774119926600e-12
5.7350204586335399e-12
3.7825866611487080e-12
6.2836259667396404e-12
4.4183986359204496e-12
5.7225963943992613e-12
5.3233118227322574e-12
4.4340228480750814e-12
5.9058607044679923e-12
3.8305165410927897e-12
6.3168399418469738e-12
4.4610000314063229e-12
5.7173189898325382e-12
5.3891373203938123e-12
4.1408934264144014e-12
6.1747247841606174e-12
3.8487215388839449e-12
6.5629445355040383e-12
4.5897652720383370e-12
5.6531673744847722e-12
5.5030103020276852e-12
3.8669369725830562e-12
6.2754679759955847e-12
4.0431013755765093e-12
6.2788721865008477e-12
4.8240880318462625e-12
5.1571786080545044e-12
5.8515143603731685e-12
3.8869363780449556e-12
6.5399715066388503e-12
4.2314600130928424e-12
6.2743794194913158e-12
5.0579020989226923e-12
4.8748642266719656e-12
5.8649963453749497e-12
3.8423479593048777e-12
6.4956394413722179e-12
4.4332898120639852e-12
6.0992339348266277e-12
5.3017698429648574e-12
4.7836121166807405e-12
5.9236111459870765e-12
3.9426875846813415e-12
6.5224925471524201e-12
4.4999863159036459e-12
5.9205502884897745e-12
5.5181958459849805e-12
4.3244506224390066e-12
6.4113449736438750e-12
3.9163289239264205e-12
6.7676293116037352e-12
4.6109089780216621e-12
6.0099431218311421e-12
5.6501495153565679e-12
4.0146860624990285e-12
6.5055359714986158e-12
4.0623914337861574e-12
6.5916241910034824e-12
4.9124546357123274e-12
5.5364659974767427e-12
5.9262445393005692e-12
3.9551278826217394e-12
6.6596172252287694e-12
4.2377295672547478e-12
6.4283784923267399e-12
5.1518757196739844e-12
5.2005400799655099e-12
5.9906812222817682e-12
3.9615946531286432e-12
6.7536966045909354e-12
4.4185573498980558e-12
6.4565096422151651e-12
5.2425562380093006e-12
5.1655285498275147e-12
6.0351120652979987e-12
4.0057124944451083e-12
6.7965153175417259e-12
4.5672769776090514e-12
6.2699720201115134e-12
5.6297745001392409e-12
4.6006773003327405e-12
6.5971809747366340e-12
3.9822063331305038e-12
7.0816224254937138e-12
4.6784978404376547e-12
6.1513299065889061e-12
5.8307659744598877e-12
4.1255964798294485e-12
6.7711114214811573e-12
4.1109088957747159e-12
6.9121991889966471e-12
4.8788205602978125e-12
5.8061097337792730e-12
5.9950645128691155e-12
4.0136443651201495e-12
6.7004735224057278e-12
4.2737530163594096e-12
6.5384687463386439e-12
5.1793148072120387e-12
5.4701998253020427e-12
6.1560477299003667e-12
4.0753595619958769e-12
6.9229118921129972e-12
4.3739678598046459e-12
6.7893757309449340e-12
5.2406717405948348e-12
5.4026531109681043e-12
6.2110720038126512e-12
4.0576625187661703e-12
7.1073064016170689e-12
4.6245106677353037e-12
6.6618728665705988e-12
5.7254387019533575e-12
4.9696438157269156e-12
6.7049220379419253e-12
4.0969315978484209e-12
7.1977291297433624e-12
4.7788291238284687e-12
6.3442525866826232e-12
5.9556801734593555e-12
4.4013104789579229e-12
7.0049024355817180e-12
4.0603440876056864e-12
7.1426774478769361e-12
4.9222939262131608e-12
6.2510083740346341e-12
5.9814419385783195e-12
4.2806897254223495e-12
6.7914479091038526e-12
4.2739832319617715e-12
6.9661287273391795e-12
5.2083175142282622e-12
5.9472222270870278e-12
6.2350292998653868e-12
4.1740390498796369e-12
7.2631000794715401e-12
4.3492297782420959e-12
7.0249004359290087e-12
5.3319474195464069e-12
5.6366883128837263e-12
6.4811828962738592e-12
4.1215813429680094e-12
7.4562436097615299e-12
4.6614330872273758e-12
6.9299905139678582e-12
5.7901059837789849e-12
5.2858830619570818e-12
6.7920628369695701e-12
4.1432686632526843e-12
7.3271438353709130e-12
4.8317708176796735e-12
6.4593218857145657e-12
6.1141779667788168e-12
4.7228867385509592e-12
7.0961657795504434e-12
4.1428164962368843e-12
7.3498075758137765e-12
4.8931192482113645e-12
6.5685010805799903e-12
6.0562043470518032e-12
4.6921788269028705e-12
7.0774567818719574e-12
4.2809708860984335e-12
7.3910680290555664e-12
5.1833193061207457e-12
6.3906307857136601e-12
6.3929785753438047e-12
4.2763252304223962e-12
7.3600048125741442e-12
4.3748164141563489e-12
7.2812456364254942e-12
5.4996270268120086e-12
5.8968497653722762e-12
6.6719122977700157e-12
4.2382811825695058e-12
7.6685923703914120e-12
4.6987072232826146e-12
7.3195721483593718e-12
5.8049034803026749e-12
5.5927869339512315e-12
6.8378252422919633e-12
4.2319331947360560e-12
7.5010507747735075e-12
4.9181364854202974e-12
6.7872754674020722e-12
6.1376830806833539e-12
5.1789866440623659e-12
7.2420718867247645e-12
4.2892532549128009e-12
7.6528149824093100e-12
4.9595940717756118e-12
6.9567289539669496e-12
6.1966297891257996e-12
4.8642692386913463e-12
7.4794222582219206e-12
4.2522377972667586e-12
7.7714802455351869e-12
5.1447049525283330e-12
6.7928932441886382e-12
6.4515335456897211e-12
4.3905335921624394e-12
7.5380225757204070e-12
4.4550277615427398e-12
7.4603835318744430e-12
5.6354320727908655e-12
6.0639641256057800e-12
6.7884087982970264e-12
4.3338354750275315e-12
7.9237950841072046e-12
4.6929486936387983e-12
7.4595132192874748e-12
5.8357792470692393e-12
5.9330964932501980e-12
6.9933175493396826e-12
4.2889328850724257e-12
7.7227637782178928e-12
4.9225921068064229e-12
7.2823022525126054e-12
6.2036693189735348e-12
5.6974310755591302e-12
7.1596456432379221e-12
4.3754368805589651e-12
7.9190049410007961e-12
4.9846310127058114e-12
7.2418387753087798e-12
6.3916764714220158e-12
5.2045610713604772e-12
7.6874341199136188e-12
4.3506106252706352e-12
8.2132806917438961e-12
5.1789987626406071e-12
7.1572257127477706e-12
6.5180948707555232e-12
4.7434292257865899e-12
7.8072640614456472e-12
4.5290887358979197e-12
7.8548569884352555e-12
5.6565049673616834e-12
6.5107002046263063e-12
6.9231641225333261e-12
4.4113769899639501e-12
8.0625614682882052e-12
4.6986043291240756e-12
7.7337264465440471e-12
5.9184215326802846e-12
6.2284725159010329e-12
7.1754305635967936e-12
4.4075287188589271e-12
8.0765939417718320e-12
4.9569112504697251e-12
7.7749945925282734e-12
6.1299802162726595e-12
6.0877087033520410e-12
7.3186932655967268e-12
4.4824755169288356e-12
8.1913897328438013e-12
5.0979830214411687e-12
7.4974501720021414e-12
6.5364264631722174e-12
5.3922828681452429e-12
8.0489013334978596e-12
4.4445423823911873e-12
8.4289484336456835e-12
5.2283583458754109e-12
7.4506652880753484e-12
6.7262382404674143e-12
4.9309154080269836e-12
8.1156095543979308e-12
4.5447557618146070e-12
8.1628626130481478e-12
5.7074437764357512e-12
6.9245709151641819e-12
6.9827791272064693e-12
4.6040762149125596e-12
8.1594697411643023e-12
4.7069081167602749e-12
7.9309257713969248e-12
5.9976569590905243e-12
6.6285162208452830e-12
7.2292333409116073e-12
4.5554704008610756e-12
8.4258036819811188e-12
4.9099834190680641e-12
8.2191641731339467e-12
6.1023165629571346e-12
6.5611364009337459e-12
7.4550163499870056e-12
4.5859442233276890e-12
8.5137891611469225e-12
5.1708878284348687e-12
7.9673381371395411e-12
6.7084331416541496e-12
5.8494952957683094e-12
8.1755253552064959e-12
4.5618128013788700e-12
8.7662364368739503e-12
5.3497384614558542e-12
7.6521750913289704e-12
6.9226048916848921e-12
5.2714747946866012e-12
8.3841205816193763e-12
4.5587057848059887e-12
8.5620164067534546e-12
5.6199924609731724e-12
7.4526874190474406e-12
7.0249078391124232e-12
5.0854058155894653e-12
8.2713174516268644e-12
4.7954083214544473e-12
8.2319932163328805e-12
5.9991520181706493e-12
6.9877862952309160e-12
7.3880023788749027e-12
4.6990915559837781e-12
8.7222249636737850e-12
4.8621665384770107e-12
8.5973097280642729e-12
6.1929705742825347e-12
6.7558877209677576e-12
7.7760672630288031e-12
4.6303966708753817e-12
8.9067699327864922e-12
5.2472379824238691e-12
8.3815479761451819e-12
6.7856705864043383e-12
6.2054981446158542e-12
8.3071153117491865e-12
4.6760635740437261e-12
8.8660296403469668e-12
5.4381443821051141e-12
7.8362022863714100e-12
7.0556674312377457e-12
5.6806425379231713e-12
8.6057868051159368e-12
4.6501051274797460e-12
8.8704128752715762e-12
5.5770652509641734e-12
8.0321950215119587e-12
7.0331493132414064e-12
5.5108962036595449e-12
8.4691155839552221e-12
4.7590586720233398e-12
8.8620813860747360e-12
6.0466852443401035e-12
7.6276388977076315e-12
7.4144720720180470e-12
4.8047812521858316e-12
9.0657042765725593e-12
4.9012315476538749e-12
8.8519060749102668e-12
6.3579975247579022e-12
7.1192163221162056e-12
8.0672254680617669e-12
4.7106361913142260e-12
9.3285552073906225e-12
5.2743076273238640e-12
8.7545684475665972e-12
6.8216492918056517e-12
6.5925578006758759e-12
8.3862539316984048e-12
4.7429807156059728e-12
9.0238259629267360e-12
5.4781638467871796e-12
8.1621923352670939e-12
7.1896684521947532e-12
6.0859715357647954e-12
8.7307045188713903e-12
4.7833020676763690e-12
9.3227837766904132e-12
5.5508831618990598e-12
8.4084748896819445e-12
7.1653564405851297e-12
5.8988387425959730e-12
8.9627095406292352e-12
4.7615637956689901e-12
9.3502254398491477e-12
5.9984897200641964e-12
8.0840345900110449e-12
7.6591479576061085e-12
5.1743040104807004e-12
9.1722414543182517e-12
4.9785624055041365e-12
9.0695994306675375e-12
6.5396973846438312e-12
7.3503513722741128e-12
8.3255307812654630e-12
4.8450372576406812e-12
9.4915755343083685e-12
5.2963318849134222e-12
9.1111666390543999e-12
6.8393022579897838e-12
7.0801640989478941e-12
8.3889007577997574e-12
4.8652171267581919e-12
9.2294224050529744e-12
5.5467044304773278e-12
8.7313709873942731e-12
7.2065222820059815e-12
6.7240503596513003e-12
8.7958778163687862e-12
4.9671195053144283e-12
9.6591558353936102e-12
5.6061130196831940e-12
8.8831982812198293e-12
7.4231768860202071e-12
6.1840361919398465e-12
9.4097787529337152e-12
4.8489689923400586e-12
9.8128070826760749e-12
5.9927788131750710e-12
8.6117296105297990e-12
7.6920140551150902e-12
5.4896313328341321e-12
9.4022956655323451e-12
5.0533558911119611e-12
9.3799617268207398e-12
6.6474232826522865e-12
7.6158594744864084e-12
8.3981956001986382e-12
4.9658420754856840e-12
9.8459193158003276e-12
5.2960239030796040e-12
9.3998895471014804e-12
6.8498761715495588e-12
7.5825173641411602e-12
8.6253924442201171e-12
4.9545483756148690e-12
9.6309832515041573e-12
5.5408274452638672e-12
9.3229988376812522e-12
7.2345525470341180e-12
7.2884137885674982e-12
8.9811539584498049e-12
5.0531363255743266e-12
9.9550514341460901e-12
5.7048237743632790e-12
9.1416026174310280e-12
7.7007847383246822e-12
6.4697070771899149e-12
9.6755198084141695e-12
5.0093476163217248e-12
1.0263975092385847e-11
5.9587124743374263e-12
8.9391805912189776e-12
7.8205330095865218e-12
5.9149083888818268e-12
9.7066431835903916e-12
5.0990965949135194e-12
9.8288088364884285e-12
6.6555619051897924e-12
8.3053739547887005e-12
8.4669144038468826e-12
5.3999191852991578e-12
9.9426609875506908e-12
5.2937022850189498e-12
9.7545538444224896e-12
6.9557152216686604e-12
7.9648958472802299e-12
8.8027355185864999e-12
5.1128863912501331e-12
1.0161783204486698e-11
5.5537228445640024e-12
9.9910994845463523e-12
7.1845067902097635e-12
7.7296626381878281e-12
9.1502221416699627e-12
5.1763273616672191e-12
1.0299421955603373e-11
5.8496565592855709e-12
9.4984417717132260e-12
7.8192316815554921e-12
6.8065550422181227e-12
1.0051611496194239e-11
5.1241696713315135e-12
1.0524795873381219e-11
6.0713432216821290e-12
9.3205253414210282e-12
8.0248715185810578e-12
6.2899080051618424e-12
1.0124460144266269e-11
5.0788891321004872e-12
1.0224887379047000e-11
6.6648562209803431e-12
8.9627890356271099e-12
8.4113706020115557e-12
5.9121416389667621e-12
1.0051944375742418e-11
5.2897018350322244e-12
1.0033210021610473e-11
7.0458183246842357e-12
8.3554290807448981e-12
8.9607278599498639e-12
5.2720831594156512e-12
1.0638317517786473e-11
5.4930221263924713e-12
1.0369979652237121e-11
7.2836450592172319e-12
8.2724109937130267e-12
9.3977397138113250e-12
5.2530988675381718e-12
1.0649446471012916e-11
5.9161112349261276e-12
1.0077593733649904e-11
8.0443948470324550e-12
7.3374306153074754e-12
1.0138004832546140e-11
5.2574195203440925e-12
1.0826281287942516e-11
6.1649938661376679e-12
9.5557559013257214e-12
8.2592743633230834e-12
6.8330745885678711e-12
1.0342884227183225e-11
5.2155412376197184e-12
1.0711783138433123e-11
6.5436002690281395e-12
9.5710454306272587e-12
8.3030452925775128e-12
6.5470829928805184e-12
1.0259479461162354e-11
5.3579658845400009e-12
1.0631970836349772e-11
7.0524261148584352e-12
8.9800508587894834e-12
9.1627477230988605e-12
5.4448360624294576e-12
1.1002357707539371e-11
5.5237069831214240e-12
1.0905283785189808e-11
7.4197374816791230e-12
8.5340659002992599e-12
9.7647459194526352e-12
5.3049447241545723e-12
1.1171208282895682e-11
6.0058497440931022e-12
1.0544085280218297e-11
8.0876427373935728e-12
7.8548728271377902e-12
1.0284034667658157e-11
5.3741966462937324e-12
1.0937916468180513e-11
6.2722178596147626e-12
9.9241836848803577e-12
8.3742311461660766e-12
7.3142200529782104e-12
1.0616557691805079e-11
5.4034379228988355e-12
1.1194071587791466e-11
6.4277735819378173e-12
1.0248546339357033e-11
8.3815204381159784e-12
7.0018473172676588e-12
1.0748866225596635e-11
5.3784977850911072e-12
1.1229647610965752e-11
7.0728371934757551e-12
9.7016241117115833e-12
9.2443792325983105e-12
5.9228583733062309e-12
1.1329768616213002e-11
5.5849708314091103e-12
1.1167510273526383e-11
7.6287304724505876e-12
8.9240266125516705e-12
1.0073137155578683e-11
5.4531059219113480e-12
1.1593498548285714e-11
6.0165327166800615e-12
1.1004669369908751e-11
8.0918022092444780e-12
8.5160313802218369e-12
1.0254023179483030e-11
5.5268130399871674e-12
1.1118644731735265e-11
6.2837924136452295e-12
1.0521465832098236e-11
8.4926771988938112e-12
7.8892903062380586e-12
1.0824582800759287e-11
5.5900266838732580e-12
1.1824572227778155e-11
6.3844190133505285e-12
1.0717417753010983e-11
8.6413423755249792e-12
7.4144681413645892e-12
1.1349539709986392e-11
5.4633939305497066e-12
1.1939337646290762e-11
7.0452394230574181e-12
1.0168923933777198e-11
9.4533310201665751e-12
6.4358314617008237e-12
1.1502928499945658e-11
5.6442370843236286e-12
1.1363224786613496e-11
7.7917373155674932e-12
9.1400035703509766e-12
1.0372019925795522e-11
5.5866320493958774e-12
1.1828467260469252e-11
6.0008522356009669e-12
1.1370542659540932e-11
8.0680196446069343e-12
9.0984158734311586e-12
1.0381303655349712e-11
5.6451125135138829e-12
1.1555858558914636e-11
6.3261663169539231e-12
1.1196777120147308e-11
8.5058519906800750e-12
8.6398049878810827e-12
1.1100747433962916e-11
5.7869254481458262e-12
1.2173201238153429e-11
6.4510291436276507e-12
1.1208077101469755e-11
9.0010405901549280e-12
7.7690638140278250e-12
1.1839285008102954e-11
5.6122407248450215e-12
1.2421538001453198e-11
7.1119594722576414e-12
1.0858975661396360e-11
9.3462330615030793e-12
7.0035678323472030e-12
1.1713400133342661e-11
5.7225972787411520e-12
1.1785861933833729e-11
7.9184341555204138e-12
9.8189352314142588e-12
1.0335213977969907e-11
6.1552204640794040e-12
1.2177255428465111e-11
5.9710812995000642e-12
1.1856634645275859e-11
8.1089308451573938e-12
9.7178384958929603e-12
1.0633421129766470e-11
5.7894852221934419e-12
1.2262870677438924e-11
6.3068560601321747e-12
1.1969077812156422e-11
8.6035413733291205e-12
9.2545273471117210e-12
1.1363170177231076e-11
5.8690901485469236e-12
1.2539178620862810e-11
6.6177295343883409e-12
1.1517535260604514e-11
9.3200333078818516e-12
8.0004345938184327e-12
1.2175035258158796e-11
5.7710148468714802e-12
1.2888099645885626e-11
7.0463947088868623e-12
1.1206599147445631e-11
9.6974785164093242e-12
7.6771147592820583e-12
1.2083898644413789e-11
5.7596944813887362e-12
1.2260679887767926e-11
7.8591792430769446e-12
1.0746651979781841e-11
1.0398799517910376e-11
7.0460971851713400e-12
1.2310514158356436e-11
5.9674677324735204e-12
1.2420230285390483e-11
8.1980661863016983e-12
1.0207094544679007e-11
1.0806695145052062e-11
6.0145434361778397e-12
1.2849560902123996e-11
6.3144416463967985e-12
1.2760878422547226e-11
8.6929444558823007e-12
9.8078951241313071e-12
1.1517403104899238e-11
6.0231058434179043e-12
1.2917325009446399e-11
6.8006765824524333e-12
1.2042000848052761e-11
9.4614079283380354e-12
8.5492159024600548e-12
1.2518429342506794e-11
5.9571566919963342e-12
1.3174334469210308e-11
7.2182582114356441e-12
1.1608424764395424e-11
9.8616564648042923e-12
8.1642159789746810e-12
1.2544175582847177e-11
5.9126705743807640e-12
1.3058154942435307e-11
7.8250080308799246e-12
1.1585641269401679e-11
1.0322372255955735e-11
7.5790613667922388e-12
1.2575499568459219e-11
6.0111937497030766e-12
1.2782663277914196e-11
8.2773143417136230e-12
1.0611326879588400e-11
1.1189389123677976e-11
6.1644589671034091e-12
1.3488206897043512e-11
6.3189922712797920e-12
1.3135483233259825e-11
8.8041279436214839e-12
1.0376538055494209e-11
1.1907349283119393e-11
6.0942697605922678e-12
1.3392538537255691e-11
6.8535534943486249e-12
1.2575356857128877e-11
9.6531270190950775e-12
9.2485788664100039e-12
1.2571158999467729e-11
6.1417724476184967e-12
1.3385328106562980e-11
7.2879630037309369e-12
1.2164303553552643e-11
1.0043945222759843e-11
8.8027264399195053e-12
1.2774783514015845e-11
6.1486585611553438e-12
1.3768782040192902e-11
7.6702436586081127e-12
1.2336267555509422e-11
1.0120944595629650e-11
8.3898091060209096e-12
1.2995638738721623e-11
6.1334758594683906e-12
1.3609588022218129e-11
8.3390226030441895e-12
1.1465180009052580e-11
1.1529441304182802e-11
6.7425131753401335e-12
1.3833292926262513e-11
6.3603848802613885e-12
1.3762679019009664e-11
8.9863059778133855e-12
1.0749553056125674e-11
1.2278044183084848e-11
6.1822598004609487e-12
1.3961427247634769e-11
6.9379447423432206e-12
1.3286967010267446e-11
9.6367753705031592e-12
1.0021915848213828e-11
1.2672028484569929e-11
6.3446466531756616e-12
1.3527998572131452e-11
7.3587685835238847e-12
1.2729448876723722e-11
1.0006698058734402e-11
9.3294264612905454e-12
1.3240842363052077e-11
6.3556904588017460e-12
1.4353546972712352e-11
7.4794247642942678e-12
1.3043633994811300e-11
1.0448694937562712e-11
8.8185665923541706e-12
1.3690304126008387e-11
6.2499698318138201e-12
1.4264445303823159e-11
8.4873400564365675e-12
1.2198501699781043e-11
1.1629232594360392e-11
7.4245014630281198e-12
1.4167111091531568e-11
6.4355364203633645e-12
1.3938709748729122e-11
9.1894754185590300e-12
1.1144942637163209e-11
1.2517237110363609e-11
6.3698564996843321e-12
1.4416940539432472e-11
6.8830380648710262e-12
1.3862543738338843e-11
9.6271277664590051e-12
1.1037916383281592e-11
1.2555575729464913e-11
6.5084574108923248e-12
1.4013004012031957e-11
7.2125668488206994e-12
1.3621554598695662e-11
1.0098624483022814e-11
1.0151040960605006e-11
1.3590609712731154e-11
6.5729837145049980e-12
1.5074305765507231e-11
7.5318998867453033e-12
1.3666746767392005e-11
1.0845726457820523e-11
9.3072479116973217e-12
1.4298822260233695e-11
6.3561628367779277e-12
1.5153674522791717e-11
8.4424822865691947e-12
1.2812780919104478e-11
1.1737245437829234e-11
8.1576018303916054e-12
1.4346400034201132e-11
6.5361752106737413e-12
1.4240417598761309e-11
9.3192312272249652e-12
1.1633826524530135e-11
1.2873650498392173e-11
7.0271157668915399e-12
1.4810685677546554e-11
6.8710429169625613e-12
1.4470815134963045e-11
9.5437418256588228e-12
1.1661679407325972e-11
1.2871250080089536e-11
6.6527637403622700e-12
1.4781791945579962e-11
7.2372673782235528e-12
1.4377445724614202e-11
1.0294975964061171e-11
1.0979010520548715e-11
1.4023983067422672e-11
6.7900137354735814e-12
1.5419620367750675e-11
7.7315341964601733e-12
1.4078010391080675e-11
1.1202934478032947e-11
9.6461891550082159e-12
1.4908222361463350e-11
6.5735827082978364e-12
1.5579642726499044e-11
8.4729709824562684e-12
1.3561564654416509e-11
1.1655850338539332e-11
9.1121555135966764e-12
1.4536214087703195e-11
6.5900522106540728e-12
1.4767596344428029e-11
9.4456354421224807e-12
1.2764837834699901e-11
1.2747109768592760e-11
8.0476143049018254e-12
1.5031032048952691e-11
6.8262705788856071e-12
1.5185629810018484e-11
9.6537588887694371e-12
1.2459931369947343e-11
1.3187605252013357e-11
6.8214732544096476e-12
1.5610753379996796e-11
7.2968922665238820e-12
1.5352316366435321e-11
1.0446183687899192e-11
1.1794035219247616e-11
1.4303662007003201e-11
6.8961349801466702e-12
1.5803159484720218e-11
7.8745739264415390e-12
1.4425076138931327e-11
1.1556266911930258e-11
9.9541249593515257e-12
1.5241040815782865e-11
6.7830404229007121e-12
1.6182701827139015e-11
8.4017990895451797e-12
1.4117372513433915e-11
1.2068900762094016e-11
9.9401019319742876e-12
1.5044558826528066e-11
6.7721458788002527e-12
1.5642365976845957e-11
9.3201638523950586e-12
1.3790970940896420e-11
1.2785688491567190e-11
9.0846057789119596e-12
1.5358205834502308e-11
6.8328395771767758e-12
1.5775730096484783e-11
9.7887251427980212e-12
1.2912212081797696e-11
1.3736852105913990e-11
7.2569421589233118e-12
1.6260785286721833e-11
7.3584894878169186e-12
1.6118549566891276e-11
1.0562062771958797e-11
1.2373618807800032e-11
1.4495222698879741e-11
7.0542851715283434e-12
1.6283955405632247e-11
8.0417320302771048e-12
1.5168858224509660e-11
1.1469092343283421e-11
1.0929048271582328e-11
1.5479759808220871e-11
7.0473220533986633e-12
1.6369348013975390e-11
8.5996188681188156e-12
1.4988694716672915e-11
1.2099987644476592e-11
1.0623447433134237e-11
1.5484496131306093e-11
7.0055026014305171e-12
1.6734380561151762e-11
9.1962504655292868e-12
1.4996806095647125e-11
1.2585445599662486e-11
9.7059650749208274e-12
1.5865690744551521e-11
7.0182009100360820e-12
1.6356328898571164e-11
9.9287572021672712e-12
1.3593649097755589e-11
1.4127003419387013e-11
7.6601360376138382e-12
1.7021390262255995e-11
7.3645844099753759e-12
1.6586003574818407e-11
1.0668410285108625e-11
1.2962927317389370e-11
1.4982036535299195e-11
7.1342256479482870e-12
1.6924200852093263e-11
7.9777730658907438e-12
1.5833192766363579e-11
1.1596381426191840e-11
1.1988040980256930e-11
1.5541284896031285e-11
7.2690976973085850e-12
1.6620355210012687e-11
8.5736841345069264e-12
1.5618247581273335e-11
1.2330471799767860e-11
1.1276764238321313e-11
1.6127817121722542e-11
7.2718690269820290e-12
1.7631308923984907e-11
8.9760371149828284e-12
1.5687507490575484e-11
1.2676233404791100e-11
1.0615444346285192e-11
1.6489584785662035e-11
7.1840822034351420e-12
1.7357196513253333e-11
1.0084060070308302e-11
1.4518004308664040e-11
1.4449860194785238e-11
8.5441529977127457e-12
1.7276250915837334e-11
7.3931300306100355e-12
1.7249675825918501e-11
1.0913984592575857e-11
1.3551239199385738e-11
1.5317976654187714e-11
7.5685534938438017e-12
1.7407675369933481e-11
8.0320689493837964e-12
1.6714615918246191e-11
1.1526519709489184e-11
1.3095031058729825e-11
1.5497922553249746e-11
7.5333071277447007e-12
1.7239588669289400e-11
8.5950391365840146e-12
1.6438175957202723e-11
1.2176586444629686e-11
1.1956072828642272e-11
1.6835752224406065e-11
7.5380733378410233e-12
1.8319157814745131e-11
8.8603709418487424e-12
1.6559211236120611e-11
1.3265420518561108e-11
1.1004084171055575e-11
1.7426578830160848e-11
7.2821843680882998e-12
1.8133913920114655e-11
1.0228053483614238e-11
1.5328614690979391e-11
1.4555351903470496e-11
9.5894965962197082e-12
1.7682627811702178e-11
7.4766027245463308e-12
1.7477506819945401e-11
1.1100368865334612e-11
1.4067213608663060e-11
1.5572484815057279e-11
8.1938127938742075e-12
1.7971681301969958e-11
7.9363451132383639e-12
1.7517244305149161e-11
1.1418862981038648e-11
1.4205798240153138e-11
1.5493530596169196e-11
7.7143228075478011e-12
1.7929270017555013e-11
8.3899995623400510e-12
1.7418638223111386e-11
1.2372370086255284e-11
1.2997842331922315e-11
1.7111341681787385e-11
7.7771475184606300e-12
1.9047919757537445e-11
9.1527914779242711e-12
1.7208829176902161e-11
1.3739463110223957e-11
1.1601992802950111e-11
1.7937762283761633e-11
7.5015469757563100e-12
1.9055961791891796e-11
1.0164557977901364e-11
1.6164082185430273e-11
1.4503791018589113e-11
1.0792965115470022e-11
1.7788876076089015e-11
7.5793126146145514e-12
1.7966032724984613e-11
1.1160251625620092e-11
1.5126046158255573e-11
1.5852453635270820e-11
9.2427624203073538e-12
1.8493322781125300e-11
7.8636260867901262e-12
1.8626769600894858e-11
1.1358598109883178e-11
1.4903162776568250e-11
1.6089046155287648e-11
8.1982030537731162e-12
1.8992456487100264e-11
8.4574518758926967e-12
1.8438816446445786e-11
1.2516950646561541e-11
1.3878374494424518e-11
1.7694179992338839e-11
8.0048287867929714e-12
1.9510363948151498e-11
9.3744910093305861e-12
1.7558250293507702e-11
1.4065090835677303e-11
1.1910211470228506e-11
1.8671535174067225e-11
7.7540540780115942e-12
1.9483238600578033e-11
1.0086084684901525e-11
1.7065899877025906e-11
1.4518800527727963e-11
1.1801437398326145e-11
1.8068674440736354e-11
7.8730459160283788e-12
1.8883470311285662e-11
1.1271315829049130e-11
1.6557354024164802e-11
1.5757484384933782e-11
1.0402705443959317e-11
1.8953478192146894e-11
7.8884127875724751e-12
1.9333742748150683e-11
1.1552404857654386e-11
1.5848849309578732e-11
1.6695848857276088e-11
8.6154489693696165e-12
1.9872523647869547e-11
8.5428008018587524e-12
1.9502723944797704e-11
1.2758782123021914e-11
1.4943576370953135e-11
1.7900783461617140e-11
8.1615094398478182e-12
1.9926386091535125e-11
9.4599422108876237e-12
1.8167222744336480e-11
1.4353368904628913e-11
1.2821057320349542e-11
1.8926543304995532e-11
8.0723979939886562e-12
2.0180666913112941e-11
1.0050324983056198e-11
1.8145348634174237e-11
1.4864756102795783e-11
1.2841521633526453e-11
1.8706700095229114e-11
8.0785997244749663e-12
2.0225359626627087e-11
1.1046460166535287e-11
1.7732363492380472e-11
1.5711511162181603e-11
1.1536233057732930e-11
1.9524629903745310e-11
8.0736925408259740e-12
2.0039187243149862e-11
1.1793896241270298e-11
1.6281620943609995e-11
1.7426735854446709e-11
8.9857955264144075e-12
2.0569802913108485e-11
8.6054014297649857e-12
2.0340407643441481e-11
1.2843685722400540e-11
1.5578194555971878e-11
1.8227528190351800e-11
8.2811743561272956e-12
2.0478776716034875e-11
9.6034000538892086e-12
1.9051356892422715e-11
1.4228081011135219e-11
1.4266159798510502e-11
1.9140754994526763e-11
8.4464487155914230e-12
2.0508355080038448e-11
1.0214835053798283e-11
1.9243895539255342e-11
1.4860204884702978e-11
1.3702194546779844e-11
1.9551883000251496e-11
8.3616138368384677e-12
2.1404875034430412e-11
1.0834936516486090e-11
1.9153821024887256e-11
1.5613559558478872e-11
1.2330482781251687e-11
1.9984784626635159e-11
8.3206979504015775e-12
2.0861946316766740e-11
1.2145760320016722e-11
1.7248491918062142e-11
1.7756098983229384e-11
9.7041934635550507e-12
2.1354157697857174e-11
8.6057109741928040e-12
2.0947378551985285e-11
1.2967095024911966e-11
1.6203427563572941e-11
1.8699628753388537e-11
8.8538598934458271e-12
2.1317236262125960e-11
9.3558169000711515e-12
2.0128182151220490e-11
1.4013761931824581e-11
1.5546610492094863e-11
1.9136094359063654e-11
8.7263068723065432e-12
2.1289073547315959e-11
1.0084317069347412e-11
2.0011612293086580e-11
1.5051833068467569e-11
1.4313971268665495e-11
2.0528846013900187e-11
8.6817967449458467e-12
2.2540807866552026e-11
1.0644323953624972e-11
1.9903312676476663e-11
1.6078220895308941e-11
1.3262550320850041e-11
2.0917170019149931e-11
8.4669020639747069e-12
2.1962709430539005e-11
1.2283798639803497e-11
1.8207924854619788e-11
1.8129184320759478e-11
1.1155844174010982e-11
2.1521712259882652e-11
8.6410758864936134e-12
2.1478393824256470e-11
1.3255391966069533e-11
1.7118076584067247e-11
1.9103794021308638e-11
9.8767438657208567e-12
2.1854800857671972e-11
9.3165552321882134e-12
2.1482583192555835e-11
1.3781273043457112e-11
1.7005257057192825e-11
1.9019223043956578e-11
9.0226576664055338e-12
2.2038221204938126e-11
1.0076594954310321e-11
2.1143367292299675e-11
1.5174871130956448e-11
1.5343197603457069e-11
2.1336317857965339e-11
9.0279487701641998e-12
2.3348867560003893e-11
1.0764751729258570e-11
2.0918827779096961e-11
1.6735311234326699e-11
1.3720828949083236e-11
2.1977365350179838e-11
8.6023757365670937e-12
2.2889876575754103e-11
1.2372111752157855e-11
1.9299627540638988e-11
1.8071029874543031e-11
1.2590645347405859e-11
2.2010618553945697e-11
8.8196911669356355e-12
2.1940991286898559e-11
1.3419629013998513e-11
1.8003832516600049e-11
1.9308470793558488e-11
1.0607847052633219e-11
2.2429247343022916e-11
9.2144500764584057e-12
2.2540411528128353e-11
1.3573501520508392e-11
1.8160327094787147e-11
1.9620364316425745e-11
9.5231699103966740e-12
2.3010823514595447e-11
9.8631171841223716e-12
2.2221786043536314e-11
1.5484530763585292e-11
1.6499245758228024e-11
2.1704732996308424e-11
9.2403860835266999e-12
2.3948301085832619e-11
1.1144832829214907e-11
2.1503441285662009e-11
1.7361278635530971e-11
1.4433237997216591e-11
2.2459867481443531e-11
8.9245772646722881e-12
2.3857102063627191e-11
1.2250653956433653e-11
2.0739951542199429e-11
1.7896880452577335e-11
1.4184931137458331e-11
2.2042005721274407e-11
9.1452685815492528e-12
2.2912827167258316e-11
1.3370972409277962e-11
1.9692744442897661e-11
1.9479731242109083e-11
1.2064733262855049e-11
2.3189935208023572e-11
9.0789208110460373e-12
2.3843141798692637e-11
1.3677643580743844e-11
1.9002580901477567e-11
2.0463548668360264e-11
1.0257321734966141e-11
2.4283913312009412e-11
1.0071410040659864e-11
2.3545570618879623e-11
1.5379190763950329e-11
1.7442085485601990e-11
2.2205470203767823e-11
9.5039075303026484e-12
2.4515536929706814e-11
1.1407490785504450e-11
2.1907626817644149e-11
1.7528933477936157e-11
1.5380101236591976e-11
2.3310532435534366e-11
9.3502961896519868e-12
2.4396805688350330e-11
1.2007010963521985e-11
2.2056537793329455e-11
1.7997632272861321e-11
1.5164293767738599e-11
2.2657807608067237e-11
9.4364326840711550e-12
2.4384273298215657e-11
1.3431370876506174e-11
2.1269659435438662e-11
1.9541294991091577e-11
1.3318010071065806e-11
2.4053044442869204e-11
9.3832906836896338e-12
2.4533487168766476e-11
1.4197584906574605e-11
1.9981803845920631e-11
2.1261314271782429e-11
1.0847965954626231e-11
2.5238888875061706e-11
1.0074148522451442e-11
2.4541177694869149e-11
1.5592352878181488e-11
1.8827231607108961e-11
2.2317148579040396e-11
9.7161056638238333e-12
2.4902016391031550e-11
1.1397117154665852e-11
2.2802057705689639e-11
1.7739235133720938e-11
1.6894677123107647e-11
2.3365441385511652e-11
9.8125321987525317e-12
2.5301867475838624e-11
1.2025076804415115e-11
2.3301069827024685e-11
1.8217055692191912e-11
1.6489397284039001e-11
2.3864628420773783e-11
9.7012093051298975e-12
2.6090470881195979e-11
1.3187243505997288e-11
2.2710099534630719e-11
1.9547668445472233e-11
1.4583720524628345e-11
2.4761247512115243e-11
9.6069665502544742e-12
2.5444704007105730e-11
1.4544230382646487e-11
2.0470803464846162e-11
2.2037015199530489e-11
1.1329581291986016e-11
2.6051635866880691e-11
1.0174882637549644e-11
2.5616675753487096e-11
1.5615832094332031e-11
1.9655564861382051e-11
2.2771870336727943e-11
1.0658312356623352e-11
2.5672116824931263e-11
1.1421154679169720e-11
2.4163008167231998e-11
1.7492778948390903e-11
1.8593231444082179e-11
2.3606259947391422e-11
1.0203054098455948e-11
2.6139651336262162e-11
1.2127678237851956e-11
2.4543768762662286e-11
1.8314952432542166e-11
1.7470934891810501e-11
2.5035877455666670e-11
1.0053791705514563e-11
2.7245186915004239e-11
1.2995665171138960e-11
2.4304145220454750e-11
1.9655715107501938e-11
1.5553288677589020e-11
2.5257492470168366e-11
9.8843345517763901e-12
2.6393132453965597e-11
1.4915544702047452e-11
2.1758726949482154e-11
2.2262296524870378e-11
1.2930280021110007e-11
2.6772606052481537e-11
1.0131696634854028e-11
2.6358022937970055e-11
1.5784634250853974e-11
2.0898674716171941e-11
2.3243098200008098e-11
1.1641011168296621e-11
2.6735110730731118e-11
1.1073630410064356e-11
2.5942474870945588e-11
1.6949125630660615e-11
2.0233100415776597e-11
2.3735896653424898e-11
1.0540130010811075e-11
2.7280116062500698e-11
1.1906484730542864e-11
2.5655013096896785e-11
1.8856263781906460e-11
1.8186320993057702e-11
2.6062198093002295e-11
1.0416494823719075e-11
2.8713711715033336e-11
1.2857070123847022e-11
2.5132451958895807e-11
2.0504053154642078e-11
1.6448495745576071e-11
2.6502546101708624e-11
1.0013541946552623e-11
2.7754599369915225e-11
1.4973975310623831e-11
2.2853319380556044e-11
2.2661811257725013e-11
1.4794503160378627e-11
2.6953653821850545e-11
1.0220567826127415e-11
2.6857467033842573e-11
1.6058418929368287e-11
2.1999850873801432e-11
2.3797731327179866e-11
1.2756426200202859e-11
2.7471823224531465e-11
1.0856056206906412e-11
2.7575463702516150e-11
1.6488792638540555e-11
2.1801418099549984e-11
2.4140360678816388e-11
1.1402632608800148e-11
2.8120246415841306e-11
1.1857111385044337e-11
2.6893781148596766e-11
1.9169942772444933e-11
1.9536028182145590e-11
2.6966192290740030e-11
1.0839853813546635e-11
2.9456426009609608e-11
1.3298965268312101e-11
2.6270119129916500e-11
2.1089561749874083e-11
1.7468554417494519e-11
2.7573887111848648e-11
1.0366301849846931e-11
2.8799594390758840e-11
1.5019175006820119e-11
2.4870885673967209e-11
2.2274134590274007e-11
1.6501651378319772e-11
2.7259158860752384e-11
1.0718659763618343e-11
2.7910589655735131e-11
1.6230057458786485e-11
2.3328888996472172e-11
2.4041999416414655e-11
1.3757865303068426e-11
2.8757820332096926e-11
1.0680888161091189e-11
2.8962668651252507e-11
1.6479156848332398e-11
2.3119601974345255e-11
2.5144245286014435e-11
1.1963875207339755e-11
2.9425246791768478e-11
1.1902404894754387e-11
2.8298147444869416e-11
1.9595143937333014e-11
2.0844582955845036e-11
2.7442674275376578e-11
1.1095177625649645e-11
3.0095076814172098e-11
1.3605752615296385e-11
2.6723496795926515e-11
2.1868408528672100e-11
1.8800260494758154e-11
2.8106373113902768e-11
1.0880510832255261e-11
2.9800655824356676e-11
1.4720105832168985e-11
2.6655320277517530e-11
2.2055817123626442e-11
1.8497207107778074e-11
2.7564916648028104e-11
1.1056674880131778e-11
2.9457008615334991e-11
1.6166484174104058e-11
2.5405544771133774e-11
2.4035808402216045e-11
1.5629527507847944e-11
2.9498437692675556e-11
1.0842554015754541e-11
3.0343390916950919e-11
1.7061134560933658e-11
2.4121395020007929e-11
2.5987140528774944e-11
1.2853609272834955e-11
3.0879604818242957e-11
1.2016208563518083e-11
2.9872741952711560e-11
1.9286054477884586e-11
2.2260459419315559e-11
2.7646358423328391e-11
1.1388697344807529e-11
3.0633719679797949e-11
1.3909700921582585e-11
2.7444272625926279e-11
2.1719633751252617e-11
2.0146995614221894e-11
2.8895545502685812e-11
1.1431052134137991e-11
3.1105840055433404e-11
1.4358885398463653e-11
2.8536526686050149e-11
2.2165584835239603e-11
1.9534426174176874e-11
2.8956861372911842e-11
1.1337772692118337e-11
3.1452364855250579e-11
1.6012761202947179e-11
2.7329865395444278e-11
2.4411680307042177e-11
1.6821169569018664e-11
3.0546481066377643e-11
1.1228706280184657e-11
3.1143449545613899e-11
1.7578710679906886e-11
2.5058545015797859e-11
2.7037403639993263e-11
1.3496429506073062e-11
3.1958918340077448e-11
1.2007597210563626e-11
3.0763264873524676e-11
1.9082256811544373e-11
2.3611366466751084e-11
2.7801071379393349e-11
1.2443575382282520e-11
3.1062525037212831e-11
1.3702954786044943e-11
2.9181694352814838e-11
2.1855654257738032e-11
2.2051520980219724e-11
2.8814546780635550e-11
1.1964242065312224e-11
3.2435485988700711e-11
1.4388952148128348e-11
2.9905660116073020e-11
2.2343849985696984e-11
2.1034306671041895e-11
3.0429428804160077e-11
1.1715717094421082e-11
3.3444292399315514e-11
1.5864527700304070e-11
2.8951531849871956e-11
2.4616715749836316e-11
1.8443664226970962e-11
3.1191266377246968e-11
1.1487279922271772e-11
3.2104577673581461e-11
1.7986163137496106e-11
2.5827858934137170e-11
2.7698908443566196e-11
1.4842589740624678e-11
3.2727922305333311e-11
1.2051173856604853e-11
3.2223117061347329e-11
1.8980603353225193e-11
2.5074049391463763e-11
2.8270891169771509e-11
1.3902054295102446e-11
3.2238557619474447e-11
1.3585491312722073e-11
3.1328290041202672e-11
2.1275411670778605e-11
2.4075877037096718e-11
2.9531849674751409e-11
1.2409788763254776e-11
3.3492877569781107e-11
1.4338718083764652e-11
3.1245734220979855e-11
2.3325848337402473e-11
2.1927254207098189e-11
3.2062703014404943e-11
1.2107291685203606e-11
3.4626187953135796e-11
1.5803403024143547e-11
3.0610590568742373e-11
2.4996084030443764e-11
1.9404442138977562e-11
3.2053094911249406e-11
1.1801039110479736e-11
3.3228090393152503e-11
1.8327372878830663e-11
2.7375095853504416e-11
2.7848256279869233e-11
1.7243533985228168e-11
3.3424690549580866e-11
1.1982113524387090e-11
3.3156707148139127e-11
1.9221427663965240e-11
2.6966081055101397e-11
2.8756429196259767e-11
1.5201556331294882e-11
3.3650104702708500e-11
1.3027029884850719e-11
3.3444198584821459e-11
2.0407700353572786e-11
2.6131258967101335e-11
3.0021109390407417e-11
1.2807898567677468e-11
3.4707762236820229e-11
1.4430655873647237e-11
3.2606438054322208e-11
2.3972704155409785e-11
2.3009183661900246e-11
3.2906131977564945e-11
1.2573955265303165e-11
3.6355174191994123e-11
1.5903446353848259e-11
3.1651089466801197e-11
2.5952221172962300e-11
2.0884081332623916e-11
3.3309957290575909e-11
1.2195608446868251e-11
3.4905026698127936e-11
1.8242372246276321e-11
2.9717135708380800e-11
2.8120188071217725e-11
1.9520630602083577e-11
3.3725387741630429e-11
1.2459017737544366e-11
3.4115734467376711e-11
1.9421481630143839e-11
2.8353019466767146e-11
2.9540641823684331e-11
1.6236887237395158e-11
3.4995914900805634e-11
1.2734384718250198e-11
3.5302580620739945e-11
2.0239846753936165e-11
2.7667934656375674e-11
3.0833494437387006e-11
1.4321271417974676e-11
3.5902210589371036e-11
1.4624069627769294e-11
3.3987628987013883e-11
2.4198137438317922e-11
2.4616512268309416e-11
3.3964141470338183e-11
1.3044870176536648e-11
3.6953069460218206e-11
1.6432513893773739e-11
3.2703899157578640e-11
2.6472406600919065e-11
2.2687751298473563e-11
3.4422346108445136e-11
1.2770604284522105e-11
3.6030432723087818e-11
1.8200450572706721e-11
3.2354932623745119e-11
2.7513924868349337e-11
2.1575133826400106e-11
3.3993697373729357e-11
1.3079022701204123e-11
3.5680025202992082e-11
1.9657409985192046e-11
3.0221901948930773e-11
2.9854663510244224e-11
1.7720826567191067e-11
3.6726044661811352e-11
1.2648328030109304e-11
3.6980500007021777e-11
2.0593360463600597e-11
2.9366314900806262e-11
3.2023491051197790e-11
1.5078378406611172e-11
3.7482970862655744e-11
1.4508881364932019e-11
3.5849661275486024e-11
2.4548335922170196e-11
2.6347414276999686e-11
3.4383884056983155e-11
1.3411054325367695e-11
3.7610506561813603e-11
1.6589634658111907e-11
3.3540057133993975e-11
2.7211298637800909e-11
2.4357569477551866e-11
3.4992925970723244e-11
1.3389185157482756e-11
3.7938327950424550e-11
1.7593013724360904e-11
3.4291007959907841e-11
2.7156249795534061e-11
2.3730860603918940e-11
3.5154764012930946e-11
1.3433921400177989e-11
3.7963956538809974e-11
1.9600774320800009e-11
3.2456258947666379e-11
3.0567242460688861e-11
1.9802968104500725e-11
3.7589647092020314e-11
1.3083496991279346e-11
3.8395330158716285e-11
2.1297859787566618e-11
3.0412199323853990e-11
3.3024990538197580e-11
1.6120915813074288e-11
3.8970903837248641e-11
1.4537674533860554e-11
3.7679670669774510e-11
2.4131596683090715e-11
2.8332963666806007e-11
3.4279926803357623e-11
1.4627456362700327e-11
3.8014853253239344e-11
1.6867231408731179e-11
3.5423522607613813e-11
2.6771003881104018e-11
2.6257418435363135e-11
3.5688711418326989e-11
1.4034296036199652e-11
3.9817902530517102e-11
1.7228309948305543e-11
3.6721015756182810e-11
2.7508037932047302e-11
2.5001276718300510e-11
3.7213004295741828e-11
1.3764507557934235e-11
4.0305208063585768e-11
1.9554007463695653e-11
3.4862117097101566e-11
3.0867968380805735e-11
2.1157840535843053e-11
3.8667597042597362e-11
1.3532936403959461e-11
3.9268999137605076e-11
2.1816416609857558e-11
3.1359171381385104e-11
3.4081465216227047e-11
1.7352349757231052e-11
4.0357570344792890e-11
1.4437547690506531e-11
3.8922322306014165e-11
2.3763645197900497e-11
3.0585646305478034e-11
3.4589675547120160e-11
1.6343227652450344e-11
3.9056979085534275e-11
1.6412555947192176e-11
3.7790583950022162e-11
2.6727869167770845e-11
2.8536300396250280e-11
3.6521573408353177e-11
1.4616300973278900e-11
4.1518425652403027e-11
1.7155599770587146e-11
3.8204530280494857e-11
2.8672345777897695e-11
2.6456647870178131e-11
3.8833249129746521e-11
1.4213021634525018e-11
4.2576530374344086e-11
1.9488293945240601e-11
3.6559255672073285e-11
3.1034897458010750e-11
2.3119195517258882e-11
3.9165367296168031e-11
1.3955414047593754e-11
4.0247982718155611e-11
2.2246431272292389e-11
3.2821170886942712e-11
3.4635579613539121e-11
1.9877026193645627e-11
4.0934641541366910e-11
1.4276017093610519e-11
4.0422402385806607e-11
2.3491589622106377e-11
3.2525254606850112e-11
3.5234686620466415e-11
1.8095288028739542e-11
4.0982552221804278e-11
1.6060990918558564e-11
4.0465623955664997e-11
2.5690433171292834e-11
3.1034903748454462e-11
3.7633391104126914e-11
1.5167300306725618e-11
4.2936720811563484e-11
1.7409166229167330e-11
3.9581721074303300e-11
2.9628821407159155e-11
2.7464457897968418e-11
4.0756786282672750e-11
1.4715429205800181e-11
4.3875598743066981e-11
1.9391342373845437e-11
3.8416418022534489e-11
3.1633979239055140e-11
2.5124446213427708e-11
4.0467017239920254e-11
1.4502287186099264e-11
4.1854876128802768e-11
2.2464105907224354e-11
3.5536280781827772e-11
3.4608527927673616e-11
2.2705808860897304e-11
4.1635019813444508e-11
1.4769981190456161e-11
4.1897319106138047e-11
2.3497391956178003e-11
3.4655092504656737e-11
3.5922844443870795e-11
1.9517924654003658e-11
4.3150111299841754e-11
1.5189431720055194e-11
4.2880346734464049e-11
2.5143437785572019e-11
3.3412647764071734e-11
3.8244323733437729e-11
1.6137547305535394e-11
4.4089315838499938e-11
1.7830689819693192e-11
4.1102317033770429e-11
3.0452734761128137e-11
2.8870034868549185e-11
4.1445928954781279e-11
1.5291159872593700e-11
4.5614939786415271e-11
1.9703929252032249e-11
3.9570195669761701e-11
3.2604715770847342e-11
2.7498788220194911e-11
4.1633824506974525e-11
1.5067495634710154e-11
4.3761667557880318e-11
2.2173227125098312e-11
3.8633871714524279e-11
3.4663346485908128e-11
2.5546963171369644e-11
4.2140354006249395e-11
1.5281295354306885e-11
4.3791502310656150e-11
2.3557065318356782e-11
3.6376601130963348e-11
3.7040317925522608e-11
2.0539178777523252e-11
4.4955441577136487e-11
1.5302836888186437e-11
4.5116534784032679e-11
2.5267876797114225e-11
3.4944493966129636e-11
3.9359649723240875e-11
1.7836940934032722e-11
4.5763603559859088e-11
1.8101674855779947e-11
4.2880006600996910e-11
3.0508300303870440e-11
3.0904116660269526e-11
4.2578406053156087e-11
1.5817788742341062e-11
4.6178523934106240e-11
2.0205535788288307e-11
4.1179664541728816e-11
3.3058322504037460e-11
2.9533115808822866e-11
4.2885522092697401e-11
1.5751678304332892e-11
4.6260669068769271e-11
2.1950966761302854e-11
4.1864913443778286e-11
3.4001920092911636e-11
2.7756311370766752e-11
4.2796962619448006e-11
1.5967255216404025e-11
4.5873568862185737e-11
2.3798583334141609e-11
3.8849224059146940e-11
3.7602267542879432e-11
2.2599560888962654e-11
4.6731330142279281e-11
1.5423638770439874e-11
4.6885828280763635e-11
2.5810723536047404e-11
3.7082952624469652e-11
4.0610766728572107e-11
1.9153062843741780e-11
4.7555980075060670e-11
1.7792795569278511e-11
4.5169941268490622e-11
3.0529919583213464e-11
3.3780631331349439e-11
4.2759331632640907e-11
1.6640714244620183e-11
4.6801952354424260e-11
2.0187010385586875e-11
4.3305627284614191e-11
3.3571854416888131e-11
3.1520639905716583e-11
4.3673308614163885e-11
1.6553567222769211e-11
4.9004745888487405e-11
2.1166132866158962e-11
4.3994164843438551e-11
3.3943563346918557e-11
3.0175024413335873e-11
4.5195077464119440e-11
1.6367417619888934e-11
4.8814696096402279e-11
2.3918938246768683e-11
4.1294522844262209e-11
3.8799632055080482e-11
2.4905471637589763e-11
4.7761373844830846e-11
1.5848802318386589e-11
4.8363393436998563e-11
2.6603158429194785e-11
3.8239231056860800e-11
4.1776790517484817e-11
2.0874867238492666e-11
4.8997159493554561e-11
1.7620319201070620e-11
4.7317325797829567e-11
2.9942442390341035e-11
3.6591660294043536e-11
4.2506248804519686e-11
1.9354622486159122e-11
4.7349095616201843e-11
2.0340075375528556e-11
4.5878832891905465e-11
3.2808051963391003e-11
3.4123140647753451e-11
4.5186809551920367e-11
1.7320411112113019e-11
5.0845143052774509e-11
2.0674078932258455e-11
4.6907225687753398e-11
3.5200830908815558e-11
3.1695088772750641e-11
4.7578897220850143e-11
1.6758126022294058e-11
5.1365868318050259e-11
2.4283199897441503e-11
4.4225266180781531e-11
3.9001935745439878e-11
2.6742371327627773e-11
4.8726041261371953e-11
1.6496158020472445e-11
4.9394097428608911e-11
2.7072408044448234e-11
3.9617043582159763e-11
4.2656702206888186e-11
2.2777785514703554e-11
5.0704523510171343e-11
1.7272485510258237e-11
4.9304059234591069e-11
2.9253319452191477e-11
3.9545915136822209e-11
4.3033309085443740e-11
2.1213008667712916e-11
4.9875575773904486e-11
1.9511783248920716e-11
4.8870026925539131e-11
3.2440235448263934e-11
3.6664848746998758e-11
4.6498533119055609e-11
1.7926747853000544e-11
5.3056945254555550e-11
2.1220488000922067e-11
4.8407393239087565e-11
3.6838253219241118e-11
3.3046610524513572e-11
4.9381243972960102e-11
1.7299396922416836e-11
5.3839044185964945e-11
2.4174270287191078e-11
4.5859366765196583e-11
3.9029621212412408e-11
3.0053175933151050e-11
4.9013014364008566e-11
1.7260805734641384e-11
5.0459804088567898e-11
2.7414952774336255e-11
4.2613389722061518e-11
4.3187170588196071e-11
2.6506207369906066e-11
5.1318497696901962e-11
1.7291463908667516e-11
5.1887217389512801e-11
2.8873597261613493e-11
4.2050203095340353e-11
4.3798941502880417e-11
2.3289202913611877e-11
5.2767065061513850e-11
1.8883126418141520e-11
5.2060717118787911e-11
3.1861707341022252e-11
3.9720083898669512e-11
4.7833831098521107e-11
1.8732977907781410e-11
5.4636651508997341e-11
2.1856502277672521e-11
4.9931089597055125e-11
3.7522565501735413e-11
3.4194466051806942e-11
5.1531658144129600e-11
1.7998594509893008e-11
5.5285952574641376e-11
2.3938010318976520e-11
4.8062866795576775e-11
3.9796099658836392e-11
3.2730048069581659e-11
5.0924008707819863e-11
1.7980444489457044e-11
5.2940328667167734e-11
2.7470448309080139e-11
4.6366135198197705e-11
4.3008448032081106e-11
2.9602482678896020e-11
5.1967515817068526e-11
1.8212476102794810e-11
5.3717648727616226e-11
2.8917996712598709e-11
4.4258149089341266e-11
4.5263410888386192e-11
2.4624881191399821e-11
5.5335369682245142e-11
1.8480926195625021e-11
5.4668998337700246e-11
3.2008249654669018e-11
4.2418788148815368e-11
4.8615146433345271e-11
2.0714388624035457e-11
5.5864191846363904e-11
2.2094576267415549e-11
5.1833247094345426e-11
3.8549940734787617e-11
3.6563225665174777e-11
5.2008023965522802e-11
1.8765164554967400e-11
5.6908419912474914e-11
2.4329470358639589e-11
5.0518411856080078e-11
4.0721186159866272e-11
3.5991512646352181e-11
5.1938605288690408e-11
1.8726310824644340e-11
5.6463332089140488e-11
2.6904496590991518e-11
5.0104857397780545e-11
4.2511426141696368e-11
3.3147075214102966e-11
5.3086950147164722e-11
1.8834651349397418e-11
5.6018115419740305e-11
2.8956000270525258e-11
4.6411581675614208e-11
4.7147350571792090e-11
2.5818872016142435e-11
5.7459492773509786e-11
1.8646170638756347e-11
5.7420477654751800e-11
3.2012347813874836e-11
4.4148669607548035e-11
4.9897372306240614e-11
2.2389490481698131e-11
5.8030253049336492e-11
2.2356575638066407e-11
5.4300289855295623e-11
3.8208586810115703e-11
3.9903510269219775e-11
5.3060486780908334e-11
1.9653821062816319e-11
5.7566404090031876e-11
2.4727478282807115e-11
5.3189025916081079e-11
4.0960577584034552e-11
3.8254942822956686e-11
5.3366601182988464e-11
1.9526440534047080e-11
5.9432565750347614e-11
2.6395680341004798e-11
5.3792689728849114e-11
4.2108164108043809e-11
3.5415371772962506e-11
5.4947034797469980e-11
1.9531765635716820e-11
5.8714682121645541e-11
2.9750893277573437e-11
4.9465483111481886e-11
4.7944316475127240e-11
2.8576584562502981e-11
5.9169630887431680e-11
1.9093023513641003e-11
5.8999546892723974e-11
3.2675295548990986e-11
4.6515832859374549e-11
5.1270694412022380e-11
2.4778177360233611e-11
5.9958368956566427e-11
2.1846913940697360e-11
5.7034201207670237e-11
3.7692109476423460e-11
4.4197260160749073e-11
5.2844314505046481e-11
2.2204740683664548e-11
5.8772619610607164e-11
2.4472700741723703e-11
5.6027719456625212e-11
4.1090119925452928e-11
4.0728374565399613e-11
5.5739504741050674e-11
2.0496047569432613e-11
6.3034711720601816e-11
2.5474355535843827e-11
5.6363916523221967e-11
4.3351213841522270e-11
3.8071589879275417e-11
5.7880132659345902e-11
1.9955124502318824e-11
6.2392159493262885e-11
2.9805271902549603e-11
5.2279308698709686e-11
4.9048291812482269e-11
3.1111649810612293e-11
6.0337867032755252e-11
1.9584536952626107e-11
6.0790621044857275e-11
3.3516479589811928e-11
4.8101276435912991e-11
5.2608509143293989e-11
2.7332022770377094e-11
6.1380024654770039e-11
2.1197034611330202e-11
5.9969815137925702e-11
3.6767812851070710e-11
4.7492777276701101e-11
5.2656003358429517e-11
2.5244427329246846e-11
6.0920023441227123e-11
2.4330105594569211e-11
5.9109754436072962e-11
4.0235844957007611e-11
4.3956243407311254e-11
5.7882372080130864e-11
2.1402307562025937e-11
6.4946303004725991e-11
2.5812316722531152e-11
5.9391470918956867e-11
4.5089255585011920e-11
3.9796132386489314e-11
6.0567925498304317e-11
2.0471717004049114e-11
6.4945912657380219e-11
3.0192540660812975e-11
5.5656938819781406e-11
4.9000495674268121e-11
3.5464553600791494e-11
6.1060454145220007e-11
2.0655554671934527e-11
6.2105761123199978e-11
3.3755839100936039e-11
5.0934530895654517e-11
5.2970289600015501e-11
3.0348162451593830e-11
6.3395322418620983e-11
2.0723964303902294e-11
6.3052737917240536e-11
3.5605465259847506e-11
5.1109349556407773e-11
5.3380880895497057e-11
2.7213557979350875e-11
6.4403050993136639e-11
2.3108965342418486e-11
6.2974916952321831e-11
4.0660994424894108e-11
4.7035620631470589e-11
5.9304450256795340e-11
2.2051535982780053e-11
6.7458709431091900e-11
2.6595362928113041e-11
6.1076627172746055e-11
4.7028997885288856e-11
4.0975491280503697e-11
6.2509014434789548e-11
2.1138859221723422e-11
6.7818782558172455e-11
2.9875653571395735e-11
5.7667253785245687e-11
4.8925942779889278e-11
3.9607799914953971e-11
6.1609093485462770e-11
2.1482704224297636e-11
6.4002086394010684e-11
3.3579569531710178e-11
5.5406076049018971e-11
5.3666852274473099e-11
3.4852386368491058e-11
6.4433955952336561e-11
2.1645405793762013e-11
6.6418261475443835e-11
3.5333220816537234e-11
5.3892579279885223e-11
5.5772165423202818e-11
2.9635090956148135e-11
6.7689652703991635e-11
2.2525426372603376e-11
6.6543792734237606e-11
4.0499303324229811e-11
5.0425666167471051e-11
6.0513401508050582e-11
2.3720387752608798e-11
6.8959373946480653e-11
2.7468125042498507e-11
6.2828339097267776e-11
4.7276846962164500e-11
4.3067430624529921e-11
6.4604069864962182e-11
2.2245051977442950e-11
6.9290110466211620e-11
2.9536010192590814e-11
6.1705587916838194e-11
4.9609285601267530e-11
4.2681571326670636e-11
6.3665179481538128e-11
2.2383962523757022e-11
6.8487976843420115e-11
3.3500653302711995e-11
6.0330276864961432e-11
5.3296665653288811e-11
3.8211299527239698e-11
6.6400902495465046e-11
2.2540360979094570e-11
6.8909743606441519e-11
3.5441618826921982e-11
5.6272275235362738e-11
5.8040863115799684e-11
3.0727427596747637e-11
7.0775298301191893e-11
2.2688765636023117e-11
6.9433013470045849e-11
4.0506711163478553e-11
5.3521573505845970e-11
6.1494510248009794e-11
2.6367893469814597e-11
7.0487987176737117e-11
2.7317613609090354e-11
6.5167515596593483e-11
4.8362724550805796e-11
4.7456592893982214e-11
6.4987101719721127e-11
2.3365590467003378e-11
7.0743031272276778e-11
2.9867733981960115e-11
6.4930814867964540e-11
5.0566450006139385e-11
4.6659747946531084e-11
6.5360854875314055e-11
2.3267091555568777e-11
7.2876425418316825e-11
3.2761315375949965e-11
6.4426384298023647e-11
5.2689800721868063e-11
4.2472323872954448e-11
6.7748723560533725e-11
2.3202247954381897e-11
7.1518679274197069e-11
3.6242197403388821e-11
5.8739892400629340e-11
5.9912066193174119e-11
3.2650995752176512e-11
7.2922261315549640e-11
2.3003780991724794e-11
7.2631010751623958e-11
4.0715392784643061e-11
5.6021329990770632e-11
6.2770599913115512e-11
2.9796014027035367e-11
7.3071642278024274e-11
2.7519208187492196e-11
6.8634224398445504e-11
4.7340974464776011e-11
5.2442776065992284e-11
6.5651560866556435e-11
2.5469699854190112e-11
7.2659236103254949e-11
3.0090489428429675e-11
6.8630192875667065e-11
5.0399707245759677e-11
4.9230219223772639e-11
6.8766178242417676e-11
2.4242484681358019e-11
7.6331502918340683e-11
3.1710254099300969e-11
6.8741107550321296e-11
5.3468729974827182e-11
4.4687791659565723e-11
7.0743741660069424e-11
2.3863352115783894e-11
7.4909065676430862e-11
3.7265806681222487e-11
6.2569328579775270e-11
6.0858898996087825e-11
3.6637718545711881e-11
7.4701599472408906e-11
2.3819058212661570e-11
7.4127845252879372e-11
4.1258156300880185e-11
5.8446121475068249e-11
6.4383768534509047e-11
3.2775721285753530e-11
7.5317203729288749e-11
2.6542057036243854e-11
7.2489170549455031e-11
4.6173752059687797e-11
5.7519397575778349e-11
6.5098252114993110e-11
2.9145632495546679e-11
7.5289168732250784e-11
2.9491090851274240e-11
7.2076923696686938e-11
5.0164128753275013e-11
5.2336018146620186e-11
7.1029078431257744e-11
2.5450043696800775e-11
8.0519576385635386e-11
3.1582392344081492e-11
7.1687594731325017e-11
5.5665858110539926e-11
4.7728566591681361e-11
7.3813920804674401e-11
2.4380818572184855e-11
7.9187574656721586e-11
3.7299721599253493e-11
6.6077104158131680e-11
6.1550639842703055e-11
4.1663045723152784e-11
7.5674230911513726e-11
2.4653927401969164e-11
7.6213185523958700e-11
4.1853337888504122e-11
6.1461659541424965e-11
6.5806482563023911e-11
3.5592557805126154e-11
7.7465428690087112e-11
2.5256261276028360e-11
7.7432158461739200e-11
4.4577831935433976e-11
6.1312164094885463e-11
6.5809760587784740e-11
3.2432707539263434e-11
7.8691324923476007e-11
2.8931469386406455e-11
7.5784962260332147e-11
5.1204232261509256e-11
5.6028425819913697e-11
7.3929667238397800e-11
2.6407951255647340e-11
8.2561515574502319e-11
3.2700168122724814e-11
7.4578029948512494e-11
5.7519486612162650e-11
4.9489659507769684e-11
7.6831921642498180e-11
2.5229366376907821e-11
8.1747205797455629e-11
3.7399075127299055e-11
6.9724273934393984e-11
6.1233528671838626e-11
4.6663685874675926e-11
7.6133518062731789e-11
2.5913958867026027e-11
7.8078268393997537e-11
4.2013694086845717e-11
6.6400852594009693e-11
6.5740536560411992e-11
4.0057716495146833e-11
7.9744413971954689e-11
2.6204090835337592e-11
8.1184956881189202e-11
4.3357626513382712e-11
6.5610735899331801e-11
6.8599758843261395e-11
3.4507275650508117e-11
8.2714974663606403e-11
2.8169985664790501e-11
8.0568868326812771e-11
5.1742235524780090e-11
5.9997499471348655e-11
7.5268334343065130e-11
2.7125391905885946e-11
8.5099683966740070e-11
3.3388838113244744e-11
7.6613892592296130e-11
5.9497801826484093e-11
5.2101230924388092e-11
7.8559676877239559e-11
2.6387646420219122e-11
8.5063082777766042e-11
3.6761773687344935e-11
7.4607974290567723e-11
6.0948796286349530e-11
5.1771181450727306e-11
7.7204631482652475e-11
2.6849971783714157e-11
8.2826671965907355e-11
4.0929420354447774e-11
7.1790780337278361e-11
6.6394951131469668e-11
4.5113439443548534e-11
8.1774398090136655e-11
2.7207870054595359e-11
8.4817456659418655e-11
4.3793737059067775e-11
6.8465705750682051e-11
7.1571838392416026e-11
3.7228669582458696e-11
8.6432678055051662e-11
2.7955315706290434e-11
8.4529131556099787e-11
5.1607998824892396e-11
6.3441240596073647e-11
7.6215627176002268e-11
3.0961739467129686e-11
8.6416333925871280e-11
3.4320029763367649e-11
7.8674665908020208e-11
5.9328499068068780e-11
5.6688010305373752e-11
8.0528934555771885e-11
2.8003415397827808e-11
8.6425093003465832e-11
3.6435415372841472e-11
7.9997311847021626e-11
6.1525080451686377e-11
5.5633366875328241e-11
7.9681442025877940e-11
2.7878019881334455e-11
8.8441365419227245e-11
4.0746869658940707e-11
7.7986091323106925e-11
6.6109428956424156e-11
4.8975305604628127e-11
8.4736204415429351e-11
2.8200684316126301e-11
8.7972231386717673e-11
4.5228420864386222e-11
7.1314635729369094e-11
7.4023063037258345e-11
3.8724291089998225e-11
9.0032741807666023e-11
2.8207083878597589e-11
8.7666856466633393e-11
5.1300619615175238e-11
6.7296548087786120e-11
7.7197195790693978e-11
3.4634694963467029e-11
8.8524687143182321e-11
3.3705907177883338e-11
8.2113005308594395e-11
6.0014821072185822e-11
6.2199728603145452e-11
8.0770111909226669e-11
2.9337523570861178e-11
8.9937273336590439e-11
3.6418037991077164e-11
8.3782362232935534e-11
6.2450572374005949e-11
5.9724831156756457e-11
8.3912106240685168e-11
2.8957931543290324e-11
9.3742862332657432e-11
3.9877952298901781e-11
8.2199902313765962e-11
6.6727166530054135e-11
5.3776376241152593e-11
8.6349365185164800e-11
2.8998804189871368e-11
9.0716076363480953e-11
4.5985564422019030e-11
7.4344421317095615e-11
7.5900224256913682e-11
4.2491628930474704e-11
9.1868706577271324e-11
2.8833257611990667e-11
9.1304230273680573e-11
5.1504561087582135e-11
7.1113661482844505e-11
7.8589725534233086e-11
3.9503913405980810e-11
9.1472179173573699e-11
3.3560718585749461e-11
8.8281784398973043e-11
5.8087227182806390e-11
6.8586206778574820e-11
8.0834372429461702e-11
3.3502518373488274e-11
9.3513377137841157e-11
3.6416413561674105e-11
8.8150024804912227e-11
6.2808881848376387e-11
6.2792504964211038e-11
8.8308561177800114e-11
3.0170688496573589e-11
9.7730976659112055e-11
3.9019719986370013e-11
8.7358932534041025e-11
6.8506197526677463e-11
5.6176473793611161e-11
9.0531288491450985e-11
2.9499027728665381e-11
9.5047451439263491e-11
4.6626012109999702e-11
7.8810008948184704e-11
7.6717464022820948e-11
4.8755095399172096e-11
9.3928048125186073e-11
3.0040516728530847e-11
9.3278687904802128e-11
5.1814756194076022e-11
7.5509102727065061e-11
8.0466761234682583e-11
4.2996121544490621e-11
9.4412244278156351e-11
3.1903276211890442e-11
9.3697919004511732e-11
5.6137822050908898e-11
7.4260316988900922e-11
8.1849614031865689e-11
3.7533683674318545e-11
9.6643933801724960e-11
3.5423248594159517e-11
9.1972381456270026e-11
6.4459214229786924e-11
6.6590157471282179e-11
9.0541147225688360e-11
3.1498816987617562e-11
1.0215716478383786e-10
4.0038827175827223e-11
9.0414703281081900e-11
7.1140378588102795e-11
5.9558956866634236e-11
9.3386298621313319e-11
3.0316885272471236e-11
9.9822617927301070e-11
4.6513473656288631e-11
8.4230617967365344e-11
7.6805125568410562e-11
5.5596021560012381e-11
9.4432528650935271e-11
3.1194174395791813e-11
9.6028216902842857e-11
5.1851912957184272e-11
7.9862471704249626e-11
8.1815037966546658e-11
4.6494118705237464e-11
9.7735517661821386e-11
3.1576950445910288e-11
9.9734251964210635e-11
5.3798358901256827e-11
7.8688827578064990e-11
8.4703178730163521e-11
4.1139681759426129e-11
1.0138287826268666e-10
3.5414215478149052e-11
9.6658029816461462e-11
6.4972827569000916e-11
7.0982676609763585e-11
9.3950315964378007e-11
3.2677073656657143e-11
1.0442162800126901e-10
4.1322678500396534e-11
9.3298439690089734e-11
7.2845684282834418e-11
6.3103842772899665e-11
9.6908808975811981e-11
3.1501334125513429e-11
1.0260469537760587e-10
4.6125279837161673e-11
9.0671375771557661e-11
7.6051511480422608e-11
6.1028343386294136e-11
9.4655377807615490e-11
3.2642266077908891e-11
1.0040179599481032e-10
5.1877317508948736e-11
8.6268802199458730e-11
8.2237881628273095e-11
5.2020629877950154e-11
1.0203277108931352e-10
3.3018931528263669e-11
1.0389473424579944e-10
5.4100859740996985e-11
8.3584867658326330e-11
8.8042796661894105e-11
4.3675252078917480e-11
1.0569353067435819e-10
3.5158235483886344e-11
1.0235544657106849e-10
6.5634295632649822e-11
7.6186756309945337e-11
9.4901284700881165e-11
3.4911663494134197e-11
1.0664505121722458e-10
4.1787846542382162e-11
9.5737249039174517e-11
7.4590936569586755e-11
6.8223114562885523e-11
9.8103019870838954e-11
3.3441900135724694e-11
1.0626110484610190e-10
4.4986359511585944e-11
9.6470177600314668e-11
7.5565992541802904e-11
6.7269644884260914e-11
9.7974521843339487e-11
3.3765989273935078e-11
1.0745986294242686e-10
5.0250697222408403e-11
9.2531083782180605e-11
8.3227256864197500e-11
5.7650065061825561e-11
1.0487466361778101e-10
3.4019984255123348e-11
1.0801701266662483e-10
5.6248019205052716e-11
8.6386213032843468e-11
9.1562264817505785e-11
4.6283321677184293e-11
1.0993055881699794e-10
3.4880530901462901e-11
1.0686703700594190e-10
6.5299795294595866e-11
8.0628688776188652e-11
9.5477825819946344e-11
4.1621666993496092e-11
1.0781271133384497e-10
4.2543195607417024e-11
9.9107150199499553e-11
7.3963615770074966e-11
7.4641458201756927e-11
1.0000528462677709e-10
3.5321667701726653e-11
1.1075141984402235e-10
4.4612838466300347e-11
1.0313630967293883e-10
7.6119107144783645e-11
7.1734341157327916e-11
1.0292400754342808e-10
3.4887516949189781e-11
1.1350757813288990e-10
4.9474276851843886e-11
9.9945655602703834e-11
8.3571891384732393e-11
6.2240140693975440e-11
1.0757822201809869e-10
3.5188477786192013e-11
1.1149441777005384e-10
5.7744155597763912e-11
8.9918182761190788e-11
9.3815317414789082e-11
4.9447438094724700e-11
1.1377433636602696e-10
3.5250289442504075e-11
1.1055985861428260e-10
6.4384820944179370e-11
8.6066841561524436e-11
9.6873760223326212e-11
4.6155747616130771e-11
1.1134714394094260e-10
4.1338910831339729e-11
1.0665421259678979e-10
7.3635977840142224e-11
8.1251178383341719e-11
1.0018275237742454e-10
3.8304865103098160e-11
1.1585159338560749e-10
4.4210752127047875e-11
1.0768489585152127e-10
7.7879717558539613e-11
7.5701560991055693e-11
1.0774290584751903e-10
3.6238690301556546e-11
1.2007639178023982e-10
4.9072867070370186e-11
1.0474742506378313e-10
8.4759289767288274e-11
6.7339412748449840e-11
1.1008243136527739e-10
3.6056092955245757e-11
1.1485293198901519e-10
5.8423954609329530e-11
9.3702712287967548e-11
9.5803415704578508e-11
5.6939419198655082e-11
1.1531971819804596e-10
3.6545763208222695e-11
1.1431135821706914e-10
6.4624141841891100e-11
9.1521089717610704e-11
9.8513376137273170e-11
5.1793843847084683e-11
1.1503712282806862e-10
4.0521981555003798e-11
1.1421189938134968e-10
7.0814366021447138e-11
8.8952063767077045e-11
1.0244938859551241e-10
4.3571734482993626e-11
1.1993780453537461e-10
4.3898289928553625e-11
1.1238648846218118e-10
8.0086194382270772e-11
7.9443141062825786e-11
1.1278330448636794e-10
3.7857728936502611e-11
1.2442113126252581e-10
4.8972172613832787e-11
1.1030687601094283e-10
8.7154936429340805e-11
7.0542066819040677e-11
1.1487395623166219e-10
3.6661900186795423e-11
1.2008828145241434e-10
5.8438919260423802e-11
1.0033372656393766e-10
9.5849589823673211e-11
6.4595372450960678e-11
1.1758786085530176e-10
3.8198544257108318e-11
1.1773759337548326e-10
6.4469683964386110e-11
9.7469630443833690e-11
1.0003773316994046e-10
5.5618539774945457e-11
1.2058646907147186e-10
3.8780394018381241e-11
1.2082881110628302e-10
6.7726824241451678e-11
9.5216561558576890e-11
1.0517563792026979e-10
4.7407837132093441e-11
1.2397589533684204e-10
4.4351237615748987e-11
1.1709544081981756e-10
8.2710612366550828e-11
8.3740094740328202e-11
1.1529166349107715e-10
3.9357249668654920e-11
1.2878685849292094e-10
5.0546324495222441e-11
1.1320092350668107e-10
9.0424528629283195e-11
7.7195185031480563e-11
1.1778197509048724e-10
3.8228366328302389e-11
1.2508705343806527e-10
5.7613063496211154e-11
1.0929277120643390e-10
9.5427891602442973e-11
7.3406561902706681e-11
1.1792803878408095e-10
3.9666990708574814e-11
1.2265829911478868e-10
6.3811267604015993e-11
1.0316902258156516e-10
1.0139850741580365e-10
6.0103084394390386e-11
1.2542428910159482e-10
3.9875557307835946e-11
1.2784691564285302e-10
6.7618547827146442e-11
1.0034691310242121e-10
1.0851624458031816e-10
5.1858379811372684e-11
1.2969252961839079e-10
4.4871030633105270e-11
1.2319836422516400e-10
8.2641384317865007e-11
8.9486622302405814e-11
1.1841691670357614e-10
4.0782534869121600e-11
1.3124627875011413e-10
5.1960315957291814e-11
1.1639629070240056e-10
9.1489141973639519e-11
8.2871164573275217e-11
1.2149023232581584e-10
4.0571018563411309e-11
1.2984226446523815e-10
5.6543170070199485e-11
1.1780555711431320e-10
9.3850381921090852e-11
7.9603069079979288e-11
1.1991891716044024e-10
4.1181532750701231e-11
1.2977837303746658e-10
6.3542306420005074e-11
1.1126645958707758e-10
1.0295971375329974e-10
6.6479267296523062e-11
1.3044153666128044e-10
4.1800275400802369e-11
1.3221080959875013e-10
6.9623015670727933e-11
1.0565303592604981e-10
1.1270349351817980e-10
5.5269667521069123e-11
1.3437655391738368e-10
4.4192755222386828e-11
1.2901608331339485e-10
8.2773184553103278e-11
9.6168458831081536e-11
1.1893032098092653e-10
4.7790312139975519e-11
1.3269712991828921e-10
5.1970920043344061e-11
1.2150435538662053e-10
9.2816595242018314e-11
8.9588412797113940e-11
1.2206335888064802e-10
4.2751011277359420e-11
1.3691211106977515e-10
5.4736485758076894e-11
1.2474613680140347e-10
9.3166682349226605e-11
8.6553587538282210e-11
1.2635194919373045e-10
4.2662069971428862e-11
1.3869712726960652e-10
6.1969493124671348e-11
1.1872492202215478e-10
1.0590391610342007e-10
7.3122630132919622e-11
1.3380593543072206e-10
4.2755063083264126e-11
1.3697292914007396e-10
7.1924056500906636e-11
1.0880843390231944e-10
1.1636701599856276e-10
5.8702584093122320e-11
1.3896835444816566e-10
4.3368365311651037e-11
1.3479993910510427e-10
8.1604200351121732e-11
1.0306463526243745e-10
1.1932959487933190e-10
5.5218719862081419e-11
1.3500247763316775e-10
5.2222008581502682e-11
1.2883981415997249e-10
9.1281711832852790e-11
9.7420345967305807e-11
1.2423603855255750e-10
4.4965271115361088e-11
1.4243557211917246e-10
5.4227365113534339e-11
1.3209146347885724e-10
9.6546571333650444e-11
9.1280249606025179e-11
1.3269625625759762e-10
4.3921551613043946e-11
1.4546967183180345e-10
6.2369677032504012e-11
1.2687962953068237e-10
1.0658360535521257e-10
7.8450762978832363e-11
1.3599352934793551e-10
4.4157841778826885e-11
1.4026515118878231e-10
7.3471827435706913e-11
1.1289492549451785e-10
1.1819247004610606e-10
6.6134078565179229e-11
1.4292743253646691e-10
4.4467742221780349e-11
1.3984793050632443e-10
8.0125999253657038e-11
1.1205025346101937e-10
1.2074324148762868e-10
6.0901117610202720e-11
1.3999329869533638e-10
5.0234770623318213e-11
1.3851491627770546e-10
8.9591062872327462e-11
1.0562240548077884e-10
1.2771091065700522e-10
4.9249132997847290e-11
1.4865020996627551e-10
5.4014069909316700e-11
1.3762369336209792e-10
1.0033563304726959e-10
9.5271525249707635e-11
1.3763528126594473e-10
4.5794313444036485e-11
1.5291421743729933e-10
6.1851878824570234e-11
1.3231017011518109e-10
1.0779787661920879e-10
8.4066891008856412e-11
1.3970394628384905e-10
4.5074401917684065e-11
1.4488261033040850e-10
7.3457970749399154e-11
1.2046543663412227e-10
1.2017453793759691e-10
7.6129262812434335e-11
1.4441727956814840e-10
4.6665304367759094e-11
1.4474119613230630e-10
8.0127575483677734e-11
1.1856051532880731e-10
1.2313705694988568e-10
6.6989341204229957e-11
1.4713774373775765e-10
4.8314204878170542e-11
1.4712120163653590e-10
8.5818802290616222e-11
1.1412035344317167e-10
1.3114646799487157e-10
5.5806645774310983e-11
1.5303323376882908e-10
5.5437933729572590e-11
1.4245022846712891e-10
1.0214796406365458e-10
9.9570723448520537e-11
1.4321121076760921e-10
4.7504054034667002e-11
1.5707510643534169e-10
6.2303812640355807e-11
1.3836860822474105e-10
1.1046792669597488e-10
9.2580633221935559e-11
1.4458695792438194e-10
4.7005488162723908e-11
1.5100230637481094e-10
7.2816481201326718e-11
1.3167704299755592e-10
1.1877692647319001e-10
8.5371655913728692e-11
1.4647471591181947e-10
4.8645634021303637e-11
1.5095626040710084e-10
7.9738252654899699e-11
1.2545423606766111e-10
1.2550571630211802e-10
7.1156829269759652e-11
1.5520908187549616e-10
4.9021439466542712e-11
1.5516299142867246e-10
8.5630574172017379e-11
1.2140546563925121e-10
1.3458969262039769e-10
5.9920350038106072e-11
1.5828831802063831e-10
5.5816500969950723e-11
1.4868439878914317e-10
1.0524616053173048e-10
1.0589013839259164e-10
1.4585357993631748e-10
4.9543591243379661e-11
1.6153736984186187e-10
6.3435835353625550e-11
1.4130849020005094e-10
1.1392203345357447e-10
1.0112431664194621e-10
1.4762852208992244e-10
4.9266261300309099e-11
1.5774043557535257e-10
7.0769460145096000e-11
1.4166640904689060e-10
1.1806618676107171e-10
9.5594631617630916e-11
1.4785040336541703e-10
5.0524966565800458e-11
1.5721839495229134e-10
7.8886710458847011e-11
1.3288696959050614e-10
1.2900494579639109e-10
7.7155960227537950e-11
1.6058094718398933e-10
5.0458532817503432e-11
1.6279185233819036e-10
8.6764155964259401e-11
1.2692760145611165e-10
1.3833812841029326e-10
6.4984142144369349e-11
1.6468255716074406e-10
5.6697303322967386e-11
1.5626739562422282e-10
1.0432899582901443e-10
1.1418117949663286e-10
1.4808669871948056e-10
5.4833986795756932e-11
1.6394809487535940e-10
6.4885025519014720e-11
1.4932432530555474e-10
1.1377664080607828e-10
1.0851452260835542e-10
1.5124473514464301e-10
5.2151510162526432e-11
1.6737391864598948e-10
6.9017996816590960e-11
1.5247355434484864e-10
1.1604133761400575e-10
1.0275943650304441e-10
1.5441935168108399e-10
5.2225311884298265e-11
1.6705311979345804e-10
7.7421577923350597e-11
1.4244418892361696e-10
1.3192061698888986e-10
8.4078055017767068e-11
1.6623200890431758e-10
5.2646048920518736e-11
1.6752042990694795e-10
8.9062542309150335e-11
1.3275555044262142e-10
1.4346447124883187e-10
6.9997977171577944e-11
1.7016632765284648e-10
5.5301481384094281e-11
1.6248781036093785e-10
1.0348149857995168e-10
1.2464457397103085e-10
1.4819038178217166e-10
6.4279407056629505e-11
1.6499339507133765e-10
6.4070581907999012e-11
1.5736497047524951e-10
1.1465285899119399e-10
1.1693397041307870e-10
1.5388095892250239e-10
5.4648058512260161e-11
1.7626039285133813e-10
6.6437041683424361e-11
1.6043066292190633e-10
1.1839447627771681e-10
1.1025063950498470e-10
1.6222489196222180e-10
5.3597589015931200e-11
1.7766929040245310e-10
7.7638729191011629e-11
1.5098009171147034e-10
1.3439757954282606e-10
9.2167840513588530e-11
1.6949014951552827e-10
5.3703391039745239e-11
1.7281550303345607e-10
9.1470009589222303e-11
1.3744125546961349e-10
1.4685729233139048e-10
7.7043484505125448e-11
1.7452639290547771e-10
5.4027896863724250e-11
1.6962752294008280e-10
1.0075353052672767e-10
1.3442131732670431e-10
1.4830066018971557e-10
7.2511437643484994e-11
1.7068461773763125e-10
6.3499445055569887e-11
1.6720729397825452e-10
1.1154798850374623e-10
1.2619700034112857e-10
1.5988447362704745e-10
5.7275188510069793e-11
1.8271391176449022e-10
6.6568800933552977e-11
1.6819252232818389e-10
1.2419840523711688e-10
1.1488041098862625e-10
1.7040142876470053e-10
5.5491528857647623e-11
1.8538856843954415e-10
7.8569344511605537e-11
1.5990804586090745e-10
1.3529022301761069e-10
1.0074285364866947e-10
1.7126268498473844e-10
5.5437648050279835e-11
1.7546147806678736e-10
9.2775164134589616e-11
1.4469407240422948e-10
1.4800109695303402e-10
8.8443172683681374e-11
1.7871700672516923e-10
5.7144856034953778e-11
1.7678589186092111e-10
9.8750987471595819e-11
1.4513273932271565e-10
1.4992021811080353e-10
7.9238089499345133e-11
1.8009776802931438e-10
6.0371120810617000e-11
1.7894036273640239e-10
1.0877171114369576e-10
1.3625788001539008e-10
1.6342273711702143e-10
6.2592049607880932e-11
1.8954820157531546e-10
6.8769744482177247e-11
1.7465452780753318e-10
1.2867478609035722e-10
1.1918616488178677e-10
1.7542282946578863e-10
5.7795120883653846e-11
1.9333759641904009e-10
7.7893489356660524e-11
1.6604742613733394e-10
1.3655292230330744e-10
1.1150790461461343e-10
1.7599739657458445e-10
5.7875066231480439e-11
1.8218450162174792e-10
9.1443679311115095e-11
1.5747872247578119e-10
1.4969109212199475e-10
1.0053765121465240e-10
1.8150172826099674e-10
5.9446105246986611e-11
1.8627426454332547e-10
9.8369974462341297e-11
1.5266890274763960e-10
1.5399684187151816e-10
8.5412585610824988e-11
1.8984373233967086e-10
5.9710312183404145e-11
1.8869790318704515e-10
1.0902971353498114e-10
1.4505284859385240e-10
1.6742351331883608e-10
7.0443849465202173e-11
1.9423381492903858e-10
7.0772149240532320e-11
1.7981829779964056e-10
1.3019412577416261e-10
1.2519305293167504e-10
1.8084626443431642e-10
6.0037210706166337e-11
1.9763751885129999e-10
7.8674259527445638e-11
1.7273539314157451e-10
1.3896780458324767e-10
1.2124290456211688e-10
1.8081816122037368e-10
6.0303037885012638e-11
1.9275003202871868e-10
9.0036512526216229e-11
1.7183547269550134e-10
1.4747353831800113e-10
1.1142282259032883e-10
1.8402343114485610e-10
6.1926472294676804e-11
1.9423420233281280e-10
9.8165314565907013e-11
1.6069382184814800e-10
1.5927422638130910e-10
9.0103211105308677e-11
1.9887911612918785e-10
6.1880768278229890e-11
1.9798991672828673e-10
1.0901216167572239e-10
1.5406167973159333e-10
1.7098359159212840e-10
7.6290667827930341e-11
2.0075423667496991e-10
7.0288861429171628e-11
1.8790097361870621e-10
1.3266460124535412e-10
1.3433069830762510e-10
1.8306758109047519e-10
6.3058111866570128e-11
2.0182934983250750e-10
7.9165440683728418e-11
1.8252938288034011e-10
1.4209489966484853e-10
1.3158546079731748e-10
1.8412811953467551e-10
6.3319557653195052e-11
2.0459576207242875e-10
8.6573267149324787e-11
1.8389171490375744e-10
1.4581256273245590e-10
1.2283681357147187e-10
1.8881349107419851e-10
6.4103485943359053e-11
2.0253601355917823e-10
9.7941542736679181e-11
1.6976961557111229e-10
1.6522700616964580e-10
9.7724623381648106e-11
2.0490181002528594e-10
6.3820830672971909e-11
2.0604497008874072e-10
1.1153332309074485e-10
1.6044715757112518e-10
1.7536207118298085e-10
8.4281484293750482e-11
2.0766404533970329e-10
7.1024865603232009e-11
1.9710382643602496e-10
1.3059538557451081e-10
1.4887174884592882e-10
1.8399641264015444e-10
7.4219137832128810e-11
2.0371303353851166e-10
8.0257405805788646e-11
1.9320746951016054e-10
1.4042266795984119e-10
1.4100249416691606e-10
1.8981592769375977e-10
6.6676843543040895e-11
2.1511985260229383e-10
8.3832689248209493e-11
1.9616806003638788e-10
1.4688107275811311e-10
1.3073906100517342e-10
1.9939044358988232e-10
6.5834069140527773e-11
2.1415625894175054e-10
9.8730816453628107e-11
1.8127007189801670e-10
1.6810633283917057e-10
1.0599288323016742e-10
2.1081675610780024e-10
6.6025068217957581e-11
2.1111426092755478e-10
1.1330500902668030e-10
1.6638823735301382e-10
1.8115607349586776e-10
9.2445140684954920e-11
2.1456899228632557e-10
6.8478231622083906e-11
2.0576862508827936e-10
1.2778716875139753e-10
1.6245271715533108e-10
1.8366554312554952e-10
8.4718468011561646e-11
2.0979271224461765e-10
7.8064057194502832e-11
2.0309028783307276e-10
1.4069591322126927e-10
1.5077499841810239e-10
1.9711576871530816e-10
6.9659545291754070e-11
2.2595162560755279e-10
8.2426954564860760e-11
2.0455654161331767e-10
1.5344013139129075e-10
1.3878638845388460e-10
2.0826051999700631e-10
6.7715110780898766e-11
2.2578863614610632e-10
9.8575152006001483e-11
1.9074015559935315e-10
1.6990979788661007e-10
1.1847668936536401e-10
2.1313411346597654e-10
6.7980222214636444e-11
2.1671450397739164e-10
1.1550567416353557e-10
1.7482029072669280e-10
1.8416590577707273e-10
1.0216035315634815e-10
2.1889474219188084e-10
6.9150991257465729e-11
2.1772962525440841e-10
1.2307721143930234e-10
1.7473030223525514e-10
1.8385991320661066e-10
9.4215509595062266e-11
2.2113079679741117e-10
7.6563580355525876e-11
2.1587341095224566e-10
1.3853135447870124e-10
1.6227568276048241e-10
2.0493048747843290e-10
7.2538195220441101e-11
2.3364915662649824e-10
8.5099679275564892e-11
2.1284650362451653e-10
1.5895010239031851e-10
1.4342850557690662e-10
2.1735945445297682e-10
6.9958690276868146e-11
2.3429543763954728e-10
9.8599507012970367e-11
2.0066150158424549e-10
1.7038872079978615e-10
1.3252211056462412e-10
2.1484911226280003e-10
7.0853306400098462e-11
2.2064319830521204e-10
1.1599329649421444e-10
1.8825872884318942e-10
1.8424384125810991e-10
1.1655066545329871e-10
2.2338368604260883e-10
7.3171329000790128e-11
2.2824661588607988e-10
1.2190962631147990e-10
1.8664710058859443e-10
1.8916436249766406e-10
1.0141009091316128e-10
2.3219980575695768e-10
7.2851314628301004e-11
2.2936719773223693e-10
1.3966462357919065e-10
1.7423462752104080e-10
2.0880929694305389e-10
7.9399820653799644e-11
2.3979881981111874e-10
8.7646015472669804e-11
2.1972737897862479e-10
1.6406628591403680e-10
1.4888763144173649e-10
2.2221409090173143e-10
7.2708510273519670e-11
2.4271940675127800e-10
9.7546816656875355e-11
2.1099543728592017e-10
1.7144605962800200e-10
1.4723027832060674e-10
2.2005126931137527e-10
7.4198535211578649e-11
2.3342060645232356e-10
1.1267418083631582e-10
2.0520698604361394e-10
1.8518846443759840e-10
1.3147287191673356e-10
2.2827198905913988e-10
7.5559944671576025e-11
2.3934087287554127e-10
1.2116593922440973e-10
1.9553744419074630e-10
1.9799854233425579e-10
1.0782957883302977e-10
2.4390002660431180e-10
7.5488459414835728e-11
2.4100059364083902e-10
1.3978244432484954e-10
1.8427514808442288e-10
2.1247195750644107e-10
8.8049114604556235e-11
2.4516852369243155e-10
8.9761990030324435e-11
2.2578197235903846e-10
1.6499304434550392e-10
1.6015117831847418e-10
2.2701593165565930e-10
7.6490457337249172e-11
2.4702440276520621e-10
9.8299713364070578e-11
2.2416002439922910e-10
1.7342815833577799e-10
1.5869823126461766e-10
2.2538574410644642e-10
7.7131506713169947e-11
2.4873947419775299e-10
1.1033181207467458e-10
2.2256916303170746e-10
1.8316437114084724e-10
1.4359361481174632e-10
2.3523971597773527e-10
7.8672529858284352e-11
2.4846798115255026e-10
1.2246386470744352e-10
2.0429277603250621e-10
2.0427617683213957e-10
1.1304835004176080e-10
2.5331305555575876e-10
7.8122283320275561e-11
2.5064475467495484e-10
1.3974389846791001e-10
1.9444946684768862e-10
2.1673951819869544e-10
9.8960681544554516e-11
2.5255205407412550e-10
8.8648566146541157e-11
2.3646735721223268e-10
1.6546217348170232e-10
1.7705647921911557e-10
2.2788247011993549e-10
8.5136964281935214e-11
2.5125009003198886e-10
9.7954504939114186e-11
2.3623118983731673e-10
1.7553193029308783e-10
1.7005851452076294e-10
2.3413293513424417e-10
8.0977701128839066e-11
2.6466949980789291e-10
1.0607138512101700e-10
2.3653245962805618e-10
1.8281367264857602e-10
1.5603867911170328e-10
2.4324852052481646e-10
8.0841674866285394e-11
2.5958028874646087e-10
1.2406205125669266e-10
2.1541967900355568e-10
2.1074833777600118e-10
1.2261737463580261e-10
2.5978760461810319e-10
8.0480438847340268e-11
2.5956065861565371e-10
1.4213898880569472e-10
2.0271555295687293e-10
2.2168191814812286e-10
1.1205600576512784e-10
2.6094805022315814e-10
8.7896414522417651e-11
2.4819305812260460e-10
1.6191930174822229e-10
1.9506112451078483e-10
2.2759371210468005e-10
9.8705608081179478e-11
2.6000009297141238e-10
9.8232513524350530e-11
2.4870300833323820e-10
1.7288461978870564e-10
1.8119036249942871e-10
2.4451925442085543e-10
8.4761384622668010e-11
2.7670676414223219e-10
1.0334767541863783e-10
2.5019564307660894e-10
1.8914845730448487e-10
1.6449753547302546e-10
2.5561943119359028e-10
8.2510509527325881e-11
2.7253851081200873e-10
1.2571225533829135e-10
2.2923810628398106e-10
2.1271950230045428e-10
1.3915680524007772e-10
2.6554688194823630e-10
8.3280748731788956e-11
2.6577003145480099e-10
1.4316370829814474e-10
2.1235548539682413e-10
2.2677769538205248e-10
1.2249882008848036e-10
2.6945662832645914e-10
8.4504055081998854e-11
2.6400585519588681e-10
1.5580411641794230e-10
2.1092480286018938e-10
2.2649181478832146e-10
1.0993491457187474e-10
2.7127306020508694e-10
9.4311992048833895e-11
2.6181184767520120e-10
1.7501699833669776e-10
1.9249159568338278e-10
2.5205087052246741e-10
8.8505956951843392e-11
2.8827159394875343e-10
1.0569229505312408e-10
2.5923190213069621e-10
1.9781490440028213e-10
1.7305374281655223e-10
2.6553535905529616e-10
8.5472483817918201e-11
2.8514060265521450e-10
1.2465619797914797e-10
2.4001937686011705e-10
2.1378061416427620e-10
1.5836107988303755e-10
2.6681625062730566e-10
8.6981361465728492e-11
2.7123245982397354e-10
1.4441204411654950e-10
2.2600069341971576e-10
2.2989361928725224e-10
1.3607310182673699e-10
2.7558634874781471e-10
8.8504760499896741e-11
2.8064275813833440e-10
1.5101245368545430e-10
2.2562711191332195e-10
2.3298934665826171e-10
1.2100576563708805e-10
2.8523808861446830e-10
9.1650198779054468e-11
2.7661190860364992e-10
1.7619457862862248e-10
2.0700816135073769e-10
2.6116504101981233e-10
9.1317462845732448e-11
2.9667808795574706e-10
1.0942862287582994e-10
2.6778062815044715e-10
2.0189244106695636e-10
1.7849302003629587e-10
2.7490165037589606e-10
8.8148002582700039e-11
2.9421483196761522e-10
1.2317782580747506e-10
2.5492283812620225e-10
2.1252602763862216e-10
1.7561177212754951e-10
2.6855150536916694e-10
9.0841225452105202e-11
2.8343848230120732e-10
1.4358696143275403e-10
2.4598648560919314e-10
2.3003593707795623e-10
1.5261590596307203e-10
2.8425187347807531e-10
9.3121296415527365e-11
2.9341152735166264e-10
1.5014375550093390e-10
2.3835739012131151e-10
2.4437089969947058e-10
1.2788948236859707e-10
2.9834738467999183e-10
9.2505999083145051e-11
2.9207208727446186e-10
1.7883208225673752e-10
2.2096667559415245e-10
2.6543290762977756e-10
1.0246462766096652e-10
3.0226142197869049e-10
1.1102395194285329e-10
2.7457201784424156e-10
2.0766002643080082e-10
1.9299474814611685e-10
2.7924552739074591e-10
9.3221058172901200e-11
3.0297078945615878e-10
1.2107193121508791e-10
2.7292891830376638e-10
2.1368606314396310e-10
1.9278861145137028e-10
2.7458273277336470e-10
9.4640696538324112e-11
3.0323879258885153e-10
1.3829749040742555e-10
2.6572034189526321e-10
2.2832725489144862e-10
1.6984471402993386e-10
2.9271225660868088e-10
9.5814873283342581e-11
3.0605687917346762e-10
1.5209710788514549e-10
2.4861392355063610e-10
2.5365712815934640e-10
1.3519579903090519e-10
3.1136824900013855e-10
9.5072484238187524e-11
3.0627553185672005e-10
1.7779595944164491e-10
2.3258843638677083e-10
2.6886744943059310e-10
1.1717873228220437e-10
3.0873916387585003e-10
1.1294291809682423e-10
2.8424444547238625e-10
2.0662406049041868e-10
2.1152664018328760e-10
2.8305942394698753e-10
9.8637873410883088e-11
3.1019918095282453e-10
1.2160955718384981e-10
2.9021127208314756e-10
2.1496115753655209e-10
2.0555186074523148e-10
2.8671983888286449e-10
9.8322220242955126e-11
3.2194572237498740e-10
1.3387364403329219e-10
2.8580930087872886e-10
2.2941748397564697e-10
1.8329459216669965e-10
3.0056423483950069e-10
9.9477541096721903e-11
3.1578025229749684e-10
1.5726048089558698e-10
2.5780642807939754e-10
2.6095690733418443e-10
1.4358063621586572e-10
3.2094613948450123e-10
9.8587035406644296e-11
3.1642123882163337e-10
1.7775881614686742e-10
2.4432781786371402e-10
2.7333263643829439e-10
1.3215497092946389e-10
3.1811970190356721e-10
1.1047537074094741e-10
3.0054419949466376e-10
2.0438832848849838e-10
2.3251977611313382e-10
2.8192538793030122e-10
1.1337089498278879e-10
3.2368814816434640e-10
1.2004974046189217e-10
3.0547979523249300e-10
2.1543920318299204e-10
2.1787543078158343e-10
3.0042192039887771e-10
1.0284175531586311e-10
3.4036788726280687e-10
1.3013842960342755e-10
3.0157017217887672e-10
2.3338012689077659e-10
1.9643607480366037e-10
3.1165624843134454e-10
1.0151086209311125e-10
3.3061586964178225e-10
1.5848627051145373e-10
2.7219340784995752e-10
2.6704376433044719e-10
1.6213704082982658e-10
3.2719000559541355e-10
1.0236914726786566e-10
3.2598017287327511e-10
1.7939646861628918e-10
2.5868220798676435e-10
2.7919885387977576e-10
1.4741044557596835e-10
3.2763809694043938e-10
1.0733712545912739e-10
3.2144733772604906e-10
1.9850426639825446e-10
2.5355566930736315e-10
2.8276150726487242e-10
1.2883105576990909e-10
3.3490934016779968e-10
1.1905364474502785e-10
3.1894448777690892e-10
2.1968438984220377e-10
2.3007555743238670e-10
3.1417341844347444e-10
1.0731790223573670e-10
3.5381219581824975e-10
1.3098470874858886e-10
3.1623425339593077e-10
2.4269273547840658e-10
2.0559556530913622e-10
3.2533710550542758e-10
1.0401230038283065e-10
3.4455423995949946e-10
1.5927929959102627e-10
2.8836703337722139e-10
2.6723438361958523e-10
1.8563821125131422e-10
3.3235139954937984e-10
1.0683650771144844e-10
3.3445769303617285e-10
1.7958169006237906e-10
2.7571197122941751e-10
2.8174073298293488e-10
1.6071102316423005e-10
3.3729992995860278e-10
1.0798222006346497e-10
3.4165705591122506e-10
1.8917267208070853e-10
2.7249069218506017e-10
2.9023210898772762e-10
1.4151590888030764e-10
3.4994258209990117e-10
1.1556818115104503e-10
3.3565360412875000e-10
2.2498795550687181e-10
2.4513506987939759e-10
3.2264029954481825e-10
1.1197574001325957e-10
3.6559452399839137e-10
1.3515019094689630e-10
3.2592353824800442e-10
2.5278109651447867e-10
2.1600022298917069e-10
3.3560080010467847e-10
1.0743385442177681e-10
3.5844988413104490e-10
1.5637027843998421e-10
3.0849885697949510e-10
2.6721501103798277e-10
2.0950243328780046e-10
3.3290382848001919e-10
1.1144019209621188e-10
3.4497223789168857e-10
1.7858945410120750e-10
2.9412849228214601e-10
2.8588222564201942e-10
1.7815469927737776e-10
3.5108058765373371e-10
1.1296561853985767e-10
3.6018517133827030e-10
1.8455722079721719e-10
2.8855799503679656e-10
3.0047438561368420e-10
1.5354532752264440e-10
3.6576616017054342e-10
1.1629556709574987e-10
3.5292006506078628e-10
2.2543718869214294e-10
2.6180708741160593e-10
3.3061517080707835e-10
1.1553348196820410e-10
3.7353767739133781e-10
1.3973465876143964e-10
3.3484790735173172e-10
2.5621928366655263e-10
2.3384148137664078e-10
3.4467195491786477e-10
1.1368551861859625e-10
3.6798346989816042e-10
1.5289039052755197e-10
3.3288400921925097e-10
2.6268024784976514e-10
2.2994543694638204e-10
3.3678600624160303e-10
1.1632806141553519e-10
3.6786933196711119e-10
1.7621746253431094e-10
3.1954785991480141e-10
2.8730527554206144e-10
1.9738481006983699e-10
3.6472741004219410e-10
1.1788389764815480e-10
3.7522905446492295e-10
1.9001461572524594e-10
3.0261483899440729e-10
3.1434854884293496e-10
1.6098180351235069e-10
3.8054133916922305e-10
1.1688767841582123e-10
3.7045491119366324e-10
2.2712264913567932e-10
2.7848523363410779e-10
3.3508048172152515e-10
1.3587543933982183e-10
3.7869966094223723e-10
1.3941936667241766e-10
3.4223362230769144e-10
2.6031491225965111e-10
2.5411293137042273e-10
3.4796459029585658e-10
1.2003712028300421e-10
3.8172428810522533e-10
1.4964191217005541e-10
3.5394507112749930e-10
2.6484470241525617e-10
2.4931877167255540e-10
3.5215526513017316e-10
1.2013945385665063e-10
3.9194009852803559e-10
1.7009717506483769e-10
3.4222583361167337e-10
2.8997152114181957e-10
2.1676364778038148e-10
3.7431142602064830e-10
1.2128774805405175e-10
3.8887250280149710e-10
1.9619987284287599e-10
3.1383100252542547e-10
3.2343368629942233e-10
1.7034060882223774e-10
3.9436299322234598e-10
1.1974410114828040e-10
3.8697680638078936e-10
2.2398336213344856e-10
2.9526085143905607e-10
3.3744880369615931e-10
1.5708605604567774e-10
3.8790716236561581e-10
1.4066000904238712e-10
3.6298449158109305e-10
2.5564115728102021e-10
2.7825480618050119e-10
3.5078677883094969e-10
1.2904526057440165e-10
3.9875319406529000e-10
1.4913294081205533e-10
3.7417747182037585e-10
2.6548698778806162e-10
2.6343308125348314e-10
3.7132187253735137e-10
1.2503983174448160e-10
4.1386878926893868e-10
1.6501350163383183e-10
3.6441053218974304e-10
2.9427196989271265e-10
2.3170299820252253e-10
3.8292116459914246e-10
1.2511836689022700e-10
3.9927424200309930e-10
2.0082728644055199e-10
3.2400446160251580e-10
3.3128673325783809e-10
1.8971167639076291e-10
4.0471021422799690e-10
1.2526693877209385e-10
3.9819766085867184e-10
2.2368114240103003e-10
3.1561441156348650e-10
3.4268776997961902e-10
1.7590469860208692e-10
3.9921239936018789e-10
1.3574806282544268e-10
3.9047992977573358e-10
2.5042559765347671e-10
3.0306583490550255e-10
3.5295013295336464e-10
1.4806369977969538e-10
4.1589204166843440e-10
1.4641474071236940e-10
3.9195555035303199e-10
2.7356898519196106e-10
2.7641757687023506e-10
3.8666593513610880e-10
1.3010996928738977e-10
4.3448537010271310e-10
1.6463693401715238e-10
3.8135919945701912e-10
2.9990887505182339e-10
2.4604492094073055e-10
3.9670167284909497e-10
1.2730114170619402e-10
4.1822623285025601e-10
2.0100394238162295e-10
3.4257793790836530e-10
3.3569599297937838e-10
2.1761971679160782e-10
4.1005930267937254e-10
1.3064522535343407e-10
4.0915536604923424e-10
2.2365677247524329e-10
3.3573573189115044e-10
3.4930020538713573e-10
1.9201328080165185e-10
4.1366859230885993e-10
1.3122054692926954e-10
4.1573175634372661e-10
2.4069422508501853e-10
3.2693772559095542e-10
3.6314250586789485e-10
1.6513588103788346e-10
4.3028091257957748e-10
1.4489792869329645e-10
4.0740383166747768e-10
2.8116652066267877e-10
2.9083908385712436e-10
4.0174957175368776e-10
1.3539325963722676e-10
4.4874431835724568e-10
1.6795707790730768e-10
3.9688564053451732e-10
3.0950595799268520e-10
2.6205498090678971e-10
4.1133755635876111e-10
1.3112629882930609e-10
4.3390778680734777e-10
2.0014266076621200e-10
3.7184661695017273e-10
3.3345431427737865e-10
2.4585847998605499e-10
4.1396152936743547e-10
1.3703807657044518e-10
4.2284179778259225e-10
2.2362828153526515e-10
3.5629556240739535e-10
3.5179991703956497e-10
2.0829438924337795e-10
4.3359098680902946e-10
1.3778994201544535e-10
4.4001947581954344e-10
2.3228197617693861e-10
3.4956049658602733e-10
3.7252193193147421e-10
1.7929490736516225e-10
4.4842204453914159e-10
1.4722645803012057e-10
4.2835091785528315e-10
2.8759937274223965e-10
3.1017068762424014e-10
4.0965812508643053e-10
1.4099731111634586e-10
4.6047116527617279e-10
1.7182728851536945e-10
4.0726247508833783e-10
3.1957658917499105e-10
2.8442635815142549e-10
4.2121150100317063e-10
1.3850983104342601e-10
4.4906754915367773e-10
1.9366562944294466e-10
4.0225848950791673e-10
3.3143053452700729e-10
2.7422811672571390e-10
4.1654276021487204e-10
1.4258392735448563e-10
4.4511020502551414e-10
2.1877425903239761e-10
3.8164975425209045e-10
3.5643824739376438e-10
2.2929435923114278e-10
4.5041449370991393e-10
1.4353448295249249e-10
4.6019445000296178e-10
2.3797258877699606e-10
3.6670401518375759e-10
3.8618162990314012e-10
1.9238903363657656e-10
4.6650087049049292e-10
1.4852711106967683e-10
4.4793189426915810e-10
2.8726714330253013e-10
3.3067879252685311e-10
4.1593493636773579e-10
1.5872322283208877e-10
4.6703127096150395e-10
1.7656442659279507e-10
4.1871906716503793e-10
3.2133327684044970e-10
3.0795544882352928e-10
4.2910246610789523e-10
1.4641909814041360e-10
4.6951677958777803e-10
1.8839280515970861e-10
4.3244714141365070e-10
3.2385350351701139e-10
2.9728877784412843e-10
4.3148290247260662e-10
1.4790674054145001e-10
4.7493466553934433e-10
2.1504632658064691e-10
4.1183495683375122e-10
3.6252770435809404e-10
2.5144319086833957e-10
4.6593735539776433e-10
1.4868631649577848e-10
4.7754434506842894e-10
2.4417718778747681e-10
3.8237340290358489e-10
4.0137923458628677e-10
2.0299786771488039e-10
4.8382066170626943e-10
1.4711489356178346e-10
4.6781518379070982e-10
2.8515742094466483e-10
3.5320501033644999e-10
4.1940669791598616e-10
1.8386791996623598e-10
4.7279576200954110e-10
1.7392351997618368e-10
4.4148302110362057e-10
3.2267042806177902e-10
3.3305393953562424e-10
4.3085130585485429e-10
1.5425720472347681e-10
4.9286073564523330e-10
1.8316880164162097e-10
4.5705506738360878e-10
3.2870165399150806e-10
3.1839354029426818e-10
4.5506986245284406e-10
1.5224034567434901e-10
5.0372490726185541e-10
2.0945307105360664e-10
4.3753930654917991e-10
3.7037253415212788e-10
2.7330103050698635e-10
4.7615012668374650e-10
1.5311070386267253e-10
4.9113457247086090e-10
2.5175470278917474e-10
3.9510559736550046e-10
4.1042530402048598e-10
2.2166971896369866e-10
4.9732073201434665e-10
1.5229855998640544e-10
4.8635684188429164e-10
2.7942865177893739e-10
3.8054743599162711e-10
4.2040109813867318e-10
2.0883730807706268e-10
4.8479106997024492e-10
1.7308745746589784e-10
4.7261284150296052e-10
3.1372734404717574e-10
3.6341912459419931e-10
4.4091598055658444e-10
1.6837740862317915e-10
5.1311620948962207e-10
1.8173063873081707e-10
4.7949439119926463e-10
3.4091020366224944e-10
3.3403053343765516e-10
4.7821442166161569e-10
1.5851042999894987e-10
5.2828136626018106e-10
2.0965509389750214e-10
4.6157770900220884e-10
3.7503986044612340e-10
2.9051528656261928e-10
4.8610930694337751e-10
1.5666514260762957e-10
5.0363944912767865e-10
2.5447615025278024e-10
4.1131623786398384e-10
4.1702348339843920e-10
2.5392111154571867e-10
5.0814382352106718e-10
1.6084977102510681e-10
5.0172879528912236e-10
2.7757456400393317e-10
4.0923441911454357e-10
4.2728164863767350e-10
2.3001087623156157e-10
5.0544008599896496e-10
1.6432818496955613e-10
5.0541897730688729e-10
3.0449447041242776e-10
3.9153971206414368e-10
4.5208862978560594e-10
1.8943833252478811e-10
5.3202252197054817e-10
1.8311398509592916e-10
4.9869378712412399e-10
3.5350865409990710e-10
3.4846005361858288e-10
4.9520093972478642e-10
1.6447615988718127e-10
5.5018577023438175e-10
2.0971378674652207e-10
4.7962854594974537e-10
3.8281279332483083e-10
3.1503572521475967e-10
5.0196964973397703e-10
1.6156044380966761e-10
5.2567042917051306e-10
2.5271707121438056e-10
4.4752825590073019e-10
4.1910486010471276e-10
2.9056506195993537e-10
5.1316403878186438e-10
1.6745760658024793e-10
5.2341944859471099e-10
2.7662424061988097e-10
4.3489900286366698e-10
4.3463319992589590e-10
2.4820810197967050e-10
5.3221973409807411e-10
1.6693047317633339e-10
5.3584083071638055e-10
2.9467948959517436e-10
4.1913832325944939e-10
4.6512906471358204e-10
2.0907047559780816e-10
5.4991533148797145e-10
1.8684792564227443e-10
5.1742181935243473e-10
3.5952690432480484e-10
3.6679411259505567e-10
5.1008226159525431e-10
1.7069562061087135e-10
5.6467732776238199e-10
2.1427602573261938e-10
4.9581608627757372e-10
3.9171552810691353e-10
3.4444846953559355e-10
5.1698312474674291e-10
1.6918306272496448e-10
5.4384345938933480e-10
2.4868968582929973e-10
4.8572993009641104e-10
4.1348868449556962e-10
3.2361633531652849e-10
5.1730755753280823e-10
1.7514160388596720e-10
5.4519984107588978e-10
2.7631501847692069e-10
4.5925331849501172e-10
4.4139182627452829e-10
2.6594735686573632e-10
5.5615142570420597e-10
1.7536065629897770e-10
5.6262626909413061e-10
2.9846158796265381e-10
4.4486290636123263e-10
4.7718559334231155e-10
2.2474989323654171e-10
5.7001847313071170e-10
1.8696510657547302e-10
5.4244094652388497e-10
3.6512209100125719e-10
3.9305755991305285e-10
5.1583464516842470e-10
1.8096067361211139e-10
5.7580324522868659e-10
2.1670664392942368e-10
5.1394136493304786e-10
3.9987366959431087e-10
3.7353712410738490e-10
5.2577671200740775e-10
1.7851401422941952e-10
5.7460246671697309e-10
2.3744432535344507e-10
5.2256096415453452e-10
4.0819312855831156e-10
3.5517935714517937e-10
5.3060555224723437e-10
1.8138793124265339e-10
5.7649355501645444e-10
2.7075985073348825e-10
4.9135190712699555e-10
4.5695309878942264e-10
2.9139984869510325e-10
5.7589809233705036e-10
1.8128862183199679e-10
5.8546143324356018e-10
3.0680650816634543e-10
4.6387142869265441e-10
4.9299283825603630e-10
2.4127938075897259e-10
5.9149930714666685e-10
1.8813262407919804e-10
5.6586044229358267e-10
3.6285865473710322e-10
4.2196985343968959e-10
5.1994006757994308e-10
2.1492183455443704e-10
5.8116339055572743e-10
2.2030818620653610e-10
5.4178346193396634e-10
3.9848135439974299e-10
4.0199539174254808e-10
5.3205061306772045e-10
1.8802930243127775e-10
6.0591907684692704e-10
2.3022470725628549e-10
5.5758272076575043e-10
4.0594308251627574e-10
3.8009405039810319e-10
5.5804193965986470e-10
1.8692278373986291e-10
6.1062842675479584e-10
2.6684130539975318e-10
5.2602030230280248e-10
4.6395153825106868e-10
3.1656565769563293e-10
5.9180918716050201e-10
1.8732211213202858e-10
6.0345235452433896e-10
3.1274324501729565e-10
4.8096745220625350e-10
5.0846088403137040e-10
2.6271862401147773e-10
6.1106713977504319e-10
1.8513057354898506e-10
5.8881995104225639e-10
3.5410429724210547e-10
4.6094525218123204e-10
5.2057523699718163e-10
2.4524780300122103e-10
5.9021221749661226e-10
2.1438627293387899e-10
5.7419362063829925e-10
3.9576810727916016e-10
4.3292344011676023e-10
5.4854618404345671e-10
1.9745529844456710e-10
6.3530396033429008e-10
2.2351430554667610e-10
5.8539429924636464e-10
4.2364236631385893e-10
4.0206720223076883e-10
5.8574142254813019e-10
1.9244238025128944e-10
6.4364581719009479e-10
2.6512895037597791e-10
5.5496013214143120e-10
4.7124090795626960e-10
3.4161396400342185e-10
6.0251102322186861e-10
1.9248570652293091e-10
6.1714871627761773e-10
3.2002246925975073e-10
4.9722045527401405e-10
5.1796146465928012e-10
2.9620213892121931e-10
6.2508880358953289e-10
1.9578539790479086e-10
6.1231105219076495e-10
3.4696361006067123e-10
4.9581861463383618e-10
5.2223377814442177e-10
2.7398657565097940e-10
6.1900826893082849e-10
2.1017352408632043e-10
6.1227607224707392e-10
3.8207134020781318e-10
4.7012151176347734e-10
5.6659819438805169e-10
2.1550675999545405e-10
6.5779413845043139e-10
2.2781733663588709e-10
6.0955000169362545e-10
4.3882761768600822e-10
4.2026482679255528e-10
6.1138204110336588e-10
1.9972895546886046e-10
6.6974167801580572e-10
2.6582636867246617e-10
5.8137852663955920e-10
4.7413445514485658e-10
3.7598330043372987e-10
6.1385308298007023e-10
1.9828773527797245e-10
6.3311377402950131e-10
3.1971719307222195e-10
5.3585987872593882e-10
5.2012327568023629e-10
3.3945286008941478e-10
6.3540970995273483e-10
2.0573017589404723e-10
6.4242748108320787e-10
3.4232089500691763e-10
5.2872880173352802e-10
5.3325553727774360e-10
2.9610893560648602e-10
6.5274976069402409e-10
2.0495988986306044e-10
6.5108822459099437e-10
3.7797854785806468e-10
5.0196681564402933e-10
5.8117272971767657e-10
2.3981342667279311e-10
6.7894347942125091e-10
2.3408425024473477e-10
6.2939636476565493e-10
4.5429618264993096e-10
4.3641278909371897e-10
6.2866896634805387e-10
2.0746782467284380e-10
6.9198905127591856e-10
2.6541886123319962e-10
6.0090255204859504e-10
4.8472542417603105e-10
4.1716112109763131e-10
6.3110735376941696e-10
2.0776298189410167e-10
6.5874456471350818e-10
3.1429258753849782e-10
5.8403113874558981e-10
5.2032242184880155e-10
3.8319197892527983e-10
6.4249929662301528e-10
2.1374461876072742e-10
6.7311449738460861e-10
3.4009551670805406e-10
5.6042061950946503e-10
5.4835616910982271e-10
3.1634836964694786e-10
6.8487425016908817e-10
2.1246723562227474e-10
6.8668333505879829e-10
3.7818010919381541e-10
5.3292865919174555e-10
5.9341087392193333e-10
2.6263423032852628e-10
6.9758064811951053e-10
2.3998511749929548e-10
6.5307912693281391e-10
4.5832874186416688e-10
4.6314736924636336e-10
6.4214430358977551e-10
2.1645745505247117e-10
7.0575560119577632e-10
2.7073735911253272e-10
6.2849941603047672e-10
4.9073083702320521e-10
4.5301744154342408e-10
6.4604243783236389e-10
2.1784465392330167e-10
7.0023997167001068e-10
3.0540080530658200e-10
6.3153141673951708e-10
5.1413469349641880e-10
4.2092901686280512e-10
6.5510783348306108e-10
2.2258688055406350e-10
7.0100248116234773e-10
3.3892759073188832e-10
5.8714747879995359e-10
5.6618538903288279e-10
3.3634317212104893e-10
7.1109638566525585e-10
2.2219207212214210e-10
7.1595552924006361e-10
3.8481427464919260e-10
5.6151181682989286e-10
6.0950906877102198e-10
2.8708403955369838e-10
7.2270609252234876e-10
2.3784262846079644e-10
6.8222618030902927e-10
4.5963569961133859e-10
5.0564061883911683e-10
6.4494585428997853e-10
2.4842454961848477e-10
7.1590961837047273e-10
2.7100967830916233e-10
6.6472305787931554e-10
4.9601188352750813e-10
4.8679475384655890e-10
6.5393792764835395e-10
2.2877037028984907e-10
7.4403026827234750e-10
2.9143811406997453e-10
6.7410274041535808e-10
5.0690926321890394e-10
4.5531596518669591e-10
6.8446022985737909e-10
2.2910185860046022e-10
7.4222443637755335e-10
3.3718749071474209e-10
6.2643287404909712e-10
5.8333865213739620e-10
3.6718133477015527e-10
7.3338977644428828e-10
2.2858386441080385e-10
7.4123240052219806e-10
3.9267252675295250e-10
5.8294783925466729e-10
6.2513600853624051e-10
3.1593582063117390e-10
7.4563444293655949e-10
2.3574039839707476e-10
7.1292334573605505e-10
4.5231647352492941e-10
5.5385744612889141e-10
6.4561659330145267e-10
2.8609419687505298e-10
7.2658510032934947e-10
2.7142112423169296e-10
7.0221326052857869e-10
4.8972666427031829e-10
5.1913656815437502e-10
6.7941400811869393e-10
2.4052224281463373e-10
7.8139192594122051e-10
2.8149893973674589e-10
7.1303328041943558e-10
5.2449630912898471e-10
4.8139529714772498e-10
7.1874527147813261e-10
2.3543868694287748e-10
7.8132870186158427e-10
3.4146401092266176e-10
6.6566019664314145e-10
5.9119944575691709e-10
3.9890442789116845e-10
7.4749647525237287e-10
2.3585560932343645e-10
7.5844988436554214e-10
3.9789533883184408e-10
6.0675203087107614e-10
6.3920481088728640e-10
3.5052757459135130e-10
7.6695843122593227e-10
2.3838802743338802e-10
7.4649149672416494e-10
4.3693959065422141e-10
6.0116836528771840e-10
6.4212395655551541e-10
3.2144290586471842e-10
7.6024944311714703e-10
2.6123051666597423e-10
7.4436799587878649e-10
4.8161603732305864e-10
5.5844967432749438e-10
7.0301236760113863e-10
2.5128879232960526e-10
8.1451102383005883e-10
2.8466554688042676e-10
7.4299136175619739e-10
5.4725581378769847e-10
5.0387733758869155e-10
7.4921633935605939e-10
2.4235689879003150e-10
8.1723641705297369e-10
3.3758244482348154e-10
6.9851549504297015e-10
5.9549003504475567e-10
4.4726663900056706e-10
7.5769148511054079e-10
2.4408273092361055e-10
7.7373507892521203e-10
4.0200777483097816e-10
6.4299204185330846e-10
6.4945636513275710e-10
3.9553533258063538e-10
7.8128181632789406e-10
2.5089154021804758e-10
7.8824846875718713e-10
4.2846037030548657e-10
6.4190678877123083e-10
6.5299922558033263e-10
3.5369604485967888e-10
8.0025046514109220e-10
2.5202197707559358e-10
7.9033383237746990e-10
4.8049827490141570e-10
6.0137370936299115e-10
7.2607365800367158e-10
2.7519278708592390e-10
8.3812442344200517e-10
2.9516985833454403e-10
7.6824547362239005e-10
5.6386886859557023e-10
5.2447707919012354e-10
7.7533930945521943e-10
2.5084565071315907e-10
8.4433567101180148e-10
3.3532019792423585e-10
7.2830572057963234e-10
5.9564561654264574e-10
4.9825916692137616e-10
7.6971798680376568e-10
2.5521946236881609e-10
8.0099476585212918e-10
3.9833623730822808e-10
7.0233855378500325e-10
6.4771990392326800e-10
4.4723441245824472e-10
7.9391896346290385e-10
2.6232594753279146e-10
8.2681845936227105e-10
4.2275901191412047e-10
6.7988790085882696e-10
6.7809227112482208e-10
3.7819890413197391e-10
8.4052478554918870e-10
2.6011500518929104e-10
8.3417570090525228e-10
4.8471761690962253e-10
6.3848910425222984e-10
7.4278728982299596e-10
3.0300954384305371e-10
8.5920483573605149e-10
2.9899614716094012e-10
7.9066729219512894e-10
5.7820908631333427e-10
5.4605360275508519e-10
7.9101038632856477e-10
2.6276915880814068e-10
8.6601491204500311e-10
3.3476499676868732e-10
7.6856836890785363e-10
6.0822753210208745e-10
5.4752159936318537e-10
7.8778939138152076e-10
2.6656203968949118e-10
8.5306366799803128e-10
3.8598297903358285e-10
7.6042008457202235e-10
6.4342247343074036e-10
4.9755258124541194e-10
8.1729222050570684e-10
2.7232285589800304e-10
8.6266824389721503e-10
4.2245644922800755e-10
7.1537045395568173e-10
7.0455953601170733e-10
3.9987362114778096e-10
8.7615076411454318e-10
2.6871056899196731e-10
8.7384137717956681e-10
4.8475111527682996e-10
6.7332184119157387e-10
7.5495458751597749e-10
3.3448831819409640e-10
8.8250944975092198e-10
3.0568535003850704e-10
8.2195694703038612e-10
5.7807120800677706e-10
6.0291797350776896e-10
8.0162471537254817e-10
2.8423575107370549e-10
8.7922903671656646e-10
3.3858752358311427e-10
8.1758720231019810e-10
6.1077912402042073e-10
5.8939164798577393e-10
8.0324210285223193e-10
2.7888204004381303e-10
9.0661551206764028e-10
3.7128668851246317e-10
8.1632360165916026e-10
6.3760166035289293e-10
5.4006470184662638e-10
8.4106390143204164e-10
2.8122164741483026e-10
8.9784284590652557e-10
4.2844073579776549e-10
7.4776798724601582e-10
7.2667762560100336e-10
4.2297741605672063e-10
9.0558887669690946e-10
2.8005647764316065e-10
9.0630481486128937e-10
4.9171770407282777e-10
7.0491174561255084e-10
7.7380957773270697e-10
3.7702224376855847e-10
9.1025994104050838e-10
2.9972544003834123e-10
8.6018345735910154e-10
5.7256281823272488e-10
6.6326738308158138e-10
8.0129687758810933e-10
3.3375848408715425e-10
9.0087967676871212e-10
3.3446633220447720e-10
8.6112022842205032e-10
6.1119152688747138e-10
6.2750781794087298e-10
8.3759772354216343e-10
2.9196101507022165e-10
9.5838432933848134e-10
3.5787402286656944e-10
8.6373199908048710e-10
6.4737116470567883e-10
5.7721129032754633e-10
8.8032761131595337e-10
2.8842847735761207e-10
9.4790304060200871e-10
4.3185836626441945e-10
7.9248940972239506e-10
7.4098859736481175e-10
4.6538769394215785e-10
9.2661711152563383e-10
2.8791181836987236e-10
9.3339642472624251e-10
4.9854501536829237e-10
7.3654616589026377e-10
7.8823614175163863e-10
4.1964185480444685e-10
9.3506172849524920e-10
2.9186407025336278e-10
9.0874600102479184e-10
5.5627281654406983e-10
7.2254292817314131e-10
7.9676705346921236e-10
3.7618435394772902e-10
9.3813252644820127e-10
3.3077351308639435e-10
9.0586322751735246e-10
6.0164239970627390e-10
6.6853368608493107e-10
8.7647503024117448e-10
3.0618579798863378e-10
1.0008821396555456e-09
3.5493740208982132e-10
9.0508958811104473e-10
6.7615858560659478e-10
6.0471224063101424e-10
9.2066855588635831e-10
2.9673645053173533e-10
9.9170045902803153e-10
4.3426661813442697e-10
8.3677651508396438e-10
7.4862411335970475e-10
5.2982018478668174e-10
9.3909898500138875e-10
3.0096640614364446e-10
9.5138410480993381e-10
5.0203651274106161e-10
7.7793894780319108e-10
8.0028680066742189e-10
4.6403588065933939e-10
9.5871548492932923e-10
3.0658545212569677e-10
9.6350999691251229e-10
5.3424889127205738e-10
7.7888466825063545e-10
8.0027676623337584e-10
4.1491039121856872e-10
9.8187247999266821e-10
3.1491945947991345e-10
9.5953559575800691e-10
6.1030929004422095e-10
7.1367593278931592e-10
9.0294172588255706e-10
3.1801951349962322e-10
1.0363202485812683e-09
3.6728326515988415e-10
9.3785811019843832e-10
7.0183476100459064e-10
6.2775602442572333e-10
9.5198908717455681e-10
3.0551561694142635e-10
1.0305726381579621e-09
4.2708320322731498e-10
8.7442081698358860e-10
7.4631742755893644e-10
5.9499059515457937e-10
9.4645941108065803e-10
3.1435981107446199e-10
9.7576285626977637e-10
4.9902046931859976e-10
8.4106665327140837e-10
8.0865628200657271e-10
5.2063465095674948e-10
9.8241305141662255e-10
3.1990631783843942e-10
1.0154310205196635e-09
5.2303244857011787e-10
8.2621993189710323e-10
8.3592989409276079e-10
4.4991870181852073e-10
1.0313542977906466e-09
3.1735126514115976e-10
1.0127269906039305e-09
6.1537427210135082e-10
7.6157140947202205e-10
9.2582499797226201e-10
3.4683499188258706e-10
1.0598738725684771e-09
3.7959985068005596e-10
9.6411797120864139e-10
7.1730447244086963e-10
6.5934630403907678e-10
9.7627873932435664e-10
3.1925801443497364e-10
1.0586760509144065e-09
4.2047493292942616e-10
9.3720264595451899e-10
7.4521438542124436e-10
6.5539824028614085e-10
9.5970026727522805e-10
3.2760564662283686e-10
1.0384645061776732e-09
4.9212723542413823e-10
9.1582875998193902e-10
8.0269107423231898e-10
5.8010402645154733e-10
1.0172729757886909e-09
3.3377241765842540e-10
1.0628910965496739e-09
5.2155030341690115e-10
8.6865572314614976e-10
8.7327820127812624e-10
4.7643420024687265e-10
1.0765365075633596e-09
3.2912016173839857e-10
1.0612857937773743e-09
6.1841251961490275e-10
8.0866943343921661e-10
9.4139303776142746e-10
3.9198581955291312e-10
1.0820235123440072e-09
3.7939621143113436e-10
9.8991526742777089e-10
7.2742035531547499e-10
7.1947116262556514e-10
9.8754152743039225e-10
3.3915846096895623e-10
1.0803088713538516e-09
4.1747267889633737e-10
9.9986549397006447e-10
7.5585938835214919e-10
7.1154386964440424e-10
9.8698595456281932e-10
3.4081140881194541e-10
1.1057233134313417e-09
4.7154027291246206e-10
9.8422350761212568e-10
8.0123876072478410e-10
6.3664605852743156e-10
1.0460514487943786e-09
3.4548893559191108e-10
1.1034918857884395e-09
5.3683677176684369e-10
9.0494202134685071e-10
9.0296073870182300e-10
5.0031366568593011e-10
1.1156255227279446e-09
3.3956627484439797e-10
1.1048043215338089e-09
6.1693185138751558e-10
8.4971065368217739e-10
9.5348795845174888e-10
4.5082487586908083e-10
1.1096095813218802e-09
3.8452852736698607e-10
1.0371393305046243e-09
7.1999706996767075e-10
7.9606966529873202e-10
9.9424496970808164e-10
3.8167314827499291e-10
1.1155202456963647e-09
4.1877509481862958e-10
1.0585602227069902e-09
7.5418200952235545e-10
7.5924216115456935e-10
1.0343803545858405e-09
3.5619756590566664e-10
1.1693429851849160e-09
4.5153748027534740e-10
1.0474078113765251e-09
8.0810911639776691e-10
6.8361903927579265e-10
1.0797247106886746e-09
3.5431464877711570e-10
1.1461577172422082e-09
5.4844432656137388e-10
9.4612389707297181e-10
9.2562382683850366e-10
5.4470817705846109e-10
1.1467472982767240e-09
3.5169934025806876e-10
1.1402337025087946e-09
6.2157902922565913e-10
8.9309092005574445e-10
9.7434091014047211e-10
5.0268353396348406e-10
1.1423520728958936e-09
3.7316928979549268e-10
1.1026799760816492e-09
7.0467556530340156e-10
8.6822628763218560e-10
9.9121797860466037e-10
4.3812315970309515e-10
1.1607693054245621e-09
4.0804508311704930e-10
1.1088988186629712e-09
7.5018472293688845e-10
8.0193484255039934e-10
1.0805406969378618e-09
3.7147778686320241e-10
1.2271902666296201e-09
4.4637724994763907e-10
1.0987577773732243e-09
8.3670425440830959e-10
7.2408256186799879e-10
1.1276735795289377e-09
3.6350984058779778e-10
1.2007371238759933e-09
5.5148470841384481e-10
9.9775984768161068e-10
9.3608160333012206e-10
6.2473915691656902e-10
1.1648572730332364e-09
3.6818843415531884e-10
1.1693843020735899e-09
6.2717140043722849e-10
9.4847133060800697e-10
9.8734870473944434e-10
5.5372111563550511e-10
1.1743081241529630e-09
3.7273600296689390e-10
1.1775071431444486e-09
6.7624590312635699e-10
9.3740486833321335e-10
1.0029931309637442e-09
4.8579733349619975e-10
1.2099359627748163e-09
3.9968010675880752e-10
1.1651075525718017e-09
7.6961638623841356e-10
8.5076120043406441e-10
1.1243403716325944e-09
3.8736490334952681e-10
1.2724045978972782e-09
4.5796431884164109e-10
1.1416157224993227e-09
8.6608754825874076e-10
7.5412032834512334e-10
1.1706523622289096e-09
3.7258260290315210e-10
1.2491345279490391e-09
5.4743108319921697e-10
1.0548468559266806e-09
9.3972773783294922e-10
7.0671700495035212e-10
1.1750450076201115e-09
3.8588253057921085e-10
1.1996697571559270e-09
6.2698288631170018e-10
1.0104250701594764e-09
9.9653824671846451e-10
6.0670185384486117e-10
1.2110481575918069e-09
3.9262830801203299e-10
1.2437333082590200e-09
6.4886200986493188e-10
1.0007733869520082e-09
1.0353638041782640e-09
5.2840033224248765e-10
1.2640033416123212e-09
3.9428127936697772e-10
1.2269102979703303e-09
7.8591970656282215e-10
9.0654881769717224e-10
1.1517969018161161e-09
4.0075175830387589e-10
1.3079510643015445e-09
4.7090462771715485e-10
1.1763744962527630e-09
8.9281921835812524e-10
8.0346838351565682e-10
1.2012158237340737e-09
3.8895771452533086e-10
1.2911475190540620e-09
5.3475947730871585e-10
1.1359545746438286e-09
9.2875659833741893e-10
7.8577089883564635e-10
1.1794400637647457e-09
4.0323871910445268e-10
1.2603529111752556e-09
6.1750010725186215e-10
1.0952681239596087e-09
1.0009367636451594e-09
6.7619248415812713e-10
1.2586973484839942e-09
4.0825957020162082e-10
1.3037122509538626e-09
6.5075794119082985e-10
1.0546683452093743e-09
1.0773372597451026e-09
5.6556616483257370e-10
1.3225757691093531e-09
4.0184105205358320e-10
1.2868509087791892e-09
7.8893098254099514e-10
9.6543331343312701e-10
1.1720922528687237e-09
4.5432205150019939e-10
1.3323831693174018e-09
4.8324911593476739e-10
1.2042556750649506e-09
9.0301107599766833e-10
8.6964569597679519e-10
1.2212797986498668e-09
4.1291313759953453e-10
1.3215672619076605e-09
5.2143357887216824e-10
1.2184559174567290e-09
9.2519643467343831e-10
8.5460884547936278e-10
1.2114316369825000e-09
4.1851910373547805e-10
1.3459375888673344e-09
6.0278510045667828e-10
1.1832018550628114e-09
1.0041922521487194e-09
7.4276205170756027e-10
1.3009915875662321e-09
4.2356795882741805e-10
1.3563428576056945e-09
6.7240072845018770e-10
1.1016698549688356e-09
1.1194765451816192e-09
5.9674756853724055e-10
1.3697006934985185e-09
4.1607390013273472e-10
1.3402804037016144e-09
7.8546002776723038e-10
1.0199579033832779e-09
1.1824684196067372e-09
5.2924602497215646e-10
1.3563025588215433e-09
4.7880557373369439e-10
1.2460019577853630e-09
9.0452534422610577e-10
9.4982387626113293e-10
1.2267892598797625e-09
4.3624311105722955e-10
1.3802077575814836e-09
5.1501099154106874e-10
1.2931664352564371e-09
9.3127991382174920e-10
9.1578112541734350e-10
1.2731705073034924e-09
4.3497170075259593e-10
1.4287164042664360e-09
5.7647555260991994e-10
1.2619536874192265e-09
1.0232941318218821e-09
8.0465105167786684e-10
1.3389238730243260e-09
4.3556502795026073e-10
1.4007966370330927e-09
6.9086230802387408e-10
1.1386529573025553e-09
1.1513952862232855e-09
6.3762848369844296e-10
1.4115586493347452e-09
4.3121566376520428e-10
1.3900953894969504e-09
7.7787387497830772e-10
1.0796146438061905e-09
1.1956278905952667e-09
6.0075028069440946e-10
1.3903678686321248e-09
4.7660591305294812e-10
1.3369760112217884e-09
8.8555299715447608e-10
1.0423633794129175e-09
1.2286210393735508e-09
5.0137821566235535e-10
1.4396867041358847e-09
5.1239973806882629e-10
1.3608264584195946e-09
9.3919540673177946e-10
9.7096645795752993e-10
1.3339134824722181e-09
4.5217450425318170e-10
1.5004164318202030e-09
5.6812110295590245e-10
1.3321059089275813e-09
1.0351808901513345e-09
8.5604446827468594e-10
1.3792769224552186e-09
4.4587790823013919e-10
1.4522936487661281e-09
6.9895425493356414e-10
1.1924178129217953e-09
1.1687544547276893e-09
7.3037697037247515e-10
1.4427093361725108e-09
4.5122199469344864e-10
1.4302449105840910e-09
7.7908872238141600e-10
1.1578717769343217e-09
1.2163914833935510e-09
6.6257724516409757e-10
1.4334714259630893e-09
4.5798767613637883e-10
1.4297893167993021e-09
8.5693439068462820e-10
1.1278665266354456e-09
1.2540799309444154e-09
5.6397361566815942e-10
1.4938968614706120e-09
4.9489586285063942e-10
1.4191330195764896e-09
9.7172428355539378e-10
1.0162395627981811e-09
1.3857832529774916e-09
4.7046582059280128e-10
1.5618149592784460e-09
5.7086688766740146e-10
1.3874404402688509e-09
1.0757046397763336e-09
9.0069683377543755e-10
1.4315414175378292e-09
4.5640848969276555e-10
1.5114423355332234e-09
6.9854754062258941e-10
1.2693910459273386e-09
1.1757793320546738e-09
8.3650014127210737e-10
1.4582016457353447e-09
4.7173200245507661e-10
1.4716879843303960e-09
7.8115175586839447e-10
1.2344908648072898e-09
1.2309746566145944e-09
7.2053621918845071e-10
1.4918356626960393e-09
4.7629700365312590e-10
1.5189006596597041e-09
8.1557500445070706e-10
1.2070769281450257e-09
1.2899020149294285e-09
6.2162575077378894e-10
1.5509127781651378e-09
5.0015728754294755e-10
1.4872120494758220e-09
9.9304127233051043e-10
1.0774071320653998e-09
1.4314370752608405e-09
4.8716503476660964e-10
1.6068118207240512e-09
5.8996316455345568e-10
1.4318586210403460e-09
1.1044031299591087e-09
9.7313536932957825e-10
1.4757378116793815e-09
4.7640251632801414e-10
1.5641043126052223e-09
6.8330565365511907e-10
1.3738100804158632e-09
1.1679420459733983e-09
9.3531310152372429e-10
1.4644687033208014e-09
4.9264705625097053e-10
1.5327271013109622e-09
7.7503257020340416e-10
1.3121279972527385e-09
1.2436785623375578e-09
7.8587310796725782e-10
1.5588865863686143e-09
4.9970773641278237e-10
1.5969067400255162e-09
8.1789756676643081e-10
1.2757150268471612e-09
1.3361656213004802e-09
6.6716090200494506e-10
1.6193703484852177e-09
5.0870922683054186e-10
1.5569537935590023e-09
1.0061519345474411e-09
1.1472588059278816e-09
1.4564822021640798e-09
5.2195917328266156e-10
1.6412385792192276e-09
5.9840470048374129e-10
1.4663673700895558e-09
1.1258334592107468e-09
1.0578650905548149e-09
1.5039285966259863e-09
5.0288536952781114e-10
1.6127589289176812e-09
6.6234325502387102e-10
1.4786168338561563e-09
1.1472483278059398e-09
1.0264653422709816e-09
1.4873637322500651e-09
5.1395390743420859e-10
1.6364088232916985e-09
7.5695571499023749e-10
1.4144252270964313e-09
1.2597434758033910e-09
8.6787436468824434e-10
1.6149182648386982e-09
5.1805065286685992e-10
1.6649354990502995e-09
8.4225701006463224e-10
1.3351240399474174e-09
1.3843500209689356e-09
7.0885790780938272e-10
1.6837367123294798e-09
5.0886262371559835e-10
1.6274247120118691e-09
1.0009138420131088e-09
1.2170985635556533e-09
1.4707735091328397e-09
6.1608889174361816e-10
1.6653691670214467e-09
6.0820714976886726e-10
1.5224342503843162e-09
1.1260478787207231e-09
1.1426448930544415e-09
1.5188203199313820e-09
5.3276000539331926e-10
1.6984238046624079e-09
6.3902687471937252e-10
1.5768257816525150e-09
1.1435277310002387e-09
1.1027991112856876e-09
1.5638795790246970e-09
5.3219503703636832e-10
1.7388793971443127e-09
7.3222305858668682e-10
1.5147678436847637e-09
1.2844263407453631e-09
9.4140434173526091e-10
1.6634626086812876e-09
5.3537568043616671e-10
1.7185384001912341e-09
8.6518996775647458e-10
1.3869271126120023e-09
1.4269288349446430e-09
7.5682330386419356e-10
1.7325234660806955e-09
5.2556244109567248e-10
1.6903047641779883e-09
9.8705237085068725e-10
1.3082334061209130e-09
1.4759227956397429e-09
7.0678867987090845e-10
1.6909583059273370e-09
5.9589716215408403e-10
1.6244260488153555e-09
1.1137821348688910e-09
1.2442174631902883e-09
1.5222675360443003e-09
5.7447549309296514e-10
1.7819635571432288e-09
6.3023460285932042e-10
1.6614969441183837e-09
1.1679388696914374e-09
1.1672373498964891e-09
1.6421513679393563e-09
5.5114376183829178e-10
1.8339295031344596e-09
7.1905923271985627e-10
1.6027154568263039e-09
1.3038333955560502e-09
1.0091033717160214e-09
1.7030906600301844e-09
5.4723898231165845e-10
1.7645335092743420e-09
8.8175511717838109e-10
1.4286211719629395e-09
1.4572362659340338e-09
8.5462068197582990e-10
1.7744206467197793e-09
5.5252117401479039e-10
1.7471319209474405e-09
9.7645291665391613e-10
1.4087758430945514e-09
1.4900665275194723e-09
7.8977343783870783e-10
1.7451326573853787e-09
5.8184534254509509e-10
1.7397885257275436e-09
1.0802164381099873e-09
1.3514396406702712e-09
1.5705892962413751e-09
6.4904490050993862e-10
1.8520544524723088e-09
6.2129466204030261e-10
1.7370294444410673e-09
1.2104978892594300e-09
1.2263993345246932e-09
1.7123669707511955e-09
5.7127293735622519e-10
1.9122321880179968e-09
7.2392512341006032e-10
1.6795496633382424e-09
1.3257930276868857e-09
1.0709133782584003e-09
1.7478126676694233e-09
5.5878300769473239e-10
1.8267102750586406e-09
8.8473735601303041e-10
1.5243895043088177e-09
1.4684493249726534e-09
9.7869602991095012e-10
1.8036122436568761e-09
5.7944237973349458e-10
1.8070692160377276e-09
9.6966069718739624e-10
1.5035538427886661e-09
1.5130269457215381e-09
8.6187396242497220e-10
1.8338845434390789e-09
5.7860914921929171e-10
1.8506484028500253e-09
1.0330371326538047e-09
1.4497153102702687e-09
1.6145722442163222e-09
7.2223629857001611e-10
1.9124559345844183e-09
6.3266092499260940e-10
1.8037758642078511e-09
1.2513179671074594e-09
1.2769322502251653e-09
1.7659366092092941e-09
5.9479643613120009e-10
1.9751292501571277e-09
7.3115836798126371e-10
1.7393067523117112e-09
1.3691835028512611e-09
1.1743645953236242e-09
1.8018031036054235e-09
5.8425706222108814e-10
1.8947687938410627e-09
8.7322672339059323e-10
1.6587166928164091e-09
1.4668955743325904e-09
1.1057891662716257e-09
1.8159187756183395e-09
6.0483340522360774e-10
1.8893256636586122e-09
9.6257458582335466e-10
1.5952172356456281e-09
1.5334339511625852e-09
9.2728348584271718e-10
1.9225638841323759e-09
6.0561157018423877e-10
1.9484409053473378e-09
1.0356640181010870e-09
1.5381809115354152e-09
1.6574151609640077e-09
7.8613787433699797e-10
1.9835713032683457e-09
6.4668560171883852e-10
1.8818748819098050e-09
1.2704621063244249e-09
1.3579327187605009e-09
1.8083581475061418e-09
6.1425658339954985e-10
2.0170075776482116e-09
7.5266639364108630e-10
1.7875149571706683e-09
1.3936937213590271e-09
1.2811510525540105e-09
1.8448173485348983e-09
6.1407678059708972e-10
1.9753577337575983e-09
8.4471729789773321e-10
1.7950522325872786e-09
1.4433830225840804e-09
1.2206938948976934e-09
1.8411304217328919e-09
6.2839257012046718e-10
1.9829214834077550e-09
9.5051894501005117e-10
1.6949026176074075e-09
1.5699481802731773e-09
1.0078774282641532e-09
2.0007616689380761e-09
6.3218114702493185e-10
2.0370852821727649e-09
1.0571256343740163e-09
1.6157167282327923e-09
1.7158166391569428e-09
8.3719134864544511e-10
2.0581711670917212e-09
6.5184082996598579e-10
1.9670458155387810e-09
1.2751305493946507e-09
1.4501121878335541e-09
1.8285394075024744e-09
7.1735157909451849e-10
2.0493400575723189e-09
7.5358065467216518e-10
1.8716829129697081e-09
1.4057009413729391e-09
1.3829434175936056e-09
1.8695875682415845e-09
6.4856252994864147e-10
2.0834872668489434e-09
8.1211453505237298e-10
1.9183306534861065e-09
1.4171534032228554e-09
1.3232018139103650e-09
1.9203498918620886e-09
6.5134058112611070e-10
2.1106895515692577e-09
9.3156622102426056e-10
1.8126124468519038e-09
1.6133234405722923e-09
1.1008350770346974e-09
2.0612586337238483e-09
6.5338565645373326e-10
2.1118335354355663e-09
1.0858561083223034e-09
1.6799887080801878e-09
1.7664996123826679e-09
9.0102833296328143e-10
2.1263932668526220e-09
6.4578018543223342e-10
2.0536145403306587e-09
1.2551916088153256e-09
1.5710481926752430e-09
1.8320787095888712e-09
8.3110453354366787e-10
2.0707895961534111e-09
7.5613911646716790e-10
1.9784710707717352e-09
1.3913844029550502e-09
1.4942875819119310e-09
1.8878601098029966e-09
6.8371541930603803e-10
2.1920878770688906e-09
7.8117037287737754e-10
2.0289350359670223e-09
1.4526897773896342e-09
1.4058907589078175e-09
2.0233501102075350e-09
6.7289994931578836e-10
2.2292187115226494e-09
9.2332174066337111e-10
1.9236967906088610e-09
1.6445677676788239e-09
1.1840574400393371e-09
2.1113057353487252e-09
6.7328746718493838e-10
2.1684709664768397e-09
1.1050245787642136e-09
1.7400680606846204e-09
1.8056897757177106e-09
9.9760733002584167e-10
2.1798391071311116e-09
6.7611448184679482e-10
2.1258633438430244e-09
1.2287459037340352e-09
1.7061288104187611e-09
1.8345076770493863e-09
9.3691932864963036e-10
2.1262779440758288e-09
7.3038510044352854e-10
2.1110738063322564e-09
1.3608618260961704e-09
1.6127439083510099e-09
1.9588698906231582e-09
7.4346606184898167e-10
2.2887882354547525e-09
7.7683417387249976e-10
2.1234044063515416e-09
1.5088624805603942e-09
1.4732135156314454e-09
2.1123646325505246e-09
6.9372734674700256e-10
2.3347817597957898e-09
9.2213605203967464e-10
2.0198118088399349e-09
1.6602112272528890e-09
1.2745832091412056e-09
2.1485275289070113e-09
6.8750399514817645e-10
2.2143386470146940e-09
1.1147606133805639e-09
1.8307595871662850e-09
1.8292023939675081e-09
1.1437740382362035e-09
2.2196676830110558e-09
7.1007787568117438e-10
2.2186619371670692e-09
1.2085013697030360e-09
1.8286771184803887e-09
1.8607292906265039e-09
1.0278907968473412e-09
2.2482171208018725e-09
7.0485270092835042e-10
2.2499297956227693e-09
1.3099164673933197e-09
1.7358188080047241e-09
2.0219578746772317e-09
8.2814754610744574e-10
2.3663117847939810e-09
7.9754308931208406e-10
2.2064397276489524e-09
1.5598841702636328e-09
1.5327873218621485e-09
2.1850112628355147e-09
7.1981116521418564e-10
2.4182176482891258e-09
9.2161905168699554e-10
2.1029430220541380e-09
1.6847824969504874e-09
1.4111165169986246e-09
2.2002699639542018e-09
7.1875027032515672e-10
2.2929155466841040e-09
1.1093234415114073e-09
1.9961215369920877e-09
1.8310925225644493e-09
1.2962975680709994e-09
2.2488593520541792e-09
7.4316632361222967e-10
2.3269103326338210e-09
1.1972551079850350e-09
1.9407133120579448e-09
1.8897700439894490e-09
1.1081619075883709e-09
2.3614363799117407e-09
7.3691386718304249e-10
2.3790463295015595e-09
1.3147858118539373e-09
1.8506860248354292e-09
2.0693424801740083e-09
9.1101539524983386e-10
2.4377032412979708e-09
8.1297166947308371e-10
2.2776228450089182e-09
1.5981888876094425e-09
1.6049367680233528e-09
2.2349800363875913e-09
7.4914455386760368e-10
2.4808802324509302e-09
9.3126709213412628e-10
2.1690190110661642e-09
1.7229367561892832e-09
1.5493699986257966e-09
2.2520389934844808e-09
7.5278017763884710e-10
2.4047920888926826e-09
1.0787397108408323e-09
2.1677669220806167e-09
1.8170654790784417e-09
1.4421091565559838e-09
2.2804351317652899e-09
7.7121538182104023e-10
2.4372281366881213e-09
1.1832248840831374e-09
2.0461069027141619e-09
1.9595672544170750e-09
1.1751972620311600e-09
2.4662515551903130e-09
7.6860419925434921e-10
2.4887574714026515e-09
1.3347772450097657e-09
1.9508249293844576e-09
2.1227417796181781e-09
9.8388432906344499e-10
2.5172055065449380e-09
8.2896455523990960e-10
2.3754388565826399e-09
1.6074258942434152e-09
1.7219179771470879e-09
2.2681899545788010e-09
8.2253555861823739e-10
2.5191404179997208e-09
9.4836468975800586e-10
2.2981147580280334e-09
1.7385428027341549e-09
1.6777914419922025e-09
2.2916954638917238e-09
7.9075172581622545e-10
2.5504122251539110e-09
1.0342616566028080e-09
2.3297833159513596e-09
1.7826574739675315e-09
1.5708899027678713e-09
2.3549281609239685e-09
7.9756745093750912e-10
2.5595983266057131e-09
1.1709492205158942e-09
2.1728852831404677e-09
2.0167234241891842e-09
1.2740453153770828e-09
2.5542698215634153e-09
7.9673025539903503e-10
2.5819544625282728e-09
1.3577274196964281e-09
2.0369289246507809e-09
2.1849181491683180e-09
1.0763303686685934e-09
2.5969912971237195e-09
8.2599041726299984e-10
2.4793038165038781e-09
1.5954505982765976e-09
1.8849972808556839e-09
2.2810639111978740e-09
9.6763158202186403e-10
2.5445444788517638e-09
9.3920498923826170e-10
2.4278958764217227e-09
1.7368636851165505e-09
1.8014354423853723e-09
2.3398712805441670e-09
8.3135515884255901e-10
2.6936807718544873e-09
9.9223760125208689e-10
2.4711703252581610e-09
1.8002811085587721e-09
1.6823849128051455e-09
2.4823055154706267e-09
8.2253747416364208e-10
2.7037937629600712e-09
1.1748997504372120e-09
2.3057528289957885e-09
2.0607472532359921e-09
1.3821212792813630e-09
2.6170080959294538e-09
8.2062002613956301e-10
2.6612793548297876e-09
1.3895404272173150e-09
2.1159947387159178e-09
2.2339862659435226e-09
1.1981664613879013e-09
2.6728502268411336e-09
8.2186145018020144e-10
2.5800868810800064e-09
1.5561850680837881e-09
2.0558046277542837e-09
2.2713202381241626e-09
1.0991913551644124e-09
2.6218017091605338e-09
9.2817343699457814e-10
2.5726637926995558e-09
1.7045702721917999e-09
1.9316505371662938e-09
2.4360554888144747e-09
8.7164219938444370e-10
2.8172868861979821e-09
9.7203087498792200e-10
2.5920953276409602e-09
1.8740000200604450e-09
1.7704763207450027e-09
2.6011129871532569e-09
8.4576890316950260e-10
2.8348616227801975e-09
1.1776731118322509e-09
2.4281223474046323e-09
2.0908849623362164e-09
1.5088900158609963e-09
2.6592294080424512e-09
8.4386219833092002e-10
2.7208830820065829e-09
1.3999359847844392e-09
2.2141357952315952e-09
2.2653631735214435e-09
1.3357532889351911e-09
2.7326119648939262e-09
8.6921468606323472e-10
2.7181277538180607e-09
1.5146633688552924e-09
2.2134021302009358e-09
2.2782748011382610e-09
1.2181969660139435e-09
2.7578127751340410e-09
8.8961354445001978e-10
2.7277760482177329e-09
1.6612870557912739e-09
2.0746139323832613e-09
2.5197213903341808e-09
9.4260164827000463e-10
2.9215765231954628e-09
1.0023763443834557e-09
2.6907047469394211e-09
1.9485366201145316e-09
1.8411888284754616e-09
2.6969157771854109e-09
8.7310345668335359e-10
2.9479993097993001e-09
1.1746514812969580e-09
2.5327879485740466e-09
2.0969745614241954e-09
1.6944029389333565e-09
2.6899945072969509e-09
8.8380223386183351e-10
2.7782226872787844e-09
1.3959566245646867e-09
2.3986347529045036e-09
2.2793187749825957e-09
1.5213037097519245e-09
2.7801787373717734e-09
9.1068450326531107e-10
2.8656452773611313e-09
1.4832955384897864e-09
2.3594275945994445e-09
2.3261312155308161e-09
1.3175959910893807e-09
2.9067765522187262e-09
8.9775284006864706e-10
2.8884099752686215e-09
1.6774765355413683e-09
2.2135816019227828e-09
2.5880761395072450e-09
1.0434287479703775e-09
3.0104734091737718e-09
1.0323236344377856e-09
2.7781045462888868e-09
1.9968185485767076e-09
1.9102559968397725e-09
2.7672389914571840e-09
9.0914471874178204e-10
3.0340732877258204e-09
1.1656728770168602e-09
2.6427905858736216e-09
2.1216263502131404e-09
1.8695566739984539e-09
2.7529816878788132e-09
9.2479259190478584e-10
2.9238073780469926e-09
1.3750675151314838e-09
2.6068787199529674e-09
2.2667759115757994e-09
1.6964619996459452e-09
2.8306263619566838e-09
9.4947816727036543e-10
2.9958004325227300e-09
1.4763072418441743e-09
2.4872518109437681e-09
2.4263208407427883e-09
1.4037314738006807e-09
3.0382038296035133e-09
9.3611579394484888e-10
3.0331401723934933e-09
1.6885516894195951e-09
2.3491367724960889e-09
2.6356108396538201e-09
1.1491259362072161e-09
3.0859519586303772e-09
1.0429556671808823e-09
2.8696503689667825e-09
2.0227959387143444e-09
2.0419838513275132e-09
2.8079280506098596e-09
9.5445853879405787e-10
3.0963467404686527e-09
1.1728278298260460e-09
2.8088884888794125e-09
2.1451971768765071e-09
2.0310532096582428e-09
2.8026344960429529e-09
9.6833312317779501e-10
3.1202683791555704e-09
1.3230734786980937e-09
2.8106975688089496e-09
2.2376254650760314e-09
1.8584942238258688e-09
2.9248677759727009e-09
9.8010900993647498e-10
3.1247206177821702e-09
1.4671154544869310e-09
2.6086555739374181e-09
2.5167904152162464e-09
1.4749429231547983e-09
3.1503586683975555e-09
9.7025472557912310e-10
3.1543933092766897e-09
1.7067721253522263e-09
2.4619862067819874e-09
2.6984131477975561e-09
1.2791804562119821e-09
3.1742509494632410e-09
1.0499029128720639e-09
2.9860851678473941e-09
2.0107395230843807e-09
2.2594688332517564e-09
2.8266579622475761e-09
1.1174303809475325e-09
3.1323849393719982e-09
1.1785999900579349e-09
2.9794285381453006e-09
2.1457487126422037e-09
2.1816070720945444e-09
2.8850919642926729e-09
1.0135469054569183e-09
3.3038634917181499e-09
1.2623452792446788e-09
2.9972555445487287e-09
2.2393038643872110e-09
1.9973306674341908e-09
3.0391900263100975e-09
1.0076462849038800e-09
3.2788463923692479e-09
1.4974326861347040e-09
2.7613802059836846e-09
2.5787940342490137e-09
1.5945413649782902e-09
3.2389484996387783e-09
1.0029548569688445e-09
3.2559371047879205e-09
1.7331579989534085e-09
2.5603048139253451e-09
2.7575190186951697e-09
1.4358951724183334e-09
3.2695664466853926e-09
1.0333981931455164e-09
3.1302987691651969e-09
1.9719724311806341e-09
2.4741947079944189e-09
2.8232942508198834e-09
1.2822645705732556e-09
3.2495165127177140e-09
1.1544795244463924e-09
3.1398832209292927e-09
2.1258743642150649e-09
2.3210476634767186e-09
3.0112029539361818e-09
1.0595004758661334e-09
3.4679211091126684e-09
1.2234111009778889e-09
3.1546675370169146e-09
2.3293106368938463e-09
2.1149738204533407e-09
3.1861275225633320e-09
1.0351113656752194e-09
3.4406412399316025e-09
1.5062904555874308e-09
2.9123241312754473e-09
2.6182886995113332e-09
1.7806969093801199e-09
3.3001478031372638e-09
1.0403901039091158e-09
3.3375568096227319e-09
1.7590559994787009e-09
2.6829469720030159e-09
2.7986042939295105e-09
1.5865580882804964e-09
3.3530901632839620e-09
1.0559736831805743e-09
3.3154936629584208e-09
1.9076327088091211e-09
2.6793025014817357e-09
2.8003480562974190e-09
1.4345439569792015e-09
3.3895223607887203e-09
1.1250214088630578e-09
3.3214339245065708e-09
2.1057069461613121e-09
2.4791486707215097e-09
3.1322757975474684e-09
1.1039242897407226e-09
3.6013563702627186e-09
1.2530896795453425e-09
3.2840899572541808e-09
2.4222464835508999e-09
2.2074847311398393e-09
3.3151510941740478e-09
1.0659076180367956e-09
3.5805917002243157e-09
1.4994234608017468e-09
3.0498680359461267e-09
2.6334349803008724e-09
2.0162813760503296e-09
3.3357518925451406e-09
1.0812594893176129e-09
3.4119132548556026e-09
1.7538146151817177e-09
2.8770498519285369e-09
2.8241366470317078e-09
1.7784452560766776e-09
3.4182301415835685e-09
1.1117432798636038e-09
3.5089408373525213e-09
1.8415693400554302e-09
2.8634755054324900e-09
2.8816554206006092e-09
1.5624019501170948e-09
3.5614832372208451e-09
1.1009781794335627e-09
3.5033906052230236e-09
2.1469446024447433e-09
2.6458269224980988e-09
3.2216800211248131e-09
1.1839860442591531e-09
3.7126519612095916e-09
1.2900905833439075e-09
3.3824182435204034e-09
2.4974272661783740e-09
2.2848069315253081e-09
3.4119707352721989e-09
1.1015799449747661e-09
3.6973170257880336e-09
1.4813057074259809e-09
3.2101367037979125e-09
2.6210700993542751e-09
2.2465222517788512e-09
3.3623494557842655e-09
1.1363605437431717e-09
3.5592187286327779e-09
1.7301904296571827e-09
3.1280749401448695e-09
2.8254381192958542e-09
1.9944276312862461e-09
3.5182447864601510e-09
1.1608528722002443e-09
3.6855996796146157e-09
1.8245940476501969e-09
3.0278986540245338e-09
3.0083835053338754e-09
1.6693193527684027e-09
3.7359011925757689e-09
1.1428281774764871e-09
3.6814830717415355e-09
2.1597727613605849e-09
2.8058716119239624e-09
3.2870169474873933e-09
1.3274312979909092e-09
3.8020303347986699e-09
1.3261753380796659e-09
3.4724680879248149e-09
2.5335136221074757e-09
2.4547995937678737e-09
3.4734856224926402e-09
1.1654459735713510e-09
3.7842564854914895e-09
1.4582342126418023e-09
3.4314572782307566e-09
2.6417431740324615e-09
2.4537041545721800e-09
3.4302020043254095e-09
1.1882050451580936e-09
3.7995439176030398e-09
1.6849192265897553e-09
3.3817007715080404e-09
2.8151055990466347e-09
2.1921527599525496e-09
3.6349907666384778e-09
1.2056378305491030e-09
3.8398308104685346e-09
1.8458294633855643e-09
3.1678065726568783e-09
3.1248913108250194e-09
1.7553697060044431e-09
3.8824958907885090e-09
1.1854882200645746e-09
3.8461580088461425e-09
2.1554073292482492e-09
2.9602490233153252e-09
3.3377870730214880e-09
1.5043128728507606e-09
3.8772150546752369e-09
1.3249225150472357e-09
3.5991933108347513e-09
2.5351332492649581e-09
2.7046180771384190e-09
3.5009401403367815e-09
1.2904742697667607e-09
3.8551475997467317e-09
1.4580232001796091e-09
3.6466832734978734e-09
2.6489261571413355e-09
2.6370097052466342e-09
3.5547307366301528e-09
1.2380424275552318e-09
4.0404426669977664e-09
1.6049056337671395e-09
3.6144348716456749e-09
2.8110835774348583e-09
2.3685639013578517e-09
3.7545271956000834e-09
1.2406469781259434e-09
3.9922833643947348e-09
1.8907988014232120e-09
3.2939904763304024e-09
3.2141324635638019e-09
1.8552608861621525e-09
3.9998024016834930e-09
1.2248590052115476e-09
3.9844008301022993e-09
2.1715115798021588e-09
3.0950441497983178e-09
3.3978928993834099e-09
1.7083104552554190e-09
3.9865458631141078e-09
1.3119979424525954e-09
3.7809489436906447e-09
2.4928806696639232e-09
2.9670914781372417e-09
3.5021501877572513e-09
1.4898871303798438e-09
4.0253917907290652e-09
1.4460058051086122e-09
3.8509782159310905e-09
2.6284057619795373e-09
2.8018495974494710e-09
3.7252277456707663e-09
1.2917861463680579e-09
4.2546258884900123e-09
1.5572305576549676e-09
3.8207082008082923e-09
2.8812589679312885e-09
2.5158745760885285e-09
3.9007900140185083e-09
1.2708574319332793e-09
4.1746145933610093e-09
1.9193279934836060e-09
3.4805401422354079e-09
3.2741128054204617e-09
2.0979437223585632e-09
4.0808707236473628e-09
1.2726032677981300e-09
4.0902394974330989e-09
2.1900832988100359e-09
3.2758931100167781e-09
3.4524179062457675e-09
1.9064694270524375e-09
4.0972110369739614e-09
1.2860101465463589e-09
4.0376373401560574e-09
2.4180265974893082e-09
3.2220711052118737e-09
3.4754696265980258e-09
1.6712866611911746e-09
4.1879939420635194e-09
1.4012738095566834e-09
4.0441206210446701e-09
2.6554231642002030e-09
2.9596095185370523e-09
3.8799273856961479e-09
1.3458599052953014e-09
4.4356661452826637e-09
1.5670541892163505e-09
3.9902953734433891e-09
3.0036757453998683e-09
2.6385767262474512e-09
4.0585176139626808e-09
1.3003517189382855e-09
4.3508739822327295e-09
1.9169755652158554e-09
3.6557013282766739e-09
3.3012534970382205e-09
2.3819855063926137e-09
4.1335389007313793e-09
1.3307027368183265e-09
4.1909702064385494e-09
2.1991099621295547e-09
3.4870216364846732e-09
3.5004947635039134e-09
2.0922007720944794e-09
4.1983685341348990e-09
1.3527927890000053e-09
4.2873160600986713e-09
2.3123579617538947e-09
3.4593640117238268e-09
3.5773432782149861e-09
1.8440047119186268e-09
4.3798268128027322e-09
1.3618288627947740e-09
4.2518167403357248e-09
2.7163553263960580e-09
3.1551763138004443e-09
4.0075951471164734e-09
1.3965580796817753e-09
4.5734060442908633e-09
1.6249470571742205e-09
4.1258658768423900e-09
3.1010270736144620e-09
2.7514201877820453e-09
4.1886524278230888e-09
1.3412124035673038e-09
4.4978574356642900e-09
1.8892868138213092e-09
3.8833373016857816e-09
3.2866016660955028e-09
2.6731727542739635e-09
4.1580892562512622e-09
1.3925839949604211e-09
4.3411077998788663e-09
2.1742746691936500e-09
3.7601239720085415e-09
3.5106833708380858e-09
2.3262698676073136e-09
4.3618556783199642e-09
1.4160232284580133e-09
4.5183891118885957e-09
2.2586328669746740e-09
3.6669467287613187e-09
3.7276867707695123e-09
1.9840374014201919e-09
4.5739334439706702e-09
1.3968124927133652e-09
4.4707618358248914e-09
2.7574900545912691e-09
3.3435497108687173e-09
4.0978849540070112e-09
1.5093578058965683e-09
4.6793185450960662e-09
1.6597341916936596e-09
4.2275012875461148e-09
3.1668833442936833e-09
2.9796705262829394e-09
4.2767972002393769e-09
1.4195680814660434e-09
4.6174915317096367e-09
1.8464986729589595e-09
4.1833887445434278e-09
3.2562017429355931e-09
2.9440744843229380e-09
4.1843132843952562e-09
1.4564332568166177e-09
4.6213350168927178e-09
2.1241008582790985e-09
4.0661250867472505e-09
3.5131250067903475e-09
2.5736087574258487e-09
4.5217737672467370e-09
1.4715327373295276e-09
4.7194583198689929e-09
2.3117057348108054e-09
3.8482748008757426e-09
3.8775760633241341e-09
2.0996917820182995e-09
4.7666101467015995e-09
1.4470831084874706e-09
4.6727792091613609e-09
2.7555274272070208e-09
3.5356318087147563e-09
4.1569428659326992e-09
1.7673991644269647e-09
4.7617071116646520e-09
1.6848841203951641e-09
4.3436935840884024e-09
3.1791221238391297e-09
3.2471853464389279e-09
4.3221268475158936e-09
1.5045278911415987e-09
4.7597684778574726e-09
1.8115820440064109e-09
4.4642709167778059e-09
3.2647905267757674e-09
3.1805825137085464e-09
4.3707928855481679e-09
1.5170702414646015e-09
4.9168101016651883e-09
2.0452184017980826e-09
4.3555237352254258e-09
3.5424188146935991e-09
2.7946290785615366e-09
4.6592762871438937e-09
1.5216153419783239e-09
4.8944900751388325e-09
2.3762192325787289e-09
3.9999352014652630e-09
4.0038116215282350e-09
2.2055880219485955e-09
4.9210899984593542e-09
1.4968442899878432e-09
4.8579094148948176e-09
2.7418582687808816e-09
3.7350609427082486e-09
4.1941359591024300e-09
2.0263496000948388e-09
4.8646935951925851e-09
1.6610999045452993e-09
4.5756080652656115e-09
3.1435228804365023e-09
3.5544801139593312e-09
4.3351936383008778e-09
1.7223706273354447e-09
4.9748167411461890e-09
1.7889626001176063e-09
4.7139127620122014e-09
3.2536146304101509e-09
3.3821725404775221e-09
4.5968888150795264e-09
1.5726970947574667e-09
5.1966533837834513e-09
1.9725283508515621e-09
4.6118308842399702e-09
3.6112897366843920e-09
2.9878320905931046e-09
4.7935860890082497e-09
1.5611062842139093e-09
5.0597060438417843e-09
2.4234474852044300e-09
4.1499294432184762e-09
4.0849031469864880e-09
2.4537788445047904e-09
5.0360493039690644e-09
1.5605475377848281e-09
5.0087859109578369e-09
2.7362561215432108e-09
3.9792243068410756e-09
4.2526639384752132e-09
2.2774024005245483e-09
4.9875512540453398e-09
1.6213882192393711e-09
4.9088276245809366e-09
3.0503127544162032e-09
3.8711938920326991e-09
4.3546023492709261e-09
1.9461891625302225e-09
5.1858877077884645e-09
1.7559205127346933e-09
4.9506313093440240e-09
3.3351533789575251e-09
3.5577435652861828e-09
4.8047333593474967e-09
1.6395041809143437e-09
5.4354597686722736e-09
1.9663941815213364e-09
4.8320238454927632e-09
3.7071937740485308e-09
3.1469013537998373e-09
4.9736630829902414e-09
1.5967851565443831e-09
5.2757013443894013e-09
2.4403604920007749e-09
4.3616049066901072e-09
4.1265447913639945e-09
2.8073103713115744e-09
5.1147893167731620e-09
1.6391423138672269e-09
5.1357586167071537e-09
2.7358861473960215e-09
4.2572215828612760e-09
4.3113138529978916e-09
2.5096009313623192e-09
5.1488160143814262e-09
1.6502344754709784e-09
5.2329618150381632e-09
2.9277653087653400e-09
4.1629023138363544e-09
4.4769789170511108e-09
2.1440386340893000e-09
5.3868422910394575e-09
1.7220726476153149e-09
5.1645312745846943e-09
3.4249316344339074e-09
3.7510337312654502e-09
4.9723086546899839e-09
1.7006780539113667e-09
5.6272692243345488e-09
2.0205056699784631e-09
5.0084855218937719e-09
3.8375703215266133e-09
3.3220847630724746e-09
5.1328572272595282e-09
1.6446717178437201e-09
5.4682542929359708e-09
2.4130703923158329e-09
4.6920692983537961e-09
4.1259050103156606e-09
3.1683106076089582e-09
5.1515415974391810e-09
1.7088114120006249e-09
5.3063255810563803e-09
2.7183622925818120e-09
4.5371304759154434e-09
4.3522228988541933e-09
2.7163540374500539e-09
5.3762592782780803e-09
1.7268714910432521e-09
5.5297068492077121e-09
2.8242379589190985e-09
4.4326122009162890e-09
4.6261846736039136e-09
2.3334876568491209e-09
5.6189120606104043e-09
1.7508504057911946e-09
5.4205968558789189e-09
3.4878522501122372e-09
3.9769188127545778e-09
5.0951851835670841e-09
1.7587001606441868e-09
5.7626983514403314e-09
2.0855703728911911e-09
5.1489825788487053e-09
3.9249774906727816e-09
3.6148686232570175e-09
5.2525147814019829e-09
1.7343483005638398e-09
5.6269018078491762e-09
2.3478177752112342e-09
5.0779025786390876e-09
4.0767096457748656e-09
3.5068473847747161e-09
5.1828074582673665e-09
1.7862264472048035e-09
5.6188170452695023e-09
2.6779429738960535e-09
4.8858869886063922e-09
4.3699463282481028e-09
2.9927761472421315e-09
5.6006469957273962e-09
1.7983392155882753e-09
5.7935699541737274e-09
2.8953999522981217e-09
4.6641384758531941e-09
4.7967097459970191e-09
2.4875599626204783e-09
5.8391690110511920e-09
1.7719334335915633e-09
5.6662942820171377e-09
3.5094819168957111e-09
4.2186820350336789e-09
5.1731295946236943e-09
2.0578108088467072e-09
5.8535143950859075e-09
2.1088572490946831e-09
5.2673679184945896e-09
3.9662879917201418e-09
3.9308190040406557e-09
5.3214727943107066e-09
1.8324865181748766e-09
5.8444308003403775e-09
2.2755359191424774e-09
5.4427262211475745e-09
4.0254584836579007e-09
3.8115967116565168e-09
5.3773118361798378e-09
1.8559037867407598e-09
5.9801245121046976e-09
2.5903452857332731e-09
5.2409262688572084e-09
4.4655809193630959e-09
3.2704665897830716e-09
5.7859097155089646e-09
1.8622549885458911e-09
6.0145689471239554e-09
2.9941654831936305e-09
4.8540439858214650e-09
4.9603974718140667e-09
2.6268350684376582e-09
6.0394641135922287e-09
1.8241015028336515e-09
5.8952230040302721e-09
3.4859857019104284e-09
4.4862748982458440e-09
5.2089107556401097e-09
2.3908861734356954e-09
5.9341574091416346e-09
2.1107151885451074e-09
5.5770220293922166e-09
3.9398110318696405e-09
4.2650518522960338e-09
5.3486718025298443e-09
1.9635753323569759e-09
6.1391787963668039e-09
2.2269175279107841e-09
5.7717664769305584e-09
4.0187035230881206e-09
4.0693527974956907e-09
5.6614266170001437e-09
1.9221568573248561e-09
6.3266476489160281e-09
2.5072000486688147e-09
5.5646505971040878e-09
4.5466482208570519e-09
3.5179034397755578e-09
5.9415567203816216e-09
1.9149169317938557e-09
6.1977876272020582e-09
3.0592095232112241e-09
5.0159043371850948e-09
5.0847514931913166e-09
2.8794882748847128e-09
6.2087699817582156e-09
1.9049104582353654e-09
6.1011628889410305e-09
3.4458915627235897e-09
4.8191392226918271e-09
5.2411586226318895e-09
2.6987041472555230e-09
6.0757356296756026e-09
2.0525060812072663e-09
5.9614225350533677e-09
3.8537702693993744e-09
4.6466128390471593e-09
5.4312533968874522e-09
2.2417843752903588e-09
6.4150196845396978e-09
2.1765441640240475e-09
6.0518474054821068e-09
4.1585808535240870e-09
4.2859743001665565e-09
5.9281003293336500e-09
1.9923531506195039e-09
6.6354757200504393e-09
2.5182087385927808e-09
5.8421764716130551e-09
4.6179602075775676e-09
3.7345012324655592e-09
6.0937114509616220e-09
1.9607378709110210e-09
6.3782523731211435e-09
3.0910315092102933e-09
5.2311416319018113e-09
5.1477979232195108e-09
3.3023280469917268e-09
6.3225593281289781e-09
2.0064037108945323e-09
6.2844493653567590e-09
3.4086998328782410e-09
5.1802671069206370e-09
5.2970076753898252e-09
2.9875972592266962e-09
6.2944824152564827e-09
2.0096022926953141e-09
6.3636795823349231e-09
3.7002297970150159e-09
5.0104892483168176e-09
5.6053320860807477e-09
2.4880088773117283e-09
6.6706499394937630e-09
2.1650552263373688e-09
6.3081393000071401e-09
4.3029042778380098e-09
4.4794891622666744e-09
6.1531086942114228e-09
2.0690162988082044e-09
6.8878374219118338e-09
2.5296990348537024e-09
6.0730512926398170e-09
4.7411136973355370e-09
3.9952803134155390e-09
6.2935508837174235e-09
2.0189118589440746e-09
6.6206254278874620e-09
3.0700591298783553e-09
5.6605754142985081e-09
5.1569465993102652e-09
3.7480096513147677e-09
6.3856645421717933e-09
2.1030042538434165e-09
6.5479060755195906e-09
3.3889467505281633e-09
5.5269917869050265e-09
5.3573704218335160e-09
3.2473204350959177e-09
6.6210961925819214e-09
2.1099714658016829e-09
6.7430622800870664e-09
3.6001100068946429e-09
5.3371379113839791e-09
5.7560150321758272e-09
2.7149054491796704e-09
6.8960754711376297e-09
2.2174607237952864e-09
6.5619448179830629e-09
4.4070232118316682e-09
4.7123929733859500e-09
6.3223308462394408e-09
2.1406637826752975e-09
7.0794603210019697e-09
2.5901029496101557e-09
6.2555803768028208e-09
4.8562353504500710e-09
4.3912506706099791e-09
6.4459925074236428e-09
2.1213139311872146e-09
6.8370299943788089e-09
3.0019937674565655e-09
6.1314472052146846e-09
5.1158650669614263e-09
4.1713923517338615e-09
6.4382968173781339e-09
2.1886454484798812e-09
6.8560276888841700e-09
3.3530250587747444e-09
5.8645748443867640e-09
5.4276977744411550e-09
3.4903525952295783e-09
6.9214435604940661e-09
2.1983668199812375e-09
7.0793685276033554e-09
3.6486904861521982e-09
5.6412093748343902e-09
5.9529991454362040e-09
2.9202452509540960e-09
7.1587336802431650e-09
2.2547988970569482e-09
6.8602808963003207e-09
4.4450139591666490e-09
5.0198033865601818e-09
6.4268060732196121e-09
2.3739790415323339e-09
7.2056652349812267e-09
2.6436513481108742e-09
6.4561214769966191e-09
4.9131629608368259e-09
4.7630094862422286e-09
6.5471603213730695e-09
2.2394232892876888e-09
7.1635526003945736e-09
2.8878179481294752e-09
6.6022707991044244e-09
5.0221800948863320e-09
4.5508184982381820e-09
6.6139525015984797e-09
2.2755763100559034e-09
7.2761001767376023e-09
3.2742551746424313e-09
6.2852779834474598e-09
5.5932338248089772e-09
3.8003912472049724e-09
7.1757968339128746e-09
2.2778898030558271e-09
7.3692387479678709e-09
3.7444740496626592e-09
5.8976476234837083e-09
6.1327144064184585e-09
3.1274679503197702e-09
7.4075323188324912e-09
2.2594511112624744e-09
7.1313847604289845e-09
4.4312154679318994e-09
5.3546688545614843e-09
6.4694042382588169e-09
2.7907498473870043e-09
7.2839721041090051e-09
2.6404913792795441e-09
6.8277420206667623e-09
4.9092513781272223e-09
5.1447666280513803e-09
6.5890209269400098e-09
2.3575795242664288e-09
7.5688227855513066e-09
2.7763251768830715e-09
7.0283630701462287e-09
5.0009929971393123e-09
4.8787234688221447e-09
6.9529659154822934e-09
2.3497604123311082e-09
7.7050899986085936e-09
3.1916773403406864e-09
6.6891719143100796e-09
5.7206182819161968e-09
4.1080318293630610e-09
7.3816327060300581e-09
2.3448286029358534e-09
7.6036715379443903e-09
3.8472661526376673e-09
6.1064388464972461e-09
6.2925357111387518e-09
3.3972653750831668e-09
7.6197765357568652e-09
2.3284965818354902e-09
7.4044168561720588e-09
4.3630301637270751e-09
5.8282687390765206e-09
6.4671660289216489e-09
3.1878798189796073e-09
7.4042413215542609e-09
2.6032891169954470e-09
7.2619657447017533e-09
4.8257216152255912e-09
5.5597775189414881e-09
6.7612676930416701e-09
2.5457752788768814e-09
7.9292489299620114e-09
2.7120797989193741e-09
7.3988832237125738e-09
5.1805981067305663e-09
5.1593970327018188e-09
7.2940360968395577e-09
2.4238105022512890e-09
8.0888094664138608e-09
3.2066319190915253e-09
7.0489821353159122e-09
5.8059138459731572e-09
4.3872011629252582e-09
7.5304170624614296e-09
2.4062012420201504e-09
7.7931267718585229e-09
3.8981826827697583e-09
6.3238487717539219e-09
6.3957303985927655e-09
3.8634648041199183e-09
7.7946180546435929e-09
2.4487247476052543e-09
7.6858596130529548e-09
4.2652949690385695e-09
6.2867903745092595e-09
6.5187114128902046e-09
3.5427099909212565e-09
7.7166359703792797e-09
2.5085736637608055e-09
7.7420247303676585e-09
4.6755460287017156e-09
6.0122607931486565e-09
6.9906142269966835e-09
2.8535276825688129e-09
8.2371956691467330e-09
2.7267220576219545e-09
7.7032075279638907e-09
5.3926015747561305e-09
5.3949820275918217e-09
7.5867941209100068e-09
2.5101002121511648e-09
8.4144101247941037e-09
3.2231899381068930e-09
7.3505964793932298e-09
5.8811279575609777e-09
4.7887405528291917e-09
7.6966828114748935e-09
2.4818956632830918e-09
8.0003292194001080e-09
3.8964958741931981e-09
6.8092987504213559e-09
6.4348814412828279e-09
4.4158843186144630e-09
7.9002279214724865e-09
2.5701920855739842e-09
8.0486068461977181e-09
4.2203442788289720e-09
6.7309375624975658e-09
6.5874921880685486e-09
3.8547899849891820e-09
8.1414642386235102e-09
2.5627529803140078e-09
8.2101422070211961e-09
4.5645415306059971e-09
6.4221847717459700e-09
7.1960002262453444e-09
3.1486504463449428e-09
8.5217583042265397e-09
2.8038243975457217e-09
7.9750854918430457e-09
5.5440358277811129e-09
5.6071914824654576e-09
7.8119103242449717e-09
2.6005469324736305e-09
8.6656947212981008e-09
3.2380083858342578e-09
7.5984279684238082e-09
6.0046601687248088e-09
5.3024562020580005e-09
7.8981577645153791e-09
2.6102948623823673e-09
8.2694233527730117e-09
3.8223454006712326e-09
7.3984775598006505e-09
6.4011399400639855e-09
4.9425995248745830e-09
7.9748568756406883e-09
2.6842344317530398e-09
8.4368997646365242e-09
4.1762283100504409e-09
7.1337018195651041e-09
6.7290854199296903e-09
4.1334250885557382e-09
8.5333578680139540e-09
2.6810618905067778e-09
8.6341726447148380e-09
4.6306244899745905e-09
6.7835157392320532e-09
7.3835398283772455e-09
3.4096566875498086e-09
8.7744401514991807e-09
2.8606392830617340e-09
8.2794567491068336e-09
5.6253953820938610e-09
5.9446514864171230e-09
7.9651698513560477e-09
2.7435364482520354e-09
8.8451901440584073e-09
3.2853785962220151e-09
7.9046541829397532e-09
6.0873122406018241e-09
5.7855199571055564e-09
8.0411221924478773e-09
2.7366871830592078e-09
8.7562397531130432e-09
3.6894076440368195e-09
7.9846682073856626e-09
6.3130173525804112e-09
5.4242211881122463e-09
8.1469394828585717e-09
2.7829409194217208e-09
8.8576819893556730e-09
4.1017577425693297e-09
7.5293285069143031e-09
6.9721319647647407e-09
4.4194853866590290e-09
8.8762563262924488e-09
2.7843504229793842e-09
9.0107045473278192e-09
4.7149334369442939e-09
7.1210614188746141e-09
7.5951611216701084e-09
3.7025521992535225e-09
9.0791752747203507e-09
2.8803233326141029e-09
8.6242992381060943e-09
5.6107468116254479e-09
6.4151456485625462e-09
8.0349926444276041e-09
3.2604707549855795e-09
8.9661390800190887e-09
3.3074919427956278e-09
8.3724165411565956e-09
6.0909642649688324e-09
6.2242754942112653e-09
8.1229572470052073e-09
2.8810491080033817e-09
9.2881458443504784e-09
3.5357278972545151e-09
8.5273415818087305e-09
6.2395358675235285e-09
5.8381462760741525e-09
8.5395991473348666e-09
2.8775758936532014e-09
9.3705014172640401e-09
4.0780652345519871e-09
8.0056174011006808e-09
7.1607749567842647e-09
4.7787289783069318e-09
9.1500954802439275e-09
2.8753424683071300e-09
9.3151067047704832e-09
4.8065884336808812e-09
7.4063282759630172e-09
7.7857228017844738e-09
4.0679459739566830e-09
9.3328221457336310e-09
2.8513941089061768e-09
8.9737157834677700e-09
5.5321545713296222e-09
7.0293727637149955e-09
8.0270455815303913e-09
3.7490804436213168e-09
9.0650276967969426e-09
3.2581305035784685e-09
8.8797961217442857e-09
6.0193028145848996e-09
6.6848013350288204e-09
8.3848178115518652e-09
3.0199535414907885e-09
9.7718989819479600e-09
3.3905183185609778e-09
9.0012204261251759e-09
6.4419095298758033e-09
6.1817885396777529e-09
8.9622762246889373e-09
2.9577997428652717e-09
9.8547418700689890e-09
4.1000507110495547e-09
8.4576948669955621e-09
7.2921094052337853e-09
5.1269338044027968e-09
9.3517983541324845e-09
2.9493781995369446e-09
9.5536400336080820e-09
4.8921338313541013e-09
7.6872107316856685e-09
7.9215228036499243e-09
4.5492097357536310e-09
9.5569564604207413e-09
2.9911540382664778e-09
9.3610364452376593e-09
5.3800033839070228e-09
7.6118166957895349e-09
8.0097241688089415e-09
4.1885724385091425e-09
9.4935600436386701e-09
3.1628590601254915e-09
9.4102853529479480e-09
5.8596292729370055e-09
7.1774675352347918e-09
8.7183186983092972e-09
3.2447639098379033e-09
1.0181258088371730e-08
3.4133024129987365e-09
9.3996293886339221e-09
6.7080335595967836e-09
6.4780077027811112e-09
9.3376708062769955e-09
3.0481307015539420e-09
1.0269065215781058e-08
4.0891508208672220e-09
8.8572415720665479e-09
7.3630997118028779e-09
5.7197665683951850e-09
9.4778594514284479e-09
3.0491528729654923e-09
9.7389088606671974e-09
4.9043619639598590e-09
8.1860449864933408e-09
8.0078774849838101e-09
5.1605914374885263e-09
9.7305327043159153e-09
3.1425356642573347e-09
9.8639244531990662e-09
5.2410602112632582e-09
8.1566226051404679e-09
8.0944271170725099e-09
4.5806974984935479e-09
9.9922734745853196e-09
3.1121500177605499e-09
9.9983257108204282e-09
5.8114935327545581e-09
7.6900892972269697e-09
8.9851044069712558e-09
3.6179733422588268e-09
1.0509470790260545e-08
3.5308586892476814e-09
9.7350828280611551e-09
6.9358325411459816e-09
6.7288830520080010e-09
9.6313680361456241e-09
3.1622472460758236e-09
1.0601480825180127e-08
4.0905817594424486e-09
9.1944371330143431e-09
7.4252323478262247e-09
6.3588195231835205e-09
9.6389481505785933e-09
3.2066172543021037e-09
1.0053625299202398e-08
4.8437786484016124e-09
8.9217008784873626e-09
8.0071501699538571e-09
5.8128526640882638e-09
9.8692739504229269e-09
3.2840997263526704e-09
1.0387930402708789e-08
5.1760585248738892e-09
8.6663002665728914e-09
8.3505703713496103e-09
4.9204465076590336e-09
1.0492578491099253e-08
3.2495643935833861e-09
1.0526423504765993e-08
5.8724461890624351e-09
8.1463720126914438e-09
9.2186840431761825e-09
3.9642709362287385e-09
1.0795960202823331e-08
3.6272619593557460e-09
1.0042201017847543e-08
7.0696940182140471e-09
7.0301284405707154e-09
9.8333621312144321e-09
3.2874103933456211e-09
1.0842447045987090e-08
4.1042623986000216e-09
9.6624239333602473e-09
7.5284403650917153e-09
6.9776614964237327e-09
9.8376204831372399e-09
3.3606079682173947e-09
1.0696345406906685e-08
4.7025754595118726e-09
9.6544720662170239e-09
7.9118504896872898e-09
6.4178377276446618e-09
1.0149608433644333e-08
3.4120466196042829e-09
1.0875873107622054e-08
5.1291707883930858e-09
9.1190770747545422e-09
8.6866471058422661e-09
5.2022011063242230e-09
1.0932885211423479e-08
3.3864390078187174e-09
1.0987275873401461e-08
5.9428984905691920e-09
8.5662248643147362e-09
9.3986661984016122e-09
4.3305950016801651e-09
1.1086827076436969e-08
3.6551929044713002e-09
1.0406177508521277e-08
7.0984161018430432e-09
7.6806023860950526e-09
9.9460680032520361e-09
3.7696510898202402e-09
1.1008336613890988e-08
4.1160163856882845e-09
1.0284307785742133e-08
7.5581832434269468e-09
7.5429100272794120e-09
9.9728926060091692e-09
3.5141859244715488e-09
1.1354662913480304e-08
4.4845287043645197e-09
1.0333060307603416e-08
7.8293573815649879e-09
6.9533210239008983e-09
1.0502028083729949e-08
3.5241442344588482e-09
1.1365320089296623e-08
5.1568245950418784e-09
9.5929047363541227e-09
8.9576141377473906e-09
5.5530577832660133e-09
1.1298600016471015e-08
3.5070989001722050e-09
1.1403513322164057e-08
6.0416945325696822e-09
8.9375190711630422e-09
9.6238233159227493e-09
4.8670689784145957e-09
1.1422193314252274e-08
3.6388306298953485e-09
1.0862415968941200e-08
6.9976062155032608e-09
8.4431097713013443e-09
9.9620456858493185e-09
4.3811468388142237e-09
1.1237642850404828e-08
4.0855786271473388e-09
1.0867175037305942e-08
7.4902616506486116e-09
8.0532756288769310e-09
1.0387720047855568e-08
3.6891810000987614e-09
1.1982857590908013e-08
4.3163967076862941e-09
1.0934743070643008e-08
8.0101382690176653e-09
7.3997444056151200e-09
1.1020889974318047e-08
3.6242510109279961e-09
1.1964241786317582e-08
5.2322358415153198e-09
1.0116474175019609e-08
9.1548286309882271e-09
5.9939081438380093e-09
1.1569543900065349e-08
3.6148076317934746e-09
1.1728475510363624e-08
6.1153989721682993e-09
9.3294854304309072e-09
9.8075419103652220e-09
5.4555985940697557e-09
1.1690897355197786e-08
3.6547152817117432e-09
1.1386281558912535e-08
6.8068428244801833e-09
9.1789363424519300e-09
9.9053824005373145e-09
4.9388538055206921e-09
1.1719937655190546e-08
3.9686362847788069e-09
1.1472935021202863e-08
7.3344033703963400e-09
8.6120528510871692e-09
1.0839082395639551e-08
3.8459246112187017e-09
1.2530027896208591e-08
4.2991362160412999e-09
1.1439120566120473e-08
8.3276453613329307e-09
7.7593448069596719e-09
1.1488481051072597e-08
3.7186577733827024e-09
1.2498073749138938e-08
5.2357851882327130e-09
1.0617310935667381e-08
9.2530843047045738e-09
6.7804522060603582e-09
1.1748860866729578e-08
3.7540202441298126e-09
1.1978743096070409e-08
6.1520618049964713e-09
9.8548782582931272e-09
9.9178688128682017e-09
6.0426001783641769e-09
1.1935292503022767e-08
3.8462972391355102e-09
1.2085167001839669e-08
6.5502434389699855e-09
9.8731816898693025e-09
9.9493551847289234e-09
5.4205470628848681e-09
1.2285322847588721e-08
3.8150451179128634e-09
1.2138326479958131e-08
7.3988624853085442e-09
9.1691837664071977e-09
1.1214840109884713e-08
4.0922820129205240e-09
1.2970493168795081e-08
4.4415490557541135e-09
1.1874700523374181e-08
8.6224605840721267e-09
8.0556501986477008e-09
1.1869327567648702e-08
3.8364955827952210e-09
1.2937968756411494e-08
5.1879055147953937e-09
1.1066451754346285e-08
9.2614622080162266e-09
7.6000477042512308e-09
1.1837840350926409e-08
3.9402686707674856e-09
1.2269796502402246e-08
6.1030467992524564e-09
1.0727547613893994e-08
9.9609670230099710e-09
6.7943654539241309e-09
1.2201643161800253e-08
4.0252719126557545e-09
1.2751092304597843e-08
6.4195985825502006e-09
1.0498805406324371e-08
1.0343303415360224e-08
5.8337156499110357e-09
1.2897871250337392e-08
3.9632119396460647e-09
1.2811146599170730e-08
7.4952733937605747e-09
9.7360869209971873e-09
1.1484650855696588e-08
4.5429453551293417e-09
1.3300418502423943e-08
4.5640965650606740e-09
1.2224954741113561e-08
8.8298798188751003e-09
8.4054512944067765e-09
1.2131595415534185e-08
4.0055506360081666e-09
1.3276365452753339e-08
5.1421802688562109e-09
1.1772162166047444e-08
9.2848266395713472e-09
8.3827665729348023e-09
1.1998634076859152e-08
4.1265191411658815e-09
1.3030817977067206e-08
5.9688145403663667e-09
1.1638733111134720e-08
9.9020614016613290e-09
7.5362712282094058e-09
1.2609470210328665e-08
4.1821206043385286e-09
1.3374135352947981e-08
6.3912115918254658e-09
1.1058272790087276e-08
1.0778892643133287e-08
6.2010927526111918e-09
1.3456084236567923e-08
4.1139845959838583e-09
1.3395073397826138e-08
7.5458524195069714e-09
1.0288959603929845e-08
1.1705548473105507e-08
5.0625696864962398e-09
1.3606990684991710e-08
4.6383853172145479e-09
1.2560662465706778e-08
8.9045980183850919e-09
9.1978107341687763e-09
1.2286611942749212e-08
4.3458133265391773e-09
1.3509748257087664e-08
5.1339446457263561e-09
1.2589324898309754e-08
9.3366222610892965e-09
9.0933942063950151e-09
1.2229122973986507e-08
4.3006163751596736e-09
1.3866389362673733e-08
5.7364923930543917e-09
1.2498223748447989e-08
9.8389104536478665e-09
8.2080740703041931e-09
1.3031585311183004e-08
4.3293382638780332e-09
1.3928323240273658e-08
6.5021155498471053e-09
1.1546894060760032e-08
1.1155845703293765e-08
6.5112233803123549e-09
1.3919058963933356e-08
4.2617042671749822e-09
1.3892389457940678e-08
7.5867063886612409e-09
1.0772426713093573e-08
1.1884541066697918e-08
5.8019232237876042e-09
1.3929019407169993e-08
4.6125682765909965e-09
1.3098255095939704e-08
8.8375380302089911e-09
1.0151037264880359e-08
1.2340598188699755e-08
5.0593588540683028e-09
1.3897923418966085e-08
5.0890621522521027e-09
1.3342800907247829e-08
9.2989313662679244e-09
9.7430864030627746e-09
1.2799950961052591e-08
4.4904644077895970e-09
1.4664653286121573e-08
5.4864147410979444e-09
1.3263394712960963e-08
9.9418699558793232e-09
8.7916181759376958e-09
1.3526329395982601e-08
4.4556212358403822e-09
1.4511791795099641e-08
6.6408299302801566e-09
1.2103850485895603e-08
1.1431625100574038e-08
7.0594912945958032e-09
1.4288703282093538e-08
4.4031699299100769e-09
1.4338897173735320e-08
7.6528249240102817e-09
1.1315996655082949e-08
1.2113580545224800e-08
6.5030287203741422e-09
1.4293222937811987e-08
4.5320858279930374e-09
1.3854898758735359e-08
8.6101049747001228e-09
1.1078509945558996e-08
1.2301938904518976e-08
5.7550343809017392e-09
1.4497984179621971e-08
4.9858300161532007e-09
1.4022464641262908e-08
9.1508695760254042e-09
1.0324750238185148e-08
1.3416539117340762e-08
4.6901175579537258e-09
1.5366477075935852e-08
5.3985430734163689e-09
1.3913479671904125e-08
1.0340731370844378e-08
9.2720815122680130e-09
1.4116785359997358e-08
4.5569504039223835e-09
1.5148964728365505e-08
6.6944664061293612e-09
1.2713402912681113e-08
1.1596348449963291e-08
8.0279592431334102e-09
1.4533173552578711e-08
4.6089315243321346e-09
1.4687153050049465e-08
7.7008019737849229e-09
1.2026442243162976e-08
1.2251400108009044e-08
7.2179410696759996e-09
1.4630034155840510e-08
4.6965147458220387e-09
1.4765711361208614e-08
8.2698920511602913e-09
1.1942476071707278e-08
1.2383939750812786e-08
6.3704472876472731e-09
1.5145519268956649e-08
4.7913801471350055e-09
1.4771890813439221e-08
9.3684617435752607e-09
1.0956612467296858e-08
1.3930361740856771e-08
4.8650015356982562e-09
1.5947069548096170e-08
5.5656441192086524e-09
1.4434203363378005e-08
1.0718280735296684e-08
9.6615822209881115e-09
1.4607957437851818e-08
4.6782006959568363e-09
1.5721878319188800e-08
6.6590499817764291e-09
1.3309121708760909e-08
1.1627063849413494e-08
9.0712681319182198e-09
1.4654374929367649e-08
4.8243584628310122e-09
1.5073526073698743e-08
7.6509495335958800e-09
1.2874201742578907e-08
1.2329916525734150e-08
7.9617857226137034e-09
1.5026954954715466e-08
4.9267214789154257e-09
1.5614189643580954e-08
7.9686416287355050e-09
1.2723870240383681e-08
1.2847284802165285e-08
6.8891723157410808e-09
1.5846483026093707e-08
4.8481601032246474e-09
1.5525984601704327e-08
9.5473456795958370e-09
1.1614697212303082e-08
1.4322422359879978e-08
5.1462835307948419e-09
1.6393709064607406e-08
5.7375152326313355e-09
1.4887359062705377e-08
1.0987392153122342e-08
1.0224184557374525e-08
1.4967639502408516e-08
4.8861167755269855e-09
1.6186620983756373e-08
6.5212122587380100e-09
1.4303653667017042e-08
1.1539055979507323e-08
1.0055966755527214e-08
1.4693783902498808e-08
5.0634194725018754e-09
1.5861474843959532e-08
7.5390660881902383e-09
1.3974866689245194e-08
1.2311649406868655e-08
8.8241484033273384e-09
1.5631096917536407e-08
5.1341763120021473e-09
1.6392998946473887e-08
7.9180625146585522e-09
1.3407987795163499e-08
1.3368347528937591e-08
7.3435323206359495e-09
1.6553860801877305e-08
5.0324341776507431e-09
1.6274175130753320e-08
9.6204084980037954e-09
1.2321902304960236e-08
1.4562937532985457e-08
5.8795977157763075e-09
1.6731365720438619e-08
5.8337346953268449e-09
1.5254252073280595e-08
1.1121022234033610e-08
1.1105194669139494e-08
1.5169233625579217e-08
5.1767193464945207e-09
1.6540319216350327e-08
6.3893616052329932e-09
1.5337062268329486e-08
1.1490894433151104e-08
1.0951480413133937e-08
1.5054865404597514e-08
5.2763096442970254e-09
1.6929533221741976e-08
7.2967606817999112e-09
1.5043530600081118e-08
1.2315787796992895e-08
9.6415461647089948e-09
1.6219386240485649e-08
5.3092164748377275e-09
1.7092058675674189e-08
8.1884606102549516e-09
1.4007977454109429e-08
1.3848897102107669e-08
7.7426143744247879e-09
1.7149802000115436e-08
5.1964551512656022e-09
1.6906883675319298e-08
9.6348708637857814e-09
1.2957394124355980e-08
1.4727799636561620e-08
6.8409097821216913e-09
1.7042964197234521e-08
5.8477103723727854e-09
1.5780158532825788e-08
1.1077840145416375e-08
1.2158488951754306e-08
1.5261780225233695e-08
5.8399875390663472e-09
1.7183978954924460e-08
6.3348410928461772e-09
1.6312654350438975e-08
1.1470202843754919e-08
1.1744537540109808e-08
1.5784389582347297e-08
5.4874057398936207e-09
1.7935736329123570e-08
6.9400204707443112e-09
1.6021345394803803e-08
1.2545457441402986e-08
1.0368438770362610e-08
1.6717903072317307e-08
5.4585822971051362e-09
1.7693113316660278e-08
8.3950620641158098e-09
1.4521424871770539e-08
1.4225604638571092e-08
8.2783881016302202e-09
1.7610336162115755e-08
5.3916849239476150e-09
1.7476103816501635e-08
9.5916738293020371e-09
1.3645964326176116e-08
1.4910022503168993e-08
7.7491942311766766e-09
1.7441519324750130e-08
5.7383409433820465e-09
1.6846309700659046e-08
1.0858145663983564e-08
1.3304756753311924e-08
1.5234940010226101e-08
6.6489480882468790e-09
1.7979691378235601e-08
6.2121378065987652e-09
1.7184076739894368e-08
1.1443218379463799e-08
1.2473039619767057e-08
1.6540182379540442e-08
5.7018084149929287e-09
1.8832882104351021e-08
6.8484852021722494e-09
1.6865596816332381e-08
1.2843520682853757e-08
1.0994607293849365e-08
1.7287315050475715e-08
5.6005640170570639e-09
1.8377300602543696e-08
8.5131764053844361e-09
1.5215995341760768e-08
1.4456694822543465e-08
9.4458816257593979e-09
1.7973643230460683e-08
5.6557451835677603e-09
1.7951690136515785e-08
9.6272108536050460e-09
1.4642998553516831e-08
1.5107290914819453e-08
8.6067330832100731e-09
1.7902380639392004e-08
5.7029833140921983e-09
1.7991925210036969e-08
1.0472339823418744e-08
1.4400735594630274e-08
1.5498700088543275e-08
7.4054534316193683e-09
1.8702718542203840e-08
6.0194684446363421e-09
1.7980563527821372e-08
1.1811984486917757e-08
1.3089687193363664e-08
1.7231431865357147e-08
5.9227987509834167e-09
1.9577737052825280e-08
6.9710880548388535e-09
1.7558229214444500e-08
1.3311493087086608e-08
1.1518946614135357e-08
1.7915014038979794e-08
5.7212420173966429e-09
1.9051382762231442e-08
8.5023263461479965e-09
1.6035506555069171e-08
1.4537839742775516e-08
1.0756948404675842e-08
1.8183725233677336e-08
5.9103896734951908e-09
1.8468872766578804e-08
9.5858033338318301e-09
1.5686888128486432e-08
1.5222132692421206e-08
9.4403502887878229e-09
1.8540103410377662e-08
5.9999119086519759e-09
1.9080342704552297e-08
9.9888479019448940e-09
1.5388179523062849e-08
1.6012970651971976e-08
8.0977472487063992e-09
1.9477054845926071e-08
6.0301124302461481e-09
1.8864729141943082e-08
1.2117728174929579e-08
1.3851374372405680e-08
1.7765965010490044e-08
6.1282938692630807e-09
2.0158194894650423e-08
7.1827695167798987e-09
1.8096481287054589e-08
1.3672015541690062e-08
1.2377253038577591e-08
1.8400693015782816e-08
5.9791129213250418e-09
1.9657222222189646e-08
8.3592596416229333e-09
1.7327557913485315e-08
1.4454353777558200e-08
1.2011994991100584e-08
1.8254093832631080e-08
6.1950206347435711e-09
1.9309558807051136e-08
9.4405562888359626e-09
1.6791304865777540e-08
1.5303102082233536e-08
1.0330433170191009e-08
1.9355898252771290e-08
6.2699936951434643e-09
2.0069031406428678e-08
9.9741080637115586e-09
1.6252105605386176e-08
1.6577854755521153e-08
8.6880393165065933e-09
2.0309902608295351e-08
6.1610337149066364e-09
1.9705809007247627e-08
1.2264731247868300e-08
1.4659543657626312e-08
1.8126957576838705e-08
6.8158372047806521e-09
2.0613915891506751e-08
7.3368801831584733e-09
1.8542810190899870e-08
1.3862814403151366e-08
1.3489800877261569e-08
1.8714743928738854e-08
6.3323441382269043e-09
2.0151675713246806e-08
8.0989515043927440e-09
1.8656464291879858e-08
1.4233539415069316e-08
1.3153216118050409e-08
1.8525730348528882e-08
6.4677716258259936e-09
2.0608611930289577e-08
9.2134632760055600e-09
1.8055911647994883e-08
1.5426587663433388e-08
1.1309557360464724e-08
2.0112908690667122e-08
6.5093026471233928e-09
2.0941527808201712e-08
1.0276608304137059e-08
1.6982636328263887e-08
1.7198164227939688e-08
9.1979737285705443e-09
2.1082278972529894e-08
6.3754623615297125e-09
2.0525766211828993e-08
1.2240724684636151e-08
1.5499351038769394e-08
1.8316595940038284e-08
8.0344106563451060e-09
2.0906398363368641e-08
7.3612758063410251e-09
1.9179392576943510e-08
1.3859948100597555e-08
1.4655587663719519e-08
1.8837378983526659e-08
6.7286438685308376e-09
2.1169025295380526e-08
7.8711563173871628e-09
1.9890671098007754e-08
1.4119047570448568e-08
1.4146615116260871e-08
1.9440894432265190e-08
6.7097934652728235e-09
2.1883670744090009e-08
8.8509598660478388e-09
1.9262247341820566e-08
1.5788173511846811e-08
1.2201222453458237e-08
2.0773618558853279e-08
6.7075318265168818e-09
2.1680873954565997e-08
1.0570103250203819e-08
1.7638935751017424e-08
1.7681846937965884e-08
9.8230608436586929e-09
2.1690167943403467e-08
6.5691910714799131e-09
2.1288465827227336e-08
1.2130948780322045e-08
1.6527067432757670e-08
1.8445968748326161e-08
9.1964865785386515e-09
2.1257398171957132e-08
7.2623171318596191e-09
2.0481584625628985e-08
1.3632394168581678e-08
1.5953142301161588e-08
1.8872710461229725e-08
7.6597996650419687e-09
2.2229145874911065e-08
7.7227897002541445e-09
2.0997016053053288e-08
1.4312195101864272e-08
1.4989819762457117e-08
2.0405309814106787e-08
6.9539157243614321e-09
2.3034467408403331e-08
8.7557943579221244e-09
2.0339730351737637e-08
1.6106399308168334e-08
1.2984402954610750e-08
2.1293210565112548e-08
6.8709629409908216e-09
2.2315757820548336e-08
1.0748107154336016e-08
1.8211297351587861e-08
1.8000941754334106e-08
1.1112064451636789e-08
2.2132754529570529e-08
6.9166404729861998e-09
2.1925529318275038e-08
1.2010247378011004e-08
1.7828499203066315e-08
1.8580898865120237e-08
1.0276433922863102e-08
2.1836268372914511e-08
7.0434733207298642e-09
2.1937342826248972e-08
1.3218163085207126e-08
1.7270338153833072e-08
1.9389983300198454e-08
8.5765499332245994e-09
2.3169802531768024e-08
7.5025313557069107e-09
2.2014619528796386e-08
1.4795923004158196e-08
1.5762785035383625e-08
2.1271169754250659e-08
7.1985618480751662e-09
2.4009024939651683e-08
8.8048697447310621e-09
2.1250117220197864e-08
1.6488866237926410e-08
1.3665793884486296e-08
2.1934820839278112e-08
7.0097884611453215e-09
2.3096381144245694e-08
1.0786600263704411e-08
1.9322972170563800e-08
1.8153629168794958e-08
1.2664574577464701e-08
2.2461351030002699e-08
7.2530226786475446e-09
2.2657517418124148e-08
1.1962446589654283e-08
1.9069054094630231e-08
1.8785460960667721e-08
1.1249502815775431e-08
2.2806317086795844e-08
7.2986534562047679e-09
2.3316229347661161e-08
1.2637527661021366e-08
1.8517792265378179e-08
1.9983748093857982e-08
9.4512645298126874e-09
2.3992704381878190e-08
7.6211892440782595e-09
2.2899381278323924e-08
1.5255261117983306e-08
1.6468229734716586e-08
2.1985077503713212e-08
7.4695629211581167e-09
2.4765066749370381e-08
9.0018064636138383e-09
2.1987900023555996e-08
1.6951342815186253e-08
1.4928235824069565e-08
2.2529831137938908e-08
7.3351979505562188e-09
2.3848087436967457e-08
1.0646542381193629e-08
2.0981153978791645e-08
1.8099306454047714e-08
1.4232466543096579e-08
2.2622889487309282e-08
7.5738145482763890e-09
2.3745043368926308e-08
1.1788256160145298e-08
2.0314887857068713e-08
1.8934803299601381e-08
1.2169893541541649e-08
2.3910464600597085e-08
7.6267136286093376e-09
2.4570866663222694e-08
1.2645708127380533e-08
1.9616249154558117e-08
2.0615809948786108e-08
1.0227557304312283e-08
2.4934412609217693e-08
7.8068805405338104e-09
2.3867119984666133e-08
1.5537169690644251e-08
1.7419728582258464e-08
2.2474776791444801e-08
7.8467635184170189e-09
2.5302683360293703e-08
9.1862352194786683e-09
2.2563756535092197e-08
1.7241556700217918e-08
1.6340456489501540e-08
2.2973289093478923e-08
7.7319751463575603e-09
2.4658985013548521e-08
1.0330547302713617e-08
2.2668380578937348e-08
1.7851323514757823e-08
1.5687770136860775e-08
2.2897978246868574e-08
7.9150557110225486e-09
2.5034390305249819e-08
1.1552860578868129e-08
2.1693072029042580e-08
1.9299521874574604e-08
1.3215410467305241e-08
2.4875461995420481e-08
7.9327734474694911e-09
2.5661409981720790e-08
1.2936776830803445e-08
2.0555381781777440e-08
2.1308255356390644e-08
1.0876463161509249e-08
2.5820827144835952e-08
7.8861314753446237e-09
2.4859795767793392e-08
1.5582678109131809e-08
1.8497008790948920e-08
2.2772747097031562e-08
9.3767448254614182e-09
2.5719681393682348e-08
9.2632566102586698e-09
2.3568678597772433e-08
1.7295051215035950e-08
1.7705938405749838e-08
2.3216245986029091e-08
8.1685738549737998e-09
2.5991431829939302e-08
9.9331052992934943e-09
2.4240075995063954e-08
1.7478284965012729e-08
1.6966757340514250e-08
2.3940673360429963e-08
8.2293331296267532e-09
2.6604477757733335e-08
1.1249304299321396e-08
2.3136681160317249e-08
1.9841480186822665e-08
1.4311524631049548e-08
2.5720983558933468e-08
8.2030566485559856e-09
2.6577289856304169e-08
1.3286420227134809e-08
2.1373344703779995e-08
2.1959106865564667e-08
1.1678464802875557e-08
2.6619832823289531e-08
8.0457362240561245e-09
2.5867199385307793e-08
1.5389261981930478e-08
1.9899805997488098e-08
2.2861342055390792e-08
1.0851160674155823e-08
2.5966161037572165e-08
9.1590918886607607e-09
2.4980205517404125e-08
1.7094671252818982e-08
1.9189824260908520e-08
2.3323826824641332e-08
8.7797032998551371e-09
2.7375385903224784e-08
9.5876971019590307e-09
2.5637210983215355e-08
1.7808930815636343e-08
1.8041337761474713e-08
2.5180583995131803e-08
8.4887113507375926e-09
2.8062418717381827e-08
1.1107718686114194e-08
2.4459116026262559e-08
2.0287213614713330e-08
1.5302160109001856e-08
2.6398883327242199e-08
8.4295092155788392e-09
2.7321868205321897e-08
1.3545390593755895e-08
2.2128603995981886e-08
2.2392807007795703e-08
1.3005825367297419e-08
2.7211392802160163e-08
8.4730173761217158e-09
2.6724140410451569e-08
1.5112700991502458e-08
2.1583797502303979e-08
2.2892719978151144e-08
1.2211966911056847e-08
2.6644601979500685e-08
8.8885655955620998e-09
2.6644743086803227e-08
1.6623974635657800e-08
2.0696718828940128e-08
2.4222339095480332e-08
9.8964164545431648e-09
2.8608117291111924e-08
9.3555058403045383e-09
2.6880301034237571e-08
1.8473365344782627e-08
1.8904650971520450e-08
2.6277187443205478e-08
8.7610074263586832e-09
2.9328893046334906e-08
1.1224412651781368e-08
2.5614933733571445e-08
2.0571913590675755e-08
1.6248355457301973e-08
2.6906405130033282e-08
8.6200424361472062e-09
2.7985968061209565e-08
1.3621389537220100e-08
2.3247716692224024e-08
2.2590370668648243e-08
1.4878316680074863e-08
2.7674238380267921e-08
8.9112508831808986e-09
2.7764453582131587e-08
1.4862021000806185e-08
2.3173979849242905e-08
2.3099412703939227e-08
1.3428623236959195e-08
2.8037729913189836e-08
8.8783854544169606e-09
2.8395103891105706e-08
1.5947980709576161e-08
2.2201878833591259e-08
2.5025767904873542e-08
1.0879559064328795e-08
2.9653796732887671e-08
9.5912173375934938e-09
2.7981356595880735e-08
1.9114044625185114e-08
1.9702091707716802e-08
2.7171905925343942e-08
9.0717166256545327e-09
3.0349781306846814e-08
1.1288972102210841e-08
2.6584289389516781e-08
2.0943312145650215e-08
1.7977139941233692e-08
2.7592305145243225e-08
9.0351625027448252e-09
2.8928351594910489e-08
1.3494716397156729e-08
2.5293602153688606e-08
2.2622661197621341e-08
1.6787460780545871e-08
2.7979978349276143e-08
9.3116230370478545e-09
2.9194370399104050e-08
1.4689813837520783e-08
2.4695389048288447e-08
2.3348107387147668e-08
1.4486607103504384e-08
2.9459075023822527e-08
9.2899149320147883e-09
2.9997222585783057e-08
1.6053200851101576e-08
2.3571880223320021e-08
2.5685728583789251e-08
1.1897749627668781e-08
3.0638332728306674e-08
9.8624254775627218e-09
2.8929542475221685e-08
1.9539974665007023e-08
2.0654420003546936e-08
2.7842922998487042e-08
9.3949930394249055e-09
3.1092878436721003e-08
1.1483551156262711e-08
2.7380992816974262e-08
2.1326176668295114e-08
1.9754041110317100e-08
2.8125168790576113e-08
9.4700197535373207e-09
3.0090285780375122e-08
1.3138988203461184e-08
2.7438771095709523e-08
2.2402564249402150e-08
1.8585268429761859e-08
2.8365066115101022e-08
9.6828179215728204e-09
3.0682250874898846e-08
1.4462643104908952e-08
2.6188540431987266e-08
2.4086859864491260e-08
1.5418709117353120e-08
3.0735258141082582e-08
9.6687876652882513e-09
3.1401954330700301e-08
1.6355802567649334e-08
2.4828356746425335e-08
2.6428894357015709e-08
1.2773445698169526e-08
3.1648175139877002e-08
1.0022018864959979e-08
3.0112744363999840e-08
1.9696833599485438e-08
2.2004509561471188e-08
2.8229719997240551e-08
1.0848155426871126e-08
3.1569211253932544e-08
1.1585798073166581e-08
2.8886766799163017e-08
2.1473395667819649e-08
2.1463578762470006e-08
2.8488403164575384e-08
9.9795837243251587e-09
3.1886663875219598e-08
1.2592509389817099e-08
2.9452370078452685e-08
2.1968847612637660e-08
2.0201601345824203e-08
2.9416028359571676e-08
1.0051471356672590e-08
3.2348262018492176e-08
1.4205022006273392e-08
2.7790789875262646e-08
2.4828225899759221e-08
1.6660398724075861e-08
3.1820241433113559e-08
1.0007526248511185e-08
3.2569653698801697e-08
1.6678283918954703e-08
2.5891410616186792e-08
2.7156474415232260e-08
1.3860332893517602e-08
3.2577045848092717e-08
1.0022108982342209e-08
3.1290141606652276e-08
1.9530187890890997e-08
2.3959814501013408e-08
2.8399900971871645e-08
1.2671499681624276e-08
3.1896904279734974e-08
1.1524648759436765e-08
3.0625119487537493e-08
2.1324930344653473e-08
2.3127462167474019e-08
2.8932557045272729e-08
1.0475752153272720e-08
3.3664039483869681e-08
1.2104324195731961e-08
3.1254445904197304e-08
2.2136313170086374e-08
2.1583110974005457e-08
3.0974638351096263e-08
1.0390768557610735e-08
3.4101917279069086e-08
1.4177071217452091e-08
2.9407246247830083e-08
2.5441428041092291e-08
1.7909075502604918e-08
3.2671487373232464e-08
1.0297430362229978e-08
3.3507722707296468e-08
1.7036079383424131e-08
2.6856782817179860e-08
2.7770077794509286e-08
1.5469588124462948e-08
3.3409105296087926e-08
1.0328586383412294e-08
3.2449542207379370e-08
1.9107276526048024e-08
2.6113222419044131e-08
2.8310669456732737e-08
1.4376436850431206e-08
3.2711625395586242e-08
1.1228841647884877e-08
3.2531153933992931e-08
2.0874990809582084e-08
2.4835249585062091e-08
3.0100949099900535e-08
1.1293218349370977e-08
3.5250959033844954e-08
1.1777362111829311e-08
3.2787580077961125e-08
2.3062513362307676e-08
2.2715547652963108e-08
3.2397263248207663e-08
1.0666461857030906e-08
3.5693377919852236e-08
1.4278362882065180e-08
3.0842268633872254e-08
2.5849288102172566e-08
1.9287653841100602e-08
3.3285656838387699e-08
1.0554028217108029e-08
3.4280044098652181e-08
1.7184749899389752e-08
2.8133066870098206e-08
2.8088166719954043e-08
1.7492919630526201e-08
3.4073394421872948e-08
1.0897017825500779e-08
3.4042780712231623e-08
1.8607100905660152e-08
2.8161250259154267e-08
2.8355603890844878e-08
1.5901931060818723e-08
3.4460362501117055e-08
1.0817610525037830e-08
3.4500029395503258e-08
2.0134500234804972e-08
2.6617317701222454e-08
3.1221783878915029e-08
1.2518552145929295e-08
3.6622176044945109e-08
1.2092510776313993e-08
3.4090516679865577e-08
2.3911659251989449e-08
2.3628402362271565e-08
3.3568438444692529e-08
1.1024912571434184e-08
3.7023325965065904e-08
1.4352139731640454e-08
3.2081562854639490e-08
2.6017974842187720e-08
2.1602210870924916e-08
3.3769780652638853e-08
1.1084565615932907e-08
3.4998127856460541e-08
1.7065771619282932e-08
3.0475379809474280e-08
2.8134753764897599e-08
1.9791191472766331e-08
3.4550838400533337e-08
1.1428971122418757e-08
3.5906680841141518e-08
1.8256121074035914e-08
3.0045254856523776e-08
2.8795894966057992e-08
1.7229737690372627e-08
3.6293372294952998e-08
1.1322267200771910e-08
3.6483824484274572e-08
2.0400786160145277e-08
2.8290268127157519e-08
3.2107676768704986e-08
1.3683477870837164e-08
3.7797847869946353e-08
1.2440779458015695e-08
3.5233499956700790e-08
2.4519540683247784e-08
2.4585343780544098e-08
3.4415139245020237e-08
1.1416165926260706e-08
3.8051734218194149e-08
1.4338694818932305e-08
3.3225007822485900e-08
2.6365444158279419e-08
2.3866914305374353e-08
3.4442128571329705e-08
1.1643094421971395e-08
3.6664262602465572e-08
1.6707718491100223e-08
3.3068777611552178e-08
2.7977473706211981e-08
2.1979530969849473e-08
3.5114412646799757e-08
1.1900567512778119e-08
3.7687560978255568e-08
1.8043922163652437e-08
3.1748886388379428e-08
2.9920205925768903e-08
1.8357537086400113e-08
3.7953429221797659e-08
1.1788903526742780e-08
3.8271477054078450e-08
2.0690904779245806e-08
2.9893283326363657e-08
3.2817553978088899e-08
1.4931563657162618e-08
3.8802771435921718e-08
1.2666570396259169e-08
3.6401655382474230e-08
2.4787369363815193e-08
2.6056147962575417e-08
3.4973558597431360e-08
1.2566430154405483e-08
3.8763894906067261e-08
1.4447959463953128e-08
3.5326477383840654e-08
2.6526855437714278e-08
2.5966367001089500e-08
3.4930810415955119e-08
1.2203272875912636e-08
3.9059472661981617e-08
1.6092446503374511e-08
3.5612130672861913e-08
2.7582227109736091e-08
2.3966073304646300e-08
3.6405993594795340e-08
1.2307243573966183e-08
3.9479643817220566e-08
1.7799904821991877e-08
3.3401636080707959e-08
3.0979183119209840e-08
1.9373333303679378e-08
3.9355716132596418e-08
1.2210968499490115e-08
3.9787643046170212e-08
2.1001521021580250e-08
3.1303590961346339e-08
3.3633120678341372e-08
1.6459301178724308e-08
3.9864354849939818e-08
1.2728628826686847e-08
3.7773577255308435e-08
2.4679822646621758e-08
2.8763109946768290e-08
3.5147606332472580e-08
1.4747451914830541e-08
3.9199125100744162e-08
1.4391746575743866e-08
3.7540451571615948e-08
2.6441243074736039e-08
2.7968328088725985e-08
3.5758969306841347e-08
1.2797014122894750e-08
4.1358549982174544e-08
1.5379744720894102e-08
3.7923133225649909e-08
2.7621986180045826e-08
2.5695120263145480e-08
3.8007357207947279e-08
1.2689388715744237e-08
4.1465711337725952e-08
1.8075652012394366e-08
3.5278151808343068e-08
3.1804523153137743e-08
2.0786504409867726e-08
4.0451240996467995e-08
1.2583122234622010e-08
4.1011052419354073e-08
2.1341524866046402e-08
3.2494386561973932e-08
3.4288134240744610e-08
1.8531571132511901e-08
4.0893925192213813e-08
1.2602157139876814e-08
3.9409172739614850e-08
2.4249228748254596e-08
3.1486792830975131e-08
3.5115640401878189e-08
1.6826749835400914e-08
4.0543442849497049e-08
1.4118936095337120e-08
3.9698303006585803e-08
2.6021371271384173e-08
2.9842876731646994e-08
3.7309566613358178e-08
1.3355682684075210e-08
4.3407955123704380e-08
1.4868893138653592e-08
3.9920722661339034e-08
2.8709842077954453e-08
2.7135634209473668e-08
3.9791180388237095e-08
1.3030911101182269e-08
4.3402877814125028e-08
1.8253740738337510e-08
3.7079857714326955e-08
3.2370102832803321e-08
2.2872027386712234e-08
4.1217130596275851e-08
1.2996633504918655e-08
4.2003319758092815e-08
2.1588421545678774e-08
3.4065598081088628e-08
3.4770152690666663e-08
2.0723949351091743e-08
4.1853103350083747e-08
1.3270836469224518e-08
4.1550835870374359e-08
2.3415664836348416e-08
3.4083623410386164e-08
3.4903212933764363e-08
1.8702823077841072e-08
4.2423597692896354e-08
1.3590823332294996e-08
4.2050055835421109e-08
2.5531108025840041e-08
3.1852478655253154e-08
3.8798581158100438e-08
1.4204741353035913e-08
4.5132783785783411e-08
1.5215640773328766e-08
4.1554272598339961e-08
2.9851622623345489e-08
2.8339824531707308e-08
4.1316350040314927e-08
1.3382722059778914e-08
4.5068505973216222e-08
1.8255221371538427e-08
3.8671395918014354e-08
3.2614071637325254e-08
2.5780681636810585e-08
4.1674880888211437e-08
1.3584635440497423e-08
4.2921944100869072e-08
2.1527954411040583e-08
3.6655954930894893e-08
3.4944035818686354e-08
2.3268338802972109e-08
4.2521152226621034e-08
1.3948153285248535e-08
4.3998023600534520e-08
2.2706678172416818e-08
3.6474509969162750e-08
3.5625138978111826e-08
2.0336447217711195e-08
4.4554361256227191e-08
1.3795139575447316e-08
4.4315874278029841e-08
2.6025947822474485e-08
3.3927562870001666e-08
4.0005555715352287e-08
1.5661450980714868e-08
4.6603408532661594e-08
1.5727024793843318e-08
4.2869998450736306e-08
3.0699148407344117e-08
2.9361342946915702e-08
4.2468629146811998e-08
1.3873565762153932e-08
4.6407613763968615e-08
1.8151143212437723e-08
4.0375366080266516e-08
3.2623278953700100e-08
2.8688274972526860e-08
4.2152500790661501e-08
1.4292084763143421e-08
4.4723486740897858e-08
2.1108387601087826e-08
3.9826247227313585e-08
3.4848879308061947e-08
2.5935955381850721e-08
4.3651360503555833e-08
1.4570708073445227e-08
4.6299006228427050e-08
2.2399487098036484e-08
3.8604321935937478e-08
3.7219607949217390e-08
2.1731853093296605e-08
4.6695292241863028e-08
1.4354515652023915e-08
4.6533968574175109e-08
2.6309273393017072e-08
3.5779575057907699e-08
4.0933644915332992e-08
1.7313691939056737e-08
4.7763927318907848e-08
1.6042175053151455e-08
4.4066085173006429e-08
3.1147907510426185e-08
3.1352407821773951e-08
4.3184149640254665e-08
1.4601999141369994e-08
4.7406681759157451e-08
1.8035887812542425e-08
4.3173841577555092e-08
3.2787287567235091e-08
3.1381295441994973e-08
4.2810250603627334e-08
1.4969054428505515e-08
4.7670301803981058e-08
2.0450030271647947e-08
4.2948194238635437e-08
3.4601851992261785e-08
2.8386464056314495e-08
4.5243359500820746e-08
1.5113866731959173e-08
4.8404718184131402e-08
2.2369198718547003e-08
4.0465024725061519e-08
3.8625683799174824e-08
2.2924536879202156e-08
4.8541910345268923e-08
1.4901450806183374e-08
4.8453707811472083e-08
2.6506982501329213e-08
3.7632180830801791e-08
4.1664959335942855e-08
1.9430639122733209e-08
4.8771271704746272e-08
1.6109662498285887e-08
4.5584151672937652e-08
3.1101896299678307e-08
3.4542743624219827e-08
4.3560655119545076e-08
1.7122160615307157e-08
4.8089939382586802e-08
1.7929652432942333e-08
4.5972657954246285e-08
3.2692839864335116e-08
3.3780127741190542e-08
4.4009013784715649e-08
1.5618367948636606e-08
5.0631635023306978e-08
1.9469015376281402e-08
4.5836394325494705e-08
3.4565229463677683e-08
3.0536356268061851e-08
4.6830739012375301e-08
1.5572487705933000e-08
5.0506496955758859e-08
2.2926474984822810e-08
4.2228295186837076e-08
3.9750380604033545e-08
2.4120610204446387e-08
4.9998289326693419e-08
1.5392569271244814e-08
5.0139054756367679e-08
2.6820354031767383e-08
3.9249288759863962e-08
4.2363542533092151e-08
2.2152189342919197e-08
5.0016344748274074e-08
1.5965143442698432e-08
4.7681596146378464e-08
3.0603246322809092e-08
3.7832889780693002e-08
4.3494947842716540e-08
1.9669481643497048e-08
5.0198025712904256e-08
1.7623234780478234e-08
4.8672596623201485e-08
3.2288380599607542e-08
3.5989417695213160e-08
4.6197621416193585e-08
1.6287258608482024e-08
5.3311954113118120e-08
1.8903534764616849e-08
4.8377481935442853e-08
3.5620159977445070e-08
3.2350189318662317e-08
4.8847814492642305e-08
1.5943897419913362e-08
5.2780152164628227e-08
2.3238569595555677e-08
4.4390102054046342e-08
4.0499411631075041e-08
2.7021460227422786e-08
5.1029291588769898e-08
1.5921702098042061e-08
5.1476139026988162e-08
2.6983749928078593e-08
4.1411362045956767e-08
4.2923064296292681e-08
2.4791087531198027e-08
5.1177455139344872e-08
1.6185474730722927e-08
5.0732444117301288e-08
2.9693698159402602e-08
4.1071222290626688e-08
4.3157864445128835e-08
2.1954920490705666e-08
5.2354546844036981e-08
1.7057098472186610e-08
5.1214673236703990e-08
3.2303883817439669e-08
3.8133504121593184e-08
4.8165835957677380e-08
1.6936432804183958e-08
5.5580926591828911e-08
1.9109626681379842e-08
5.0504304123481506e-08
3.7082231481511885e-08
3.3855529353481627e-08
5.0721888527991430e-08
1.6347272914013766e-08
5.4847741670166085e-08
2.3316519474040929e-08
4.6439148778731179e-08
4.0839970692417701e-08
3.0565461468438205e-08
5.1631441421507165e-08
1.6649870978132844e-08
5.2671200346266466e-08
2.6990611307749921e-08
4.4322851853100080e-08
4.3317871597629178e-08
2.7387689459879430e-08
5.2279060455674656e-08
1.7009148318016334e-08
5.3918302276178981e-08
2.8373266406897536e-08
4.4069353157310032e-08
4.4296660501657613e-08
2.3986349771019962e-08
5.4890673336395340e-08
1.6840264737881183e-08
5.3893050638668872e-08
3.3018365950366373e-08
4.0509312195336097e-08
4.9753701511146000e-08
1.7787625670838901e-08
5.7362704941022900e-08
1.9782101819271784e-08
5.2198687207180976e-08
3.8253728066944454e-08
3.5193465701452252e-08
5.2214904037401273e-08
1.6826208283907691e-08
5.6559286803063780e-08
2.3062069801640303e-08
4.8924681215389153e-08
4.0751046345973751e-08
3.4237221791837374e-08
5.1898891142314732e-08
1.7532867573310964e-08
5.4549729965799915e-08
2.6594126151736778e-08
4.7990705926872643e-08
4.3369861176959102e-08
3.0413086078382176e-08
5.4109555294619208e-08
1.7786472659456167e-08
5.6864414170937600e-08
2.7743145084092216e-08
4.6757886336049718e-08
4.6154658908670405e-08
2.5809791860868357e-08
5.7288986988259108e-08
1.7505232890480008e-08
5.6575334391954282e-08
3.3553003288254491e-08
4.2815026577032525e-08
5.0985636481848358e-08
1.9801723447618179e-08
5.8770422812128167e-08
2.0272685682466421e-08
5.3572223632365946e-08
3.8958758101631467e-08
3.7995959385854366e-08
5.3214178928698583e-08
1.7830916104054939e-08
5.7887507661381517e-08
2.2669145544015817e-08
5.2690827874577631e-08
4.0492989314794293e-08
3.7668968487422874e-08
5.2319453533647859e-08
1.8363078223097664e-08
5.8103561701425586e-08
2.5860045709763227e-08
5.1800143200242629e-08
4.3219303186309892e-08
3.3432576807488542e-08
5.6182626459722057e-08
1.8477444016455699e-08
5.9501896768682015e-08
2.8145255700640726e-08
4.9092358933410583e-08
4.8037058427479139e-08
2.7318854383527530e-08
5.9642551377690336e-08
1.8141612590198817e-08
5.8941810144198728e-08
3.3678100845474523e-08
4.5041471700345079e-08
5.1835684076434341e-08
2.2890641557609811e-08
5.9824965136488017e-08
2.0431651661601370e-08
5.5040765534240598e-08
3.9085939209170644e-08
4.1546144109377517e-08
5.3724487323158314e-08
1.9792374844594862e-08
5.9306417186366081e-08
2.2351592080874355e-08
5.6274186516654726e-08
4.0441542878589059e-08
4.0742443108819290e-08
5.4211677445379045e-08
1.9130989356119965e-08
6.1761625252518095e-08
2.4772170264421279e-08
5.5350645862625302e-08
4.3492872208860825e-08
3.6140171360721702e-08
5.8129453768963978e-08
1.9078275770629611e-08
6.1784814446903709e-08
2.8966270888578675e-08
5.1098617740746069e-08
4.9564077297357733e-08
2.8660931524228541e-08
6.1559830006886281e-08
1.8750261084496814e-08
6.1158511865160973e-08
3.3652044225517867e-08
4.7395695414004666e-08
5.2369841510225242e-08
2.6298837890123711e-08
6.1110338329019378e-08
2.0221539668488198e-08
5.7615388139544901e-08
3.8552529485644282e-08
4.5465918592633304e-08
5.3854306026849692e-08
2.2834991710286611e-08
6.2021988581987385e-08
2.1973457181098391e-08
5.9545877736816398e-08
4.0027564101652238e-08
4.3388902434017698e-08
5.7066113917199187e-08
1.9859480282793229e-08
6.5191328109063833e-08
2.3973533696582456e-08
5.8514823770873004e-08
4.4535041137154259e-08
3.8463360045105319e-08
6.0074619661023038e-08
1.9586195469156376e-08
6.4042876574282833e-08
2.9513111978633856e-08
5.3115582346363779e-08
5.0625468741301896e-08
3.1759354936218172e-08
6.2964152122391777e-08
1.9534904394035494e-08
6.2983561308586648e-08
3.3819846241608417e-08
5.0313165551299134e-08
5.3003878565240600e-08
2.9619219988752646e-08
6.2435336960523137e-08
1.9758018433154180e-08
6.1788328450926231e-08
3.7405112562491048e-08
4.9437063410393496e-08
5.3731684157265245e-08
2.5676969206614800e-08
6.4811377514730621e-08
2.1326174837164842e-08
6.2668905013584003e-08
4.0614777244456298e-08
4.5773655178259661e-08
5.9675504344485281e-08
2.0667033105552183e-08
6.8166045789096272e-08
2.4011707774790959e-08
6.1200081899205764e-08
4.5969228218623703e-08
4.0401073738489770e-08
6.2294818951314897e-08
2.0040140679136589e-08
6.6625406589774569e-08
2.9698879741406712e-08
5.5518776273088323e-08
5.1130430048440253e-08
3.6188731856330614e-08
6.3840846370831719e-08
2.0505326919507341e-08
6.4457376469852968e-08
3.3704885893826862e-08
5.3980682845387721e-08
5.3465505065441165e-08
3.2698355680062540e-08
6.4195264043571459e-08
2.0782546097986670e-08
6.5845375680553732e-08
3.5858736151105542e-08
5.3131659905492663e-08
5.5430352583332520e-08
2.8137841682283298e-08
6.7550057726004963e-08
2.0804968000813032e-08
6.5533040749216744e-08
4.1695539026051782e-08
4.8308758319429837e-08
6.1817674913291094e-08
2.1368665133161285e-08
7.0551723264074204e-08
2.4801116684676222e-08
6.3410511764308001e-08
4.7444773647575623e-08
4.2262010601904539e-08
6.4147983084312459e-08
2.0639828876404314e-08
6.8833339253043606e-08
2.9438173858558105e-08
5.9260847598764816e-08
5.1071113794210769e-08
4.0722269436894335e-08
6.4270846039571478e-08
2.1488595805542525e-08
6.6717649348551927e-08
3.3302414504720161e-08
5.7901047704385904e-08
5.3756616725493400e-08
3.5674222999207773e-08
6.6778974391441219e-08
2.1737696456432228e-08
6.9627150431691804e-08
3.4491441060312596e-08
5.6449916740245855e-08
5.7408529807155596e-08
3.0356141716087350e-08
7.0510391470126847e-08
2.1413834917661468e-08
6.8698321850511815e-08
4.2547695917202570e-08
5.1002729795577323e-08
6.3358523326879248e-08
2.2484493121547362e-08
7.2294944052454734e-08
2.5450939479034277e-08
6.5220951636217623e-08
4.8445750744755640e-08
4.6079433333152624e-08
6.5455258692993437e-08
2.1818481355742458e-08
7.0626609014613117e-08
2.8710026432284193e-08
6.4017467024387822e-08
5.0471881311845412e-08
4.5001034472924228e-08
6.4612875427903265e-08
2.2510581572089816e-08
7.0767025951746944e-08
3.2613456417317789e-08
6.2374718201377805e-08
5.3769675816029983e-08
3.9098114994844015e-08
6.9624176637222375e-08
2.2602077565862333e-08
7.3001756376850711e-08
3.5393769813889205e-08
5.9347892857903651e-08
5.9493419345921632e-08
3.2342316001236523e-08
7.3206418640937716e-08
2.2171515747883789e-08
7.1672608461070146e-08
4.2858898595268233e-08
5.3842554328010886e-08
6.4431386552950917e-08
2.6774820868789540e-08
7.3530671545636677e-08
2.5777100605060822e-08
6.6681561531170520e-08
4.8792215753535072e-08
5.0294112155532934e-08
6.6148352497571053e-08
2.3041922410940275e-08
7.2884832630253413e-08
2.7994230898115165e-08
6.8652600362633880e-08
4.9918831125068234e-08
4.8861123489371816e-08
6.6872229693398285e-08
2.3421550695951150e-08
7.5292569384204638e-08
3.1441459456083475e-08
6.6762931037896957e-08
5.4794944404947603e-08
4.2435041043269029e-08
7.2159226316776893e-08
2.3387826778686390e-08
7.5895421730857201e-08
3.6547307089073182e-08
6.1833855251755093e-08
6.1531090579584656e-08
3.4036945524987303e-08
7.5619144877274224e-08
2.2857010961033663e-08
7.4265663966431472e-08
4.2744644384997527e-08
5.6959790139314607e-08
6.4975311473254990e-08
3.1002934244068635e-08
7.4603823119901872e-08
2.5618586962244767e-08
7.0302670485776980e-08
4.8386931275658458e-08
5.4682073105945954e-08
6.6424860281034265e-08
2.6308796457407792e-08
7.6604710643764466e-08
2.7353526671135696e-08
7.2869692421498786e-08
4.9550223210029845e-08
5.2207163006991385e-08
7.0303032348657768e-08
2.4259085838417973e-08
7.9554859114132665e-08
3.0327639987124646e-08
7.0711846075642890e-08
5.6025042801708221e-08
4.5405352200745990e-08
7.4378991615320124e-08
2.4053494330382222e-08
7.8291598900551157e-08
3.7382429543111436e-08
6.3982917075781842e-08
6.3012922552429400e-08
3.7411305072667980e-08
7.7485958292442112e-08
2.3877949469508014e-08
7.6739983784323289e-08
4.2334853269857442e-08
6.0982371812356350e-08
6.5361535212983954e-08
3.5123796560866094e-08
7.6183147193224936e-08
2.5027431983649520e-08
7.5207156715979602e-08
4.7178322361352928e-08
5.9481054924144688e-08
6.7102423606746720e-08
2.9701438214850923e-08
8.0165844534755558e-08
2.6643984933004828e-08
7.6563834729603294e-08
5.0783422360214619e-08
5.5156644085151469e-08
7.3634941416308020e-08
2.5159617362932457e-08
8.3321249297307359e-08
3.0653529728330958e-08
7.4103389040378967e-08
5.7214181447027389e-08
4.7968390743841486e-08
7.6482679284516181e-08
2.4604115231161240e-08
8.0748133689464512e-08
3.7740305975910751e-08
6.6408042075797115e-08
6.3828063110176432e-08
4.2789607775253058e-08
7.8866833617954134e-08
2.5127545374329332e-08
7.8893099368217179e-08
4.2056568283137570e-08
6.5780854991314381e-08
6.5905458429715604e-08
3.8941150147614132e-08
7.8536239610624559e-08
2.5349410944414088e-08
8.0223561703869807e-08
4.5231433045633906e-08
6.4040598442986792e-08
6.9307757474389636e-08
3.2797502921937871e-08
8.3564581385725394e-08
2.6227273699106314e-08
7.9965339040002587e-08
5.2572089265394991e-08
5.7731091834102991e-08
7.6516610344142800e-08
2.6057661682627457e-08
8.6427558252425555e-08
3.1052768934741878e-08
7.6890238752475098e-08
5.8839286703297465e-08
5.0802925944989033e-08
7.8788659298382654e-08
2.5351973920024558e-08
8.3478121426425334e-08
3.7529656942420010e-08
7.1625499105202503e-08
6.3904289818345666e-08
4.8385362096316714e-08
7.9607113257827901e-08
2.6325278298176699e-08
8.2037579957247979e-08
4.1627217313125435e-08
7.0358317816333627e-08
6.6308043676745097e-08
4.2389755666460534e-08
8.2458822385988878e-08
2.6563823145571375e-08
8.4970198116598085e-08
4.3899782653162716e-08
6.8131836164449003e-08
7.1458281545653520e-08
3.5452394002321795e-08
8.6612246611217572e-08
2.6830548409073790e-08
8.3321277071146143e-08
5.3828710571086658e-08
6.0627442662232731e-08
7.8674010197690532e-08
2.6872628359432474e-08
8.8776609263781914e-08
3.1865545081101227e-08
7.9194694435790660e-08
6.0085906783736864e-08
5.5932460887840125e-08
8.0488146771272414e-08
2.6704303557920905e-08
8.5882991996690946e-08
3.6682560444497814e-08
7.7485858846110844e-08
6.3274893325450266e-08
5.3683711226603306e-08
8.0144879160831484e-08
2.7552932699952992e-08
8.6392902661032082e-08
4.0948530709640730e-08
7.4947965616477378e-08
6.6834931591244155e-08
4.5875463119082149e-08
8.6246426849883121e-08
2.7661298746921529e-08
8.9249972956053750e-08
4.4670390555315503e-08
7.1748864097100270e-08
7.4007790638171036e-08
3.7983687497751646e-08
8.9862212790123135e-08
2.7294046428115023e-08
8.6881983055437897e-08
5.4395772364624608e-08
6.4217874498723185e-08
7.9980823354352303e-08
3.1182287935157649e-08
9.0383406584033240e-08
3.2312617300554236e-08
8.1245162324525192e-08
6.0637118227397079e-08
6.0882919460474176e-08
8.1485959330435443e-08
2.8202511697999248e-08
8.9389394851784571e-08
3.5425017505057004e-08
8.3371231895130340e-08
6.2073066928061605e-08
5.8479996724883666e-08
8.2414620325039588e-08
2.8696180817296548e-08
9.1823204156552997e-08
3.9749477472422181e-08
8.0233486904355774e-08
6.8707800696126177e-08
4.9656556855848274e-08
8.9550359821471938e-08
2.8613049536821499e-08
9.2934547042602200e-08
4.5879000952099983e-08
7.4994383670686659e-08
7.6183774953566693e-08
4.0526586206536434e-08
9.2890715746881154e-08
2.7977176239141888e-08
9.0111773155874620e-08
5.4376113278760346e-08
6.8077355407801695e-08
8.0618156641408219e-08
3.6490535859419315e-08
9.1465120557822710e-08
3.2267633999421328e-08
8.6086788521068670e-08
6.0340652610783367e-08
6.5964793462118437e-08
8.1848788717094684e-08
3.0489984908277802e-08
9.4480426071464785e-08
3.4103359919116883e-08
8.8783341073043887e-08
6.1429964375742601e-08
6.2638103178555893e-08
8.6535416039008727e-08
2.9670649360317303e-08
9.7079030954387632e-08
3.8524972660295435e-08
8.5168321093625779e-08
7.0374689435539302e-08
5.3216063785041824e-08
9.2238500075880039e-08
2.9428256275133281e-08
9.5988111838309942e-08
4.7071705512309053e-08
7.7725387763711789e-08
7.8137297747338386e-08
4.4032918160420002e-08
9.5210647182612609e-08
2.9208140392411433e-08
9.3204008426447282e-08
5.3585713549186641e-08
7.3845951743131140e-08
8.0665541791052426e-08
4.1544822183951709e-08
9.2928786875389535e-08
3.1576551110030286e-08
9.1705718723059587e-08
5.9146807878254140e-08
7.1349210786809997e-08
8.3588800442400343e-08
3.4085205235562284e-08
9.9119659318356457e-08
3.3170291907533634e-08
9.3539531569481144e-08
6.3487824286513688e-08
6.6356129461831910e-08
9.0715592118443746e-08
3.0647498734427742e-08
1.0177692053292454e-07
3.8998579554121349e-08
8.9496697893796071e-08
7.1804573262362592e-08
5.6499994841292950e-08
9.4359699645004564e-08
3.0189793616454808e-08
9.8434508222272188e-08
4.7717290864846430e-08
8.0391831256674996e-08
7.9308661895223775e-08
5.0318035162390882e-08
9.7207847799312415e-08
3.0718564632591143e-08
9.6485962087520026e-08
5.2552061057980797e-08
7.9853923221125025e-08
8.1147082659178640e-08
4.6192517403581087e-08
9.6246714466088187e-08
3.0785984838657720e-08
9.7750715586645554e-08
5.7067281502677160e-08
7.6979443207135921e-08
8.6516781452422022e-08
3.7798448962812401e-08
1.0314940182279430e-07
3.2940816833867512e-08
9.7570826186894456e-08
6.6000110567027688e-08
6.9421604075686726e-08
9.4316842298653685e-08
3.1667128758572191e-08
1.0570745436579584e-07
3.9388416673481424e-08
9.3132552737938194e-08
7.3045344216825460e-08
6.1017723502076449e-08
9.6534085570801818e-08
3.1139815110286367e-08
1.0115747586268642e-07
4.7642570414148627e-08
8.6334535603265804e-08
7.9619319035365702e-08
5.7218897484773977e-08
9.8445789581715781e-08
3.2220199783702531e-08
1.0079428243008867e-07
5.1985346852595283e-08
8.5615249769879078e-08
8.1627975308536724e-08
5.0365563983890620e-08
1.0150611237706802e-07
3.2315951617477579e-08
1.0363284344968345e-07
5.5712400674368760e-08
8.2100204682131620e-08
8.9327594796360658e-08
4.1269383760301766e-08
1.0692403168881367e-07
3.3964278265728623e-08
1.0129413045409300e-07
6.7888518576903968e-08
7.2168423322959965e-08
9.7235887176996903e-08
3.2719422487132525e-08
1.0875467248810668e-07
3.9879302963228768e-08
9.6079628630865637e-08
7.4556961614353805e-08
6.7550764369101434e-08
9.8750959082199021e-08
3.2810925304715558e-08
1.0406408254795335e-07
4.6765300856252813e-08
9.3729077150016847e-08
7.9087196666955644e-08
6.3822951054411791e-08
9.9169241686527887e-08
3.3630880458026131e-08
1.0610391125645686e-07
5.1070635471407294e-08
9.0947156642535831e-08
8.2863857558742588e-08
5.4046672002887504e-08
1.0643225030534763e-07
3.3734668813301062e-08
1.0894355894903617e-07
5.6643097933639281e-08
8.6548603519700789e-08
9.1868638011392882e-08
4.4475939274754259e-08
1.1032062920774272e-07
3.4716643984339788e-08
1.0508354479232898e-07
6.8877451285591171e-08
7.6175590808447091e-08
9.9156943722506237e-08
3.6211893831944487e-08
1.1102252901705330e-07
4.0447063504955212e-08
9.9409285797023092e-08
7.5292701114113760e-08
7.3865423600369666e-08
1.0021517007217517e-07
3.4495611872549826e-08
1.0952189548487280e-07
4.5053113437552954e-08
1.0106088494633574e-07
7.7847835323542280e-08
6.9837426337239764e-08
1.0152532147532827e-07
3.5066067014221011e-08
1.1179043318258164e-07
4.9910594307856367e-08
9.6442398430408369e-08
8.5855752608406599e-08
5.8002656126326841e-08
1.1076885264278020e-07
3.4999345627915670e-08
1.1354045615842918e-07
5.7940511653608271e-08
9.0554888046929420e-08
9.4570108948885404e-08
4.7948483168224428e-08
1.1394554558359757e-07
3.4981726695644324e-08
1.0906114141962982e-07
6.8804999829135521e-08
8.1479694352303331e-08
9.9995029167120463e-08
4.2822582059441084e-08
1.1249249778497208e-07
4.0442915898038515e-08
1.0547468635092563e-07
7.5087180294122735e-08
7.9740110318329738e-08
1.0087435980660658e-07
3.6287566719219971e-08
1.1606482250592640e-07
4.3232909594595458e-08
1.0785188910755391e-07
7.6809920371692019e-08
7.5063854828271303e-08
1.0658392052144318e-07
3.6306509852433882e-08
1.1828962182213877e-07
4.9077721327426301e-08
1.0216838253245525e-07
8.8374196330336130e-08
6.2228123976879964e-08
1.1431942387739481e-07
3.6083042905747656e-08
1.1736032762807822e-07
5.9089888310771735e-08
9.4137736059770695e-08
9.6812002915480595e-08
5.2647135136610137e-08
1.1697283759315675e-07
3.5583105431119275e-08
1.1312952404969888e-07
6.7961237905259668e-08
8.9150071119719167e-08
1.0001564270712147e-07
4.9082260793941497e-08
1.1351394554336182e-07
3.9760787448908182e-08
1.1216229374537618e-07
7.3847187204322429e-08
8.5941459666852243e-08
1.0370668079723081e-07
3.9261737063224164e-08
1.2216744013940550e-07
4.1358236690340211e-08
1.1386935005384445e-07
7.9222894863039137e-08
7.9408519784115216e-08
1.1177013776818151e-07
3.7367527558191614e-08
1.2417939235344698e-07
4.9488111406452636e-08
1.0758831506328857e-07
9.0201335566900304e-08
6.6264258083196449e-08
1.1696793069039104e-07
3.6994332053977598e-08
1.2043721403825192e-07
5.9975364725301756e-08
9.7547115044839224e-08
9.8366222906440788e-08
5.9094031123194629e-08
1.1929860161681643e-07
3.7551555825467870e-08
1.1756385198343632e-07
6.6086057762518166e-08
9.6621672887881116e-08
9.9812513442408791e-08
5.4788843519882513e-08
1.1857207868718273e-07
3.8403561303248482e-08
1.1903820545828680e-07
7.1609471725272124e-08
9.2138056778126545e-08
1.0792367588429870e-07
4.3333602022669601e-08
1.2746715927924006e-07
4.1471183834821899e-08
1.1907565975401632e-07
8.2386076900991783e-08
8.3283276390940222e-08
1.1629124446395325e-07
3.8499872260392453e-08
1.2918955744138846e-07
5.0082676488202985e-08
1.1230638554833193e-07
9.1407850136138489e-08
7.3053621754037242e-08
1.1870236647335915e-07
3.8282561503173525e-08
1.2289737768899066e-07
6.0099527863204110e-08
1.0400630428742527e-07
9.9052496538524998e-08
6.7235735239985185e-08
1.2122096450771457e-07
3.9440779382292606e-08
1.2373572948034144e-07
6.4715804007416937e-08
1.0380362070833762e-07
1.0052991755180958e-07
5.9827151984131241e-08
1.2483364448352778e-07
3.9334588487821973e-08
1.2634052781260671e-07
7.0472298890041144e-08
9.8468042000891858e-08
1.1148584332953447e-07
4.7662317581416589e-08
1.3179265703204116e-07
4.2778826673673685e-08
1.2348101719398058e-07
8.5071021728376064e-08
8.6503875866664089e-08
1.1985008934556338e-07
3.9810604122304409e-08
1.3314321144163532e-07
5.0344193563630569e-08
1.1628710967529483e-07
9.2356403625903604e-08
8.1111732694142494e-08
1.2080790160157854e-07
4.0307190764540686e-08
1.2630896687709063e-07
5.9243621823431353e-08
1.1330313981844340e-07
9.8870713981083260e-08
7.5347607444078090e-08
1.2272556208151399e-07
4.1222192722534574e-08
1.3061898496585005e-07
6.3562504281767216e-08
1.1042320700306825e-07
1.0301393807037695e-07
6.4190538060591973e-08
1.3104087806319654e-07
4.0994300859911752e-08
1.3297507675387676e-07
7.1891111994052202e-08
1.0409687273051747e-07
1.1466794967125556e-07
5.1821400525590693e-08
1.3563253916062106e-07
4.3908807233958667e-08
1.2747906986542337e-07
8.6720614634935966e-08
9.0356839351390207e-08
1.2246121407491364e-07
4.1898129757030430e-08
1.3599214137284900e-07
5.0577935291049951e-08
1.2142229529143817e-07
9.3376798146941050e-08
8.9119812775521674e-08
1.2276346527031560e-07
4.2311870561973492e-08
1.3397014375352368e-07
5.7364957630738294e-08
1.2243421806760257e-07
9.7638810884514411e-08
8.2873268068444401e-08
1.2597761197438200e-07
4.2852952531425551e-08
1.3701986558150644e-07
6.2486597192375651e-08
1.1638960354637283e-07
1.0716094929307793e-07
6.8082068127933668e-08
1.3657978493446782e-07
4.2586745523939288e-08
1.3869691077368758e-07
7.3088544851778767e-08
1.0901633961577035e-07
1.1721741319489169e-07
5.6159957492817074e-08
1.3944172258423913e-07
4.4473836309194289e-08
1.3182543360021992e-07
8.7035199465025209e-08
9.7877698170922568e-08
1.2380783828925274e-07
4.9745312623941965e-08
1.3804379770572635e-07
5.0638847844253682e-08
1.2951779254671963e-07
9.3324678154754673e-08
9.6531460449541740e-08
1.2397459811866971e-07
4.4334739283550135e-08
1.4211795869353584e-07
5.4787865112876756e-08
1.3092598256400708e-07
9.6318898973688835e-08
8.9515954148289619e-08
1.3129650551114041e-07
4.4405905811955751e-08
1.4376647579356796e-07
6.2279554513371339e-08
1.2280955439070448e-07
1.1065396219978360e-07
7.2627082185662514e-08
1.4117683864354357e-07
4.4037830161433275e-08
1.4350909600649444e-07
7.4422221285487357e-08
1.1361137064676466e-07
1.1989322287487072e-07
6.2800795240139788e-08
1.4325433931681299e-07
4.4277010620409457e-08
1.3708224905208039e-07
8.5875535954109123e-08
1.0749810695109899e-07
1.2408064701086828e-07
5.7565244311145395e-08
1.4016364694767698e-07
4.9896005273441397e-08
1.3720740179074755e-07
9.2102093433611816e-08
1.0346328141242670e-07
1.2857741717866268e-07
4.6478241310903372e-08
1.4997861424889708e-07
5.2717573015410973e-08
1.3846259486801673e-07
9.8709118860134249e-08
9.5102850727922367e-08
1.3772467205557243e-07
4.5742577277149454e-08
1.5103800728880232e-07
6.3211530553525575e-08
1.2908978546819647e-07
1.1320722693980766e-07
7.7585834187439217e-08
1.4467144934893591e-07
4.5302678847966843e-08
1.4763379115814885e-07
7.5231673110605059e-08
1.1838261460695466e-07
1.2195728363581324e-07
7.0785971007253378e-08
1.4618217758313209e-07
4.5946952265617415e-08
1.4279495198129364e-07
8.3629386491981351e-08
1.1688532741654814e-07
1.2338348688469132e-07
6.4698453158522114e-08
1.4646868304884334e-07
4.8286760211323699e-08
1.4523081627659097e-07
8.9697617336128522e-08
1.1078627693022323e-07
1.3430452173460184e-07
4.9518488243247882e-08
1.5689089715256776e-07
5.2267108219755487e-08
1.4495738807217872e-07
1.0259358467223699e-07
9.9622743505219669e-08
1.4340294161937503e-07
4.6845012253082722e-08
1.5741751409411457e-07
6.3606493618978163e-08
1.3489206851858726e-07
1.1465056183442046e-07
8.6834513811467096e-08
1.4699145457624054e-07
4.6924515438663341e-08
1.5083931783079970e-07
7.5513308188210815e-08
1.2541356311871528e-07
1.2278785769221024e-07
7.9123138341905336e-08
1.4882995067503311e-07
4.8342463260748454e-08
1.5155118604609992e-07
8.0700656915311756e-08
1.2573627310444130e-07
1.2370805102155149e-07
7.0959187048149042e-08
1.5372226359181827e-07
4.7833489523323626e-08
1.5359267427297228e-07
8.9750535212419559e-08
1.1767075019154053e-07
1.3911960211611904e-07
5.4308321248123716e-08
1.6258501535819851e-07
5.3923476243844380e-08
1.5056030806168647e-07
1.0612839700327965e-07
1.0348432897224964e-07
1.4792368786507411e-07
4.8288838431639597e-08
1.6262940890387240e-07
6.3769215434844248e-08
1.4007902768732132e-07
1.1499323165159764e-07
9.7208600468256819e-08
1.4821867456629221e-07
4.9536320297995598e-08
1.5430999181567312e-07
7.4659615201179683e-08
1.3653526413205186e-07
1.2305502944198781e-07
8.8596442142472805e-08
1.5173573665107516e-07
5.0549203419116449e-08
1.6029965315800853e-07
7.9020720518604955e-08
1.3385035089029981e-07
1.2783296549823286e-07
7.6276218093240167e-08
1.6135521044378878e-07
4.9923364208834967e-08
1.6195415369836450e-07
9.1062805896380432e-08
1.2462687130812396e-07
1.4279576493119874e-07
5.9648967331837644e-08
1.6711783953678664e-07
5.5452294338776896e-08
1.5502878263526800e-07
1.0850337251534992e-07
1.0726116575043525e-07
1.5106704445766994e-07
5.0192420168828329e-08
1.6654468399344783e-07
6.3514541020353923e-08
1.4803841723699876e-07
1.1536794234394552e-07
1.0721064500034179e-07
1.5019604295370407e-07
5.1945200271480350e-08
1.6349881750879284e-07
7.2702924607806863e-08
1.4790674549958268e-07
1.2206937033642960e-07
9.7717107898105572e-08
1.5653450342331087e-07
5.2518566647376696e-08
1.6842976361062208e-07
7.8013624415723531e-08
1.4110235349849191e-07
1.3324811552452811e-07
8.0760656684118641e-08
1.6830213163369885e-07
5.1856719541581953e-08
1.6922614454824888e-07
9.2580516796121521e-08
1.3112601537963136e-07
1.4584637856400307e-07
6.5407567360224058e-08
1.7120120045363877e-07
5.6175272052830529e-08
1.5942435992498263e-07
1.0935042677373226e-07
1.1742392036078019e-07
1.5299143838325075e-07
5.7896781819939677e-08
1.6921693114976431e-07
6.3228147623943546e-08
1.5849545365305790e-07
1.1555252258790815e-07
1.1644049971543021e-07
1.5177979861610504e-07
5.4270293253109161e-08
1.7393277849161402e-07
6.9654028134184529e-08
1.5858774220822135e-07
1.2105731674125892e-07
1.0598283417013060e-07
1.6248591475707286e-07
5.4367117436148283e-08
1.7570162158002116e-07
7.8912888474489015e-08
1.4774031145539534e-07
1.3791279031954760e-07
8.4898268417447102e-08
1.7410009029387100e-07
5.3607692440823058e-08
1.7525261048822995e-07
9.3545962611870347e-08
1.3698950503702102e-07
1.4835880408172819e-07
7.4886403627630231e-08
1.7496525894900665e-07
5.6202362970314806e-08
1.6548108507437303e-07
1.0840214259672828e-07
1.2947134150018659e-07
1.5368237411682929e-07
6.6826669372546210e-08
1.7327253273002155e-07
6.2471128020418145e-08
1.6835060840315992e-07
1.1446665296224356e-07
1.2515785078683847e-07
1.5876501734777663e-07
5.6696107496283226e-08
1.8383628763869663e-07
6.6839577567366063e-08
1.6813905126926216e-07
1.2271695143301000e-07
1.1311652263205017e-07
1.6935874027457265e-07
5.5937096222414015e-08
1.8368293635943652e-07
8.0643021902919016e-08
1.5480730615924777e-07
1.4146366274128212e-07
9.1220026294934762e-08
1.7853802919069010e-07
5.5217835999658929e-08
1.8041143999092631e-07
9.4443845406971063e-08
1.4346062515102754e-07
1.5083979147879358e-07
8.4388104447826962e-08
1.7894629984635740e-07
5.5984165298023100e-08
1.7395506602256363e-07
1.0562199608251075e-07
1.4122409256065448e-07
1.5305063958502236e-07
7.5668001385483798e-08
1.8105159786350164e-07
6.0700089247345558e-08
1.7744158967291521e-07
1.1207710913846420e-07
1.3285009620795271e-07
1.6637561127263367e-07
5.9089577344187089e-08
1.9262738384686461e-07
6.5830186695616597e-08
1.7625149859223378e-07
1.2785088022306376e-07
1.1904056539793658e-07
1.7650503475370857e-07
5.7286891044935545e-08
1.9117968654578898e-07
8.1477575898412315e-08
1.6188320880397014e-07
1.4359993436339758e-07
1.0315082706012833e-07
1.8153974343784199e-07
5.7601615848436211e-08
1.8476309354031712e-07
9.4792180603245136e-08
1.5256997831156193e-07
1.5219628045223362e-07
9.4075340760256992e-08
1.8261855673160216e-07
5.9051510641386564e-08
1.8532309290987614e-07
1.0149106813031729e-07
1.5226542347105391e-07
1.5309405156069696e-07
8.3498996631557583e-08
1.8963102452123816e-07
5.8545010418337028e-08
1.8729945808928763e-07
1.1376224415349896e-07
1.4095752771478907e-07
1.7291537617588446e-07
6.1859290901911925e-08
1.9994246050192910e-07
6.7872377946385099e-08
1.8290543378406432e-07
1.3230583037166833e-07
1.2386143607672164e-07
1.8235756042259299e-07
5.8721759239542632e-08
1.9785697161584827e-07
8.1169146672188728e-08
1.6839175199684794e-07
1.4417752974697723e-07
1.1629944313153659e-07
1.8318000468197679e-07
6.0636291787848133e-08
1.8930399014434858e-07
9.3909193525284580e-08
1.6426986655637004e-07
1.5243388066720443e-07
1.0428312510093139e-07
1.8690959943391018e-07
6.1915503192485716e-08
1.9626214051531348e-07
9.8149921914456591e-08
1.6228572072263408e-07
1.5906979867580147e-07
9.0179642163192997e-08
1.9846077195193312e-07
6.0926890393202870e-08
1.9656211309764198e-07
1.1620702713644938e-07
1.4899374599748674e-07
1.7797252902660500e-07
6.7895846504906187e-08
2.0595106732702877e-07
6.9883408149248610e-08
1.8866353852060566e-07
1.3545557082752365e-07
1.3021777720880812e-07
1.8650032017772377e-07
6.1346255547691263e-08
2.0317937194272209e-07
8.0283637525169546e-08
1.8025010360080295e-07
1.4317967638205969e-07
1.2885098058937990e-07
1.8385450499019695e-07
6.3737580890965538e-08
1.9947056542791126e-07
9.1870906905438376e-08
1.7803666323744704e-07
1.5183642000576128e-07
1.1505358769895126e-07
1.9441589351420699e-07
6.4473572362581818e-08
2.0645519759518999e-07
9.7018589355954738e-08
1.7112201972303545e-07
1.6556508117967156e-07
9.5754937405173243e-08
2.0728843017155191e-07
6.3107581131266999e-08
2.0573823595050513e-07
1.1738542421373950e-07
1.5720471384712713e-07
1.8136133941784693e-07
7.6223558623101318e-08
2.1032095430742493e-07
7.1047183398900296e-08
1.9324624779610917e-07
1.3681911642334077e-07
1.4186707952870945e-07
1.8888692191234943e-07
6.7230442266669043e-08
2.0712485526696173e-07
7.8948026399823098e-08
1.9325025626153343e-07
1.4269839003173688e-07
1.4035467061942896e-07
1.8685367239917782e-07
6.6500060011608718e-08
2.1271194950238337e-07
8.8659303355246214e-08
1.9128694221647604e-07
1.5144688508818388e-07
1.2500198045630568e-07
2.0211915877878068e-07
6.6670888322666805e-08
2.1555116739871719e-07
9.9613541189366071e-08
1.7878291555920488e-07
1.7155714889204199e-07
1.0073392271142094e-07
2.1466863284229569e-07
6.5259783882306401e-08
2.1350750087203254e-07
1.1820590971296401e-07
1.6487073031142979e-07
1.8392393943766739e-07
8.8467101401849586e-08
2.1425772839657347e-07
7.0963669965786122e-08
1.9972510525986238e-07
1.3608840323864005e-07
1.5560401021750989e-07
1.8983522163128268e-07
7.7829259433209378e-08
2.1409179132043811e-07
7.7859699036396070e-08
2.0579588265930169e-07
1.4152560171769885e-07
1.5083132159510926e-07
1.9590673728080691e-07
6.9328532078165174e-08
2.2521420024684333e-07
8.4552697994314297e-08
2.0335187184725494e-07
1.5417692644917140e-07
1.3380789849684865e-07
2.0890669159670795e-07
6.8534148084506033e-08
2.2363318178957420e-07
1.0221053499908344e-07
1.8586627453448453e-07
1.7620557806606427e-07
1.0737081977083755e-07
2.2032562780765942e-07
6.7506371230500593e-08
2.2001556199743794e-07
1.1852282816182034e-07
1.7302306227568841e-07
1.8603485248579026e-07
1.0058405254156518e-07
2.1861573648720544e-07
6.9966118269188510e-08
2.1202475009717767e-07
1.3329305206239264e-07
1.6989282153762575e-07
1.8937310265245766e-07
8.7906395828251868e-08
2.2446849784306372e-07
7.5962153090946445e-08
2.1722758467865785e-07
1.3955286205839965e-07
1.6038663384274557e-07
2.0554599568658981e-07
7.1994747148809646e-08
2.3636022816992237e-07
8.3228827164402019e-08
2.1378355070831332e-07
1.5913391070446507e-07
1.4133398937188894e-07
2.1659646321257557e-07
7.0271024889588718e-08
2.3249942777968129e-07
1.0370127902145451e-07
1.9414506322500238e-07
1.7915958016869544e-07
1.2184832129068124e-07
2.2421109751755932e-07
7.0778928124788340e-08
2.2572908737608260e-07
1.1867747040971239e-07
1.8556879470354766e-07
1.8790798738818879e-07
1.1211306503823590e-07
2.2369814947239539e-07
7.1841579761622430e-08
2.2648552766155008e-07
1.2846113850642477e-07
1.8375153822473974e-07
1.9168067610614172e-07
9.7460400579006784e-08
2.3407191220757874e-07
7.2995874132060530e-08
2.2800062123401311e-07
1.4375628187441175e-07
1.6851410799111914e-07
2.1409876113059540e-07
7.4601372066893600e-08
2.4567123502733839e-07
8.5390501902272244e-08
2.2234412128271594e-07
1.6479368187989176e-07
1.4766880971341296e-07
2.2400572508025403e-07
7.1827122772667059e-08
2.4030749464338778e-07
1.0374553286804024e-07
2.0256347237894918e-07
1.8018201379019427e-07
1.3833076883095341e-07
2.2681337019731400e-07
7.4087354354680416e-08
2.3195269994642589e-07
1.1789719031310655e-07
1.9939228681001077e-07
1.8854827678828880e-07
1.2366742642752239e-07
2.3028103833229719e-07
7.5461802307548280e-08
2.4026638410599186e-07
1.2266821654579816e-07
1.9635528121439690e-07
1.9844654720444787e-07
1.0571175348780812e-07
2.4441140873138058e-07
7.4530617657582112e-08
2.3929711666232360e-07
1.4762067142682815e-07
1.7806105968657870e-07
2.2089713333438270e-07
7.6985985388954152e-08
2.5321755807120585e-07
8.7982585446759195e-08
2.2905770881751680e-07
1.6893720541502682e-07
1.5751645650172811e-07
2.2957866688340557e-07
7.5131196949458152e-08
2.4706154600822674e-07
1.0209337092472770e-07
2.1861541547930423e-07
1.7924110699976320e-07
1.5418398215429019e-07
2.2777901677109517e-07
7.7987793528877499e-08
2.4321517692616525e-07
1.1533002981712637e-07
2.1446948374129631e-07
1.8859945828463555e-07
1.3526567335904146e-07
2.4059387683166146e-07
7.8788437181913985e-08
2.5292843210805007e-07
1.2170503386764690e-07
2.0739747059811262e-07
2.0576972871194161e-07
1.1316184716714380e-07
2.5456802202437968e-07
7.7346963092908737e-08
2.4951503194893954e-07
1.4977756256724333e-07
1.8742860379072611e-07
2.2554873214212920e-07
8.9001689570971836e-08
2.5896213465725632e-07
8.9574531380579023e-08
2.3476382021564274e-07
1.7099016435827602e-07
1.7214402215060165e-07
2.3292898566866499e-07
7.9561065463992516e-08
2.5251404249447129e-07
9.9741723987638691e-08
2.3537681021978674e-07
1.7657990220414134e-07
1.6874463710470095e-07
2.3056086059275227e-07
8.1580821091067166e-08
2.5941886962558084e-07
1.1199279147035049e-07
2.3020440845334028e-07
1.8921405787407663e-07
1.4726870875595363e-07
2.5064191583254904e-07
8.1709318020902321e-08
2.6413319571775673e-07
1.2548480916295279e-07
2.1682913058291744e-07
2.1335412892646937e-07
1.1947657122061609e-07
2.6409759568148083e-07
7.9887866626028112e-08
2.5924005619484826e-07
1.4993159958907674e-07
1.9738825889615184e-07
2.2844717236996146e-07
1.0462702765429677e-07
2.6267009888275973e-07
8.9770899198502894e-08
2.4141650797861606e-07
1.7051369486668765e-07
1.8771370135660541e-07
2.3438927841307203e-07
9.0137502781466975e-08
2.6383002258884436e-07
9.7154393008126428e-08
2.5113923760145374e-07
1.7480174144628778e-07
1.8154558281913652e-07
2.4146890615215333e-07
8.4745826181895376e-08
2.7518462252169611e-07
1.0697571498904939e-07
2.4503171636475922e-07
1.9443795235897216e-07
1.5800116579067387e-07
2.5931074849669543e-07
8.4175294979446847e-08
2.7376702560634637e-07
1.2901486890635942e-07
2.2481728692411763e-07
2.1937647431421637e-07
1.2740898034211481e-07
2.7153177466680813e-07
8.2332849942006776e-08
2.6816560861184975e-07
1.4908276842484247e-07
2.0899298752542280e-07
2.3026005923673197e-07
1.1975675504243907e-07
2.6700445934554574e-07
8.8302926914717752e-08
2.5813308713832035e-07
1.6743477060532974e-07
2.0445251465514197e-07
2.3428402271170295e-07
1.0194487995728714e-07
2.7747062411190914e-07
9.4591841582952794e-08
2.6562187347635887e-07
1.7495351878222391e-07
1.9273712965326101e-07
2.5380205052460994e-07
8.7851230019792775e-08
2.8943304006216643e-07
1.0622915449207431e-07
2.5815159945438754e-07
1.9897839855506589e-07
1.6734411511857176e-07
2.6665251396328280e-07
8.6189360198159018e-08
2.8249044361083697e-07
1.3125801957120767e-07
2.3217651261434543e-07
2.2326431626630524e-07
1.4400473261618709e-07
2.7665119522250584e-07
8.6661015822818855e-08
2.7565816607004628e-07
1.4850005537548687e-07
2.2564475145380312e-07
2.3144072291617909e-07
1.3392533293283912e-07
2.7306756994188054e-07
8.7631889336895570e-08
2.7640783276435030e-07
1.6212926354073608e-07
2.2078643795902637e-07
2.3971037425892050e-07
1.1342966226366899e-07
2.8983509719520177e-07
9.1253629488186058e-08
2.7896617282923086e-07
1.8051221303489418e-07
2.0277990684408868e-07
2.6477879977408399e-07
9.0823024071889790e-08
3.0146966910767285e-07
1.0779334787465224e-07
2.6922565570040667e-07
2.0457125060786702e-07
1.7539272656563748e-07
2.7504520623430820e-07
8.7966156780588935e-08
2.9176869460001135e-07
1.3173387343059965e-07
2.4484446682469374e-07
2.2475677253665625e-07
1.6355925796837989e-07
2.8006973069943403e-07
9.0894447809258534e-08
2.8433385053699739e-07
1.4731692891265251e-07
2.4237744897844845e-07
2.3297885089776109e-07
1.4687455764873425e-07
2.8362923192385806e-07
9.1998075992121282e-08
2.9384388568052559e-07
1.5447647453677141e-07
2.3649464597203845e-07
2.4763126423914793e-07
1.2363020213389261e-07
3.0103556503330174e-07
9.2152672758572115e-08
2.9067041179075979e-07
1.8622570796174446e-07
2.1206833412727637e-07
2.7360628511214790e-07
9.3928415355513839e-08
3.1085966106912536e-07
1.1051542544502860e-07
2.7816848109365427e-07
2.0998000007162768e-07
1.9023966685902383e-07
2.8159328333471419e-07
9.2200691431275359e-08
3.0025863436535118e-07
1.3011962666644218e-07
2.6513722031519401e-07
2.2378891234600946e-07
1.8326044107944317e-07
2.8194667510314999e-07
9.5412459869285262e-08
2.9820170502023392e-07
1.4466602112195155e-07
2.5946615165428461e-07
2.3359749778622580e-07
1.5954599916733847e-07
2.9730547469255177e-07
9.6031424119975227e-08
3.0978748497624211e-07
1.5450524076132194e-07
2.5039173891631782e-07
2.5609121725972315e-07
1.3331594781834523e-07
3.1322023744335505e-07
9.4388971162658251e-08
3.0275806557619005e-07
1.8984104923955371e-07
2.2350219763723079e-07
2.7997260531505095e-07
1.0304868705778553e-07
3.1780454076305541e-07
1.1268585486294747e-07
2.8522427518926311e-07
2.1303025955355417e-07
2.0842444395130364e-07
2.8629409481209938e-07
9.7319230287338709e-08
3.0789909503297420e-07
1.2623877493011017e-07
2.8637479548213292e-07
2.2065649219488793e-07
2.0159101803782093e-07
2.8486056689237596e-07
9.9850798101195510e-08
3.1582074036880552e-07
1.4075056612825125e-07
2.7726538916341917e-07
2.3697905905842409e-07
1.7276680743336650e-07
3.1008553762952304e-07
9.9677911536862845e-08
3.2375941552597885e-07
1.5841080641225974e-07
2.6229952724721376e-07
2.6475186009526099e-07
1.4148888915232765e-07
3.2380379040943795e-07
9.7690321415462179e-08
3.1452280342700926e-07
1.9078049414836185e-07
2.3580718350127329e-07
2.8400114055137621e-07
1.2256548309563401e-07
3.2287139142224846e-07
1.1320343736791467e-07
2.9664517916388307e-07
2.1314776307509014e-07
2.2670917409882478e-07
2.8843688582593562e-07
1.0498937458333036e-07
3.2449659214315016e-07
1.2222612083589969e-07
3.0629836612564795e-07
2.1587255838876901e-07
2.1785991266844451e-07
2.9800426211036246e-07
1.0386007713434144e-07
3.3522501027369913e-07
1.3610260305218154e-07
2.9505319193996164e-07
2.4434507996550102e-07
1.8596085883372513e-07
3.2112338078853795e-07
1.0292793599608824e-07
3.3553366601855129e-07
1.6269134378919681e-07
2.7232584036221580e-07
2.7269897659925309e-07
1.5146007184575115e-07
3.3346666605881893e-07
1.0068164815822902e-07
3.2605466427068305e-07
1.8902567860991890e-07
2.5198811766256036e-07
2.8514519048902558e-07
1.4153171515384821e-07
3.2590370530735535e-07
1.1167383311678810e-07
3.1528091789063010e-07
2.0998855394128287e-07
2.4615049258030032e-07
2.8912569512218540e-07
1.1776838136160601e-07
3.4188705636114596e-07
1.1793492726257087e-07
3.2423463056242024e-07
2.1831593661943563e-07
2.3165100380900649e-07
3.1326235649434792e-07
1.0722753254510204e-07
3.5312391423237728e-07
1.3516159956405303e-07
3.1110427288516617e-07
2.5046077837585589e-07
1.9769012237485571e-07
3.3002969893325276e-07
1.0568993515482938e-07
3.4514650861722764e-07
1.6579618175432533e-07
2.8138352979645490e-07
2.7801429565993253e-07
1.6928670226884321e-07
3.4045178322148595e-07
1.0623860690184440e-07
3.3616028979962245e-07
1.8610245760030352e-07
2.7365999092909402e-07
2.8542621714200452e-07
1.5925687013922279e-07
3.3370307803394694e-07
1.0847253015251839e-07
3.3656626545349186e-07
2.0357869929926700e-07
2.6554313748606147e-07
2.9928689795934141e-07
1.3155450236268922e-07
3.5783593239590505e-07
1.1377876171376965e-07
3.4051539012712698e-07
2.2616695933175612e-07
2.4324377651770753e-07
3.2704595489259998e-07
1.1063367080781282e-07
3.6861887814879132e-07
1.3721701251863708e-07
3.2495586849943208e-07
2.5487919826125860e-07
2.0800222926776966e-07
3.3779172120608471e-07
1.0800484497791239e-07
3.5404036582243597e-07
1.6674033912675550e-07
2.9497838510904245e-07
2.8027778514187381e-07
1.9317100260431937e-07
3.4516867885421995e-07
1.1170453588348318e-07
3.4764733671236010e-07
1.8359679213372756e-07
2.9470652626297903e-07
2.8692400261932105e-07
1.7526575854370237e-07
3.4954679289225547e-07
1.1206817282165484e-07
3.5817559175309116e-07
1.9485369912053009e-07
2.8410840600084212e-07
3.1000936576484543e-07
1.4372635927799039e-07
3.7194855479546372e-07
1.1643916502092110e-07
3.5481737798911924e-07
2.3392799462403954e-07
2.5350767863045281e-07
3.3858978219605215e-07
1.1418897374635305e-07
3.8104619279986300e-07
1.3879669490404909e-07
3.3649555014284695e-07
2.6030973796126342e-07
2.2902422296267622e-07
3.4575696386267128e-07
1.1344103520481300e-07
3.6469800631742046e-07
1.6508517386918145e-07
3.2031264065442653e-07
2.7947548476856110e-07
2.1709326137643011e-07
3.4834831076681335e-07
1.1677048695742567e-07
3.6656390843375679e-07
1.8053078693749594e-07
3.1480567598327479e-07
2.8866806373356597e-07
1.8935226754936681e-07
3.6737195599705131e-07
1.1706877461772525e-07
3.7840325841489946e-07
1.9620599847083520e-07
3.0120582901493885e-07
3.1910171973372644e-07
1.5540799855691019e-07
3.8502539337221938e-07
1.1962831333776147e-07
3.6729757872788195e-07
2.3924265903237124e-07
2.6550287852445813e-07
3.4682162243284700e-07
1.1971155094751566e-07
3.9008541841044731e-07
1.4118896377642100e-07
3.4594375071723244e-07
2.6414531424181985e-07
2.5210683076945980e-07
3.5119610629170161e-07
1.1926842628755680e-07
3.7630561345455116e-07
1.6063339795146739e-07
3.4713732228691181e-07
2.7664165630515012e-07
2.3961258412250438e-07
3.5277477076480584e-07
1.2211721156803099e-07
3.8620996677177359e-07
1.7654602272519816e-07
3.3482643448936907e-07
2.9619553759628269e-07
2.0234812509556436e-07
3.8358662362911158e-07
1.2171569447094966e-07
3.9617656340370333e-07
2.0052316058685746e-07
3.1610193105442848e-07
3.2915141056432648e-07
1.6619606889901906e-07
3.9773589286050441e-07
1.2160336094178657e-07
3.8152163525933634e-07
2.4128351697341677e-07
2.8109422483386593e-07
3.5194082199580023e-07
1.4264055956417723e-07
3.9584832391206617e-07
1.4215570411298583e-07
3.6340297938779153e-07
2.6503468787246368e-07
2.7469240048829915e-07
3.5441956987849915e-07
1.2574541050468835e-07
3.9848361105353225e-07
1.5435137053912125e-07
3.7249774167427152e-07
2.7113729320553117e-07
2.5987228082916836e-07
3.6691745787516253e-07
1.2687173180961167e-07
4.0847649845897562e-07
1.7205391626282871e-07
3.5516979738368277e-07
3.0580833916190719e-07
2.1734568988411682e-07
3.9746434440660911e-07
1.2580897786919634e-07
4.1108762035543954e-07
2.0487909687655532e-07
3.2948180175345648e-07
3.3772318210718131e-07
1.7960738179678365e-07
4.0858191993745292e-07
1.2290143856283934e-07
3.9484207760492041e-07
2.3984372698479060e-07
3.0425999163467916e-07
3.5402606370371980e-07
1.6596485722670893e-07
3.9995174279059302e-07
1.4074650601933691e-07
3.8613638724832138e-07
2.6225547114381910e-07
2.9672729851908442e-07
3.5794819600573036e-07
1.3621880538709225e-07
4.2088710841479383e-07
1.4816003806604028e-07
3.9537368728573858e-07
2.7210063777665742e-07
2.7729018539156623e-07
3.8605077276204970e-07
1.3114678281165977e-07
4.3003449538755155e-07
1.7136520849893162e-07
3.7477092736237048e-07
3.1411146253968896e-07
2.3204730150589288e-07
4.0853750289536102e-07
1.2933083419626589e-07
4.2305645861736414e-07
2.0902977843875709e-07
3.4112528600473485e-07
3.4499983261779672e-07
2.0074909240551627e-07
4.1762783326980709e-07
1.2962291520255533e-07
4.0834520690962524e-07
2.3498516237392395e-07
3.3177941268083477e-07
3.5274655060935228e-07
1.8787536422661120e-07
4.0800152112613603e-07
1.3661859870216425e-07
4.1115839628235270e-07
2.5564451079886492e-07
3.1903896486918861e-07
3.7222415539838598e-07
1.5100389495631204e-07
4.4115067840560768e-07
1.4309612838082910e-07
4.1506285554396979e-07
2.8319138144695760e-07
2.9170760081243735e-07
4.0348389315558730e-07
1.3468050896128885e-07
4.4931760826965003e-07
1.7449693321104106e-07
3.9193109205828728e-07
3.1982027786748833e-07
2.4658806440457635e-07
4.1716687235757036e-07
1.3233199937137386e-07
4.3243221559873101e-07
2.1070315217976763e-07
3.5711969642157213e-07
3.4864401565628762e-07
2.2815118174155512e-07
4.2518890162807524e-07
1.3668711894601850e-07
4.2625099862084070e-07
2.2957642309043632e-07
3.5816345152554800e-07
3.5301130642718019e-07
2.0771778166103675e-07
4.3010713371845214e-07
1.3662513843350073e-07
4.3643800949803773e-07
2.4548883437527161e-07
3.4125370664402764e-07
3.8668979517758520e-07
1.6607946989911300e-07
4.5925456752780522e-07
1.4657744865877221e-07
4.3218288024150605e-07
2.9352918808196751e-07
3.0399277689490007e-07
4.1777857261063080e-07
1.3902929711161796e-07
4.6528388923032130e-07
1.7598131278810673e-07
4.0650645157092355e-07
3.2354048268581579e-07
2.7553754965559942e-07
4.2377239620277450e-07
1.3919079072407783e-07
4.4181179866965691e-07
2.0912553821130032e-07
3.8684341809664376e-07
3.4837764748929302e-07
2.5707015955254760e-07
4.2973022959942235e-07
1.4331065791029991e-07
4.5011365282946962e-07
2.2490828511102142e-07
3.8273207832914288e-07
3.5665295382065091e-07
2.2509972992300933e-07
4.5303726227627812e-07
1.4283505650992107e-07
4.6072328090577632e-07
2.4923567369753248e-07
3.6208806811409705e-07
3.9864360142732734e-07
1.7961828371721327e-07
4.7470471783872170e-07
1.5115355190316496e-07
4.4686515786405671e-07
3.0087360400188673e-07
3.1618466309856704e-07
4.2898520633797250e-07
1.4343868436410681e-07
4.7744951326209477e-07
1.7694772228376215e-07
4.1874705558427223e-07
3.2767759375126966e-07
3.0472330773445943e-07
4.3078995202046235e-07
1.4643427818916086e-07
4.5967193022982863e-07
2.0399183153529016e-07
4.1933869790781628e-07
3.4532754657166055e-07
2.8443093909012476e-07
4.3669925698983840e-07
1.4927351640273448e-07
4.7428142725967285e-07
2.2073937331387775e-07
4.0514495075612783e-07
3.6884454343399705e-07
2.4004691155630832e-07
4.7394589242898154e-07
1.4850655996507330e-07
4.8311299285135873e-07
2.5372308418211440e-07
3.8076031595686639e-07
4.0890537417012278e-07
1.9420220605299468e-07
4.8790455457008411e-07
1.5415074576950774e-07
4.6166577622093405e-07
3.0419410104198766e-07
3.3397468302327595e-07
4.3563458198548947e-07
1.6648433973969705e-07
4.8578960475200459e-07
1.7771879185974843e-07
4.4436107087020042e-07
3.2827196179663156e-07
3.3220656968185372e-07
4.3525872437252691e-07
1.5384705605218653e-07
4.8877372820345136e-07
1.9560484110134362e-07
4.5109722996373393e-07
3.3983070610532798e-07
3.0921174383099408e-07
4.5301677413903947e-07
1.5510622031198906e-07
4.9867909843230335e-07
2.1616693567543779e-07
4.2724861677107254e-07
3.8224094158286263e-07
2.5428097227276229e-07
4.9178807596069232e-07
1.5355059233935967e-07
5.0211981269902760e-07
2.5846128763683453e-07
3.9819173064172854e-07
4.1931641187269267e-07
2.1203304726228861e-07
5.0066570089249724e-07
1.5487423072024236e-07
4.7776714682638212e-07
3.0341173141543464e-07
3.6597013561681823e-07
4.3798927674732339e-07
1.9416867185693370e-07
4.9076297741199331e-07
1.7640945477912571e-07
4.7316341272418678e-07
3.2569318837078700e-07
3.5867209651549875e-07
4.4283794139003380e-07
1.6136768165774051e-07
5.1757311176036443e-07
1.8815699468148998e-07
4.8011818868521861e-07
3.3996547225509893e-07
3.3070836115361590e-07
4.7482321563606862e-07
1.6005611811038040e-07
5.2391252371370740e-07
2.1824482809185113e-07
4.5039714520887375e-07
3.9308935334204891e-07
2.7048646139080026e-07
5.0585183602008345e-07
1.5800215567722091e-07
5.1750555558733164e-07
2.6246670947064932e-07
4.1306636266125535e-07
4.2661624428823523e-07
2.4004045824238572e-07
5.1195982261023258e-07
1.5839396159737962e-07
4.9613041078372940e-07
2.9810794093609291e-07
4.0048175101995826e-07
4.3722713717208204e-07
2.2078737124172436e-07
5.0575961209466506e-07
1.7202796665783378e-07
5.0199144984407916e-07
3.1899448525216885e-07
3.8349787463621934e-07
4.6196008479982682e-07
1.7359781795398188e-07
5.4356656724781593e-07
1.8109433036277370e-07
5.0534525762284949e-07
3.5351198707427997e-07
3.4925387848797115e-07
4.9655772123369066e-07
1.6443737962482103e-07
5.4741052482234162e-07
2.2132388534507173e-07
4.7185229691746220e-07
4.0058568139393027e-07
2.9335673956877956e-07
5.1580450470008123e-07
1.6242942321601228e-07
5.2952016083657436e-07
2.6518352227769987e-07
4.3236165707994632e-07
4.3187058907948645e-07
2.7015863342197826e-07
5.2243924068385100e-07
1.6670518100663563e-07
5.2091754960576248e-07
2.8779832530059270e-07
4.3368712454321060e-07
4.3451172617684513e-07
2.4489239966028975e-07
5.3037460482542474e-07
1.6659406350146617e-07
5.3219818960197134e-07
3.0964796924409596e-07
4.0906428370178608e-07
4.8094417808856881e-07
1.8965872062910295e-07
5.6570405739063110e-07
1.8482395897171312e-07
5.2621494061682075e-07
3.6728543727734407e-07
3.6454042254389473e-07
5.1497014794226747e-07
1.6876568888111562e-07
5.6723635803322192e-07
2.2330093257810296e-07
4.9051059823919693e-07
4.0463480534786929e-07
3.2944904356039832e-07
5.2226863433552489e-07
1.7064610889728593e-07
5.4002798574319454e-07
2.6405781213989384e-07
4.6625386504833252e-07
4.3264041392178440e-07
3.0343759484534331e-07
5.2967626596398731e-07
1.7508352006534678e-07
5.5267003677879191e-07
2.8020313874827063e-07
4.6452774769840564e-07
4.4002640485886444e-07
2.6601820881023250e-07
5.5705607565437958e-07
1.7367585826810571e-07
5.6096254734205889e-07
3.1555610928950953e-07
4.3477330213879427e-07
4.9666877794591459e-07
2.0678986336455321e-07
5.8502778085009803e-07
1.9082675291427457e-07
5.4364661198994314e-07
3.7754235671615323e-07
3.7727346506119523e-07
5.2868270966265333e-07
1.7446591596602787e-07
5.8285392569153390e-07
2.2327705531834940e-07
5.0798247881552397e-07
4.0604591451502109e-07
3.6657830631526390e-07
5.2789314171742395e-07
1.7983387790556777e-07
5.6119038661309503e-07
2.5852091571329221e-07
5.0635821872232808e-07
4.3036235474435420e-07
3.3682089452870588e-07
5.4134084197909982e-07
1.8279032678764657e-07
5.8265994612623810e-07
2.7456664334810423e-07
4.9226756773517369e-07
4.5975375722083477e-07
2.8414476842752028e-07
5.8362992821788932e-07
1.8090607172169712e-07
5.8807089669133624e-07
3.2201904641480342e-07
4.5723166379564544e-07
5.0963589388350071e-07
2.2580925037345274e-07
6.0020477190056960e-07
1.9488177331242033e-07
5.5917276645918924e-07
3.8281754962484470e-07
3.9975143510389148e-07
5.3809060829245624e-07
1.9356909502558681e-07
5.9419843933843245e-07
2.2267679555919974e-07
5.4332610800814835e-07
4.0699505594813510e-07
4.0142289150320735e-07
5.3412782032589509e-07
1.8867190078403179e-07
5.9747875747992116e-07
2.4867665565897116e-07
5.4528523671686496e-07
4.2572729748274751e-07
3.6727842042171142e-07
5.6284332546223008e-07
1.8959205990217712e-07
6.1131859857369954e-07
2.7098101711840117e-07
5.1663590671028273e-07
4.7743925250299554e-07
2.9970234170048215e-07
6.0677109560288780e-07
1.8746930392295157e-07
6.1170971404444476e-07
3.2608781504642433e-07
4.7886225374026387e-07
5.1966926297350382e-07
2.5119886401147183e-07
6.1307047938598155e-07
1.9644673405972284e-07
5.7717083076892033e-07
3.8211008974459525e-07
4.4073928162217630e-07
5.4210141846667187e-07
2.2661811977067730e-07
6.0173241909391887e-07
2.2054506608116192e-07
5.7952128593447951e-07
4.0371517647681051e-07
4.3298214729916733e-07
5.4602443259651549e-07
1.9708734939436284e-07
6.3434883432557714e-07
2.3783515405036541e-07
5.8124574460404086e-07
4.2561241885346827e-07
3.9386148390502145e-07
5.8526509404511058e-07
1.9547048762616501e-07
6.3848493240030987e-07
2.7747794146515615e-07
5.4077137757635490e-07
4.9172321322516097e-07
3.1561757395129386e-07
6.2521006368554076e-07
1.9328103332763384e-07
6.3136655877990614e-07
3.3079210358890857e-07
4.9851998698617023e-07
5.2830560735428497e-07
2.8718296506362257e-07
6.2745375769212597e-07
1.9460935459542412e-07
6.0099636251539729e-07
3.7621737899798442e-07
4.8222192415905312e-07
5.4078983245184299e-07
2.5910989778245462e-07
6.2586409120661165e-07
2.1549015997505202e-07
6.1494088489996235e-07
3.9650596136007970e-07
4.6241097185126737e-07
5.7289421774265979e-07
2.0544733260990233e-07
6.6796137578629049e-07
2.3005497308269195e-07
6.1292917156835311e-07
4.3981977261082658e-07
4.1618716291963712e-07
6.1100681923731726e-07
2.0069390444918706e-07
6.6666906858321091e-07
2.8230500994934938e-07
5.6586257778210230e-07
5.0155193525568560e-07
3.4764735627951262e-07
6.3830827530748402e-07
1.9904972392168061e-07
6.4795563491395319e-07
3.3210019254692936e-07
5.2430921621249153e-07
5.3393529727157233e-07
3.2215369982109440e-07
6.3942046961769115e-07
2.0360533875301812e-07
6.3718589968616212e-07
3.6458946696335157e-07
5.2328834379418963e-07
5.3684495831281056e-07
2.8838625061455370e-07
6.5455889100266964e-07
2.0728590170388724e-07
6.4856455699864516e-07
3.9241829281588528e-07
4.9096860224546323e-07
5.9764197021358920e-07
2.1579220709762321e-07
6.9673103543054766e-07
2.3298384737932488e-07
6.3952690467171592e-07
4.5750085783818055e-07
4.3539842384724020e-07
6.3351445385015000e-07
2.0567447068924477e-07
6.9129767974444349e-07
2.8380859891934420e-07
5.8968166870382894e-07
5.0623513991587143e-07
3.9195250502171569e-07
6.4606075324916690e-07
2.0921064486632326e-07
6.6197724353886310e-07
3.3158901349030755e-07
5.6385825901370860e-07
5.3644306973187185e-07
3.5769396343687858e-07
6.5105974914358659e-07
2.1388705491489453e-07
6.7768874959936140e-07
3.4958970886373469e-07
5.6160558849930199e-07
5.4769585269049602e-07
3.1383230370826850e-07
6.8731855830613407e-07
2.1171182316089995e-07
6.8286267442099388e-07
4.0088602142002284e-07
5.1990677455178871e-07
6.1809531164917060e-07
2.3633823933568932e-07
7.1962612507248280e-07
2.4107646668102696e-07
6.6145928294477582e-07
4.7139711598467370e-07
4.5180154762310836e-07
6.5105656172007136e-07
2.1199806120404730e-07
7.1113206492139006e-07
2.8258801021856126e-07
6.1650786787010443e-07
5.0665403465239300e-07
4.3841018249318164e-07
6.4903738236665835e-07
2.2058149685930641e-07
6.8522934669943985e-07
3.2588622836694626e-07
6.1152175211065089e-07
5.3573087011004141e-07
3.9654071335364109e-07
6.7114115568988485e-07
2.2355738765104439e-07
7.1562527815052906e-07
3.4077903965005159e-07
5.9613134728401215e-07
5.7104298600820276e-07
3.3588062679142773e-07
7.1796126559154985e-07
2.1985830871710520e-07
7.1581190120005210e-07
4.0844869764572622e-07
5.4803760642821160e-07
6.3466957430970764e-07
2.5965654776726939e-07
7.3822181216868705e-07
2.4667057100037177e-07
6.7905259299118256e-07
4.7958422658061481e-07
4.8454025346708942e-07
6.6227406070187397e-07
2.2670146604912914e-07
7.2607522215839223e-07
2.7984384763799350e-07
6.6340771223282426e-07
5.0342804173661266e-07
4.8228607622993061e-07
6.5354372317904219e-07
2.3133696036490377e-07
7.2956956335371608e-07
3.1480433203267814e-07
6.5908535949345821e-07
5.3157226023583862e-07
4.3391405075096324e-07
6.9842200761503809e-07
2.3216424184914631e-07
7.4987319302092634e-07
3.4222216940738101e-07
6.2637290544184883e-07
5.9440303779923931e-07
3.5564852531767254e-07
7.4627453102091652e-07
2.2783782790395479e-07
7.4494909564890269e-07
4.1257201649786739e-07
5.7391614987801874e-07
6.4612730461590221e-07
2.9643001816910698e-07
7.5171912175169224e-07
2.4844466522687910e-07
6.9718718101733914e-07
4.8053707621863182e-07
5.3078452692516480e-07
6.6877125172691209e-07
2.6405126335858157e-07
7.3881477655325264e-07
2.7571197886493631e-07
7.0945010511896821e-07
5.0035987359484353e-07
5.2208377356060405e-07
6.7285625667222046e-07
2.4135280460438991e-07
7.7516231379490293e-07
3.0049488972676460e-07
7.0324337095312741e-07
5.3408811947883153e-07
4.6710745347354910e-07
7.2604650539032204e-07
2.3955485455756762e-07
7.8084775032020820e-07
3.5235048694704950e-07
6.5237861678864340e-07
6.1362346837606849e-07
3.7279324438496123e-07
7.7004149911219482e-07
2.3551878541621062e-07
7.7010927456758166e-07
4.1551328124040736e-07
6.0154457237966144e-07
6.5347231401524407e-07
3.4125591544328175e-07
7.6714000667602398e-07
2.4689367674190404e-07
7.2617770796479282e-07
4.7343263620829806e-07
5.8113259290936949e-07
6.6912847230651764e-07
3.0210750023776033e-07
7.7316047840955341e-07
2.6937942063294591e-07
7.5210232444349134e-07
4.9256523134951600e-07
5.5714420997996004e-07
7.0857355593863731e-07
2.5073641776788201e-07
8.1778482153689355e-07
2.9179945592879835e-07
7.4240261974267441e-07
5.4881812302961982e-07
4.9542137426562962e-07
7.5205413736078282e-07
2.4576072018091657e-07
8.1038336692110843e-07
3.5940491421529231e-07
6.7906934690807900e-07
6.2712133438616813e-07
4.0984697937145617e-07
7.8743989483030590e-07
2.4425797338558755e-07
7.9237301714475992e-07
4.1756538921002209e-07
6.3596183258385861e-07
6.6012855145633175e-07
3.8479822077915899e-07
7.8122973053143820e-07
2.4888471572638178e-07
7.7696875219601526e-07
4.5926606399260564e-07
6.3104548097124439e-07
6.6416828873702696e-07
3.3822131592318822e-07
8.0991340712944432e-07
2.5968738584980244e-07
7.9307611200820546e-07
4.9434714042182874e-07
5.8894043425351465e-07
7.4120186049581536e-07
2.6053516389692372e-07
8.5488977244711748e-07
2.9370107003623301e-07
7.7590920926213172e-07
5.6883749403773650e-07
5.1890255981881117e-07
7.7959420386839359e-07
2.5148793179425337e-07
8.4072095542387556e-07
3.6207669636628018e-07
7.0630306509273329e-07
6.3384985255419594e-07
4.6591285548840407e-07
7.9823105026675896e-07
2.5649735761890516e-07
8.1003606878460381e-07
4.1490786303877821e-07
6.8526658093587953e-07
6.6279298336300729e-07
4.2572025950135935e-07
8.0007073013648950e-07
2.6160314559534159e-07
8.2819030663529912e-07
4.3909397271375772e-07
6.7795560292095404e-07
6.8552019205391081e-07
3.6953939912345156e-07
8.4638404855179644e-07
2.5894418684154847e-07
8.3117168333905232e-07
5.0750449699243909e-07
6.2169636518148344e-07
7.6829064288417085e-07
2.6900238023699647e-07
8.8492240427591976e-07
3.0326064707705405e-07
8.0397311613446674e-07
5.8633231573890381e-07
5.3845358621518977e-07
8.0129673334531380e-07
2.5898622257104973e-07
8.6624752412646507e-07
3.5940487835300677e-07
7.4793744311783568e-07
6.3339758088970366e-07
5.2313315949057006e-07
8.0287712066974787e-07
2.7037763603136962e-07
8.3807954348098351e-07
4.0874886792816168e-07
7.3775801516767135e-07
6.6435369770379121e-07
4.6759891459486532e-07
8.2977184591869757e-07
2.7337673117728154e-07
8.7634870047044594e-07
4.2420087000821228e-07
7.2022048463538163e-07
7.1173876761661544e-07
3.9587587832378147e-07
8.8411130047953664e-07
2.6894462007988299e-07
8.6993926451510005e-07
5.1867267857195285e-07
6.5392241622110207e-07
7.8829950109626702e-07
2.9706854250481401e-07
9.0708779189970986e-07
3.1091363662430381e-07
8.2625056692773567e-07
5.9759155080446060e-07
5.8720838561212540e-07
8.1581780218968930e-07
2.7403112877540407e-07
8.8632905026309491e-07
3.5321944880598186e-07
8.0678740208553443e-07
6.2638448692083651e-07
5.7739458454032932e-07
8.0512699817415826e-07
2.8352051493108937e-07
8.9047530938335768e-07
3.9761170960527230e-07
7.9513303966275967e-07
6.6191920393185796e-07
5.1050345785416504e-07
8.6684852488543239e-07
2.8403488259866670e-07
9.1974644165364820e-07
4.3141009072892149e-07
7.5722652230351456e-07
7.3833265200708454e-07
4.2067658632893273e-07
9.1720848247920099e-07
2.7806475501870533e-07
9.0643231448632166e-07
5.2419060220339929e-07
6.8721085849426751e-07
8.0285864453736213e-07
3.4783051750668466e-07
9.2364348871610731e-07
3.1421034284922690e-07
8.4455968133501264e-07
6.0070257479968925e-07
6.4266626956530665e-07
8.2329657524320951e-07
3.0799703924110831e-07
9.0845179663585028e-07
3.4541467228269870e-07
8.6570835546019814e-07
6.1863768246072578e-07
6.2677219219442191e-07
8.3023730286711844e-07
2.9539655856527148e-07
9.4692867884534401e-07
3.8165495432409032e-07
8.4961548769320281e-07
6.7213293189328880e-07
5.5020684798318015e-07
8.9993076971472489e-07
2.9373227177349736e-07
9.5730146322340329e-07
4.4564098071535529e-07
7.8902464713116901e-07
7.6260076547055924e-07
4.4253431792163016e-07
9.4683387442847081e-07
2.8628939072720046e-07
9.3676716756827735e-07
5.2475620252705819e-07
7.2326647942382371e-07
8.1019635608136779e-07
4.0337658012597258e-07
9.3748997979389877e-07
3.1175033572076661e-07
8.8503558291992787e-07
5.9436624611188049e-07
7.0005458322592028e-07
8.2565676149925281e-07
3.5125472706246579e-07
9.5534117177843994e-07
3.3636191529809248e-07
9.2010023351070505e-07
6.1060991123764365e-07
6.7117876981630194e-07
8.7331714135402620e-07
3.0629294704953959e-07
9.9968737055492057e-07
3.6953491813333511e-07
8.9832742771502891e-07
6.9006264696462832e-07
5.8589806574359407e-07
9.3097453746248838e-07
3.0192105269957642e-07
9.8859166589819595e-07
4.5605798529384819e-07
8.1643135062912201e-07
7.8103028155353154e-07
4.8455107091719242e-07
9.6897335412999019e-07
2.9914900963930768e-07
9.6534728814179809e-07
5.2311682628451949e-07
7.7249700442632878e-07
8.1482096107901772e-07
4.5696069809089386e-07
9.5458758417746992e-07
3.0536580133826473e-07
9.4772893308683578e-07
5.7821584011066210e-07
7.6038274075827302e-07
8.2881872356417355e-07
3.9291957603632464e-07
1.0016139291806134e-06
3.2517345613703011e-07
9.6841457443778225e-07
6.1957328410975179e-07
7.0958722899782206e-07
9.1567162884448176e-07
3.1735297207937276e-07
1.0462273320250168e-06
3.7332243439649003e-07
9.3988637776669750e-07
7.0854528476216588e-07
6.1645398410861767e-07
9.5851101818882330e-07
3.0869586079258511e-07
1.0213733452209048e-06
4.6084943783346244e-07
8.4654738583100106e-07
7.9115284183368908e-07
5.5290658503702613e-07
9.8383293951144798e-07
3.1439781781861137e-07
9.9037284550079356e-07
5.1918739275519747e-07
8.3477752063493856e-07
8.1936131022860709e-07
5.0709610553111416e-07
9.7970510208410084e-07
3.1927242722872753e-07
1.0103464880615399e-06
5.5335759245349432e-07
8.1816921687100714e-07
8.5668951251704432e-07
4.3175794366822164e-07
1.0463160327624330e-06
3.1762915393200313e-07
1.0133099379883759e-06
6.4132722659496927e-07
7.4345154049265822e-07
9.5162436840193514e-07
3.2816545375619092e-07
1.0845856054216718e-06
3.8112115163919823e-07
9.7382298104551016e-07
7.2917565679371936e-07
6.4680942463834381e-07
9.8560565270281659e-07
3.1806063409696367e-07
1.0517176451954031e-06
4.5860201780967271e-07
9.0532326388309669e-07
7.9217049541045684e-07
6.2350619134607644e-07
9.9263580603110803e-07
3.3016297890962301e-07
1.0270308774418337e-06
5.1184225279798950e-07
8.9478762222920202e-07
8.2032519369636539e-07
5.5343342804932357e-07
1.0257654660020065e-06
3.3425921759991156e-07
1.0703602819572211e-06
5.3481282293101719e-07
8.6997974922057029e-07
8.8647003474142767e-07
4.6473820449890126e-07
1.0869195897052461e-06
3.2857754234610960e-07
1.0571381545009805e-06
6.5744018946516375e-07
7.7905699698800564e-07
9.7880442994549367e-07
3.3946283797102122e-07
1.1141983262633975e-06
3.9060917891781659e-07
1.0027137882585697e-06
7.4321911077201199e-07
7.1222212637999215e-07
1.0044654830564623e-06
3.3567776213930281e-07
1.0784872098913849e-06
4.4853516376561889e-07
9.7825915328338331e-07
7.8417564806836150e-07
6.9050758555237590e-07
9.9746387157546582e-07
3.4700134003367079e-07
1.0873209936770260e-06
4.9981145383347280e-07
9.5749169005142387e-07
8.2351609041056678e-07
6.0087448054446241e-07
1.0740292730738553e-06
3.4771484406669577e-07
1.1247014236567806e-06
5.4595237589151803e-07
9.1502841603375678e-07
9.1928340431341741e-07
4.9458389083612422e-07
1.1274920825699995e-06
3.3991144601941398e-07
1.0995544700906887e-06
6.6539289912912783e-07
8.2080206922982273e-07
9.9576769982641626e-07
4.0817047232897272e-07
1.1351230176086111e-06
3.9536364996261527e-07
1.0262166886343635e-06
7.4807422937276723e-07
7.7761196471512563e-07
1.0141863620832251e-06
3.5958674087511943e-07
1.1151153648996307e-06
4.3582520503814843e-07
1.0524409870531611e-06
7.6823026934267376e-07
7.5141376929407924e-07
1.0247468857192324e-06
3.6165123695263154e-07
1.1566945632718154e-06
4.8288161246304937e-07
1.0229302836925717e-06
8.4309962943049989e-07
6.4745802049946464e-07
1.1167017948930635e-06
3.5937161949000106e-07
1.1718625283274053e-06
5.6176452127144389e-07
9.5392769695659155e-07
9.4720086825868808e-07
5.2520911050954186e-07
1.1641281793587933e-06
3.5055121159945604e-07
1.1382927946549581e-06
6.6686809402997598e-07
8.6581887565828987e-07
1.0049407802696815e-06
4.7642444130497436e-07
1.1484669622444320e-06
3.9355866352006246e-07
1.0840990031697729e-06
7.4223226106154488e-07
8.4471043708744132e-07
1.0176644632851381e-06
4.0855224921823840e-07
1.1786506031434989e-06
4.1990014742410325e-07
1.1213214702274196e-06
7.5388975487458565e-07
8.0561554417823608e-07
1.0757940288390451e-06
3.7447735676798550e-07
1.2218627980841464e-06
4.6743308557409290e-07
1.0834196297315373e-06
8.6734567456801365e-07
6.8899156384437896e-07
1.1520755398669175e-06
3.6932024421368763e-07
1.2110887721961136e-06
5.7550657242188832e-07
9.8898600976643241e-07
9.6960992151944030e-07
5.7124186953634198e-07
1.1919912430184851e-06
3.6608910011866543e-07
1.1732751067034706e-06
6.5835787210816143e-07
9.3512709149820696e-07
1.0066738377812074e-06
5.4179951094021289e-07
1.1648354978592298e-06
3.8472728562056051e-07
1.1564590775605704e-06
7.2506803285535105e-07
9.1499125183584465e-07
1.0323978528150720e-06
4.5500811716641317e-07
1.2383460220322062e-06
4.0591321168943618e-07
1.1825963264118176e-06
7.7609462745252064e-07
8.5333909558991185e-07
1.1283259133456319e-06
3.8705523935628203e-07
1.2797050273098901e-06
4.7524921674270261e-07
1.1360183410222394e-06
8.8939510890635008e-07
7.2746019664325646e-07
1.1821823849992311e-06
3.7847378369368413e-07
1.2426198345942189e-06
5.8345060376912759e-07
1.0210237006224985e-06
9.8361741147611229e-07
6.5275298360998573e-07
1.2124086600375895e-06
3.8486316191070981e-07
1.2109705599583985e-06
6.4956690699357728e-07
1.0133457819252806e-06
1.0096687972386520e-06
6.0247206528435727e-07
1.1984844701631638e-06
3.8853162349605236e-07
1.2327189981488603e-06
6.9709391846451501e-07
9.8452667232381502e-07
1.0696981012532515e-06
4.9993705100446663e-07
1.2911799218967080e-06
3.9986853116768569e-07
1.2364412964081987e-06
8.0686866741065905e-07
8.9285121505688273e-07
1.1744478392052009e-06
3.9908963136297929e-07
1.3278202224605074e-06
4.8284699482661041e-07
1.1797708187104562e-06
9.0694316906807937e-07
7.7773875690571736e-07
1.2093154666084691e-06
3.9063961723710093e-07
1.2773491656055008e-06
5.8266960041457709e-07
1.0927173151481045e-06
9.8675660817350195e-07
7.3970750684926456e-07
1.2265905657571378e-06
4.0355520271012337e-07
1.2625577789042051e-06
6.4021951213106922e-07
1.0882975662559917e-06
1.0115401935174035e-06
6.5739056115907057e-07
1.2641082562424208e-06
4.0695507861412464e-07
1.3068598775789381e-06
6.7881372313443734e-07
1.0489993949283788e-06
1.1074522263842049e-06
5.4079136664478180e-07
1.3408376344433373e-06
4.1157942183610495e-07
1.2853897365291691e-06
8.3037710403427305e-07
9.2827045810221629e-07
1.2104620171967944e-06
4.1127642911127628e-07
1.3660046000640930e-06
4.9058709463820184e-07
1.2149946592922802e-06
9.2426718288021679e-07
8.6007253554131995e-07
1.2337017644084753e-06
4.1232771918817909e-07
1.3083807232008761e-06
5.7185814058103778e-07
1.1857428288662674e-06
9.7891255860680645e-07
8.2287323534974964e-07
1.2328029277318915e-06
4.2339561627689118e-07
1.3332849383716152e-06
6.2456596881677103e-07
1.1585968338909396e-06
1.0218871200000275e-06
7.0863621589303854e-07
1.3261534357793267e-06
4.2422593846734801e-07
1.3739097169024666e-06
6.9225556825674204e-07
1.1049667462893692e-06
1.1421149495022500e-06
5.8016463298834366e-07
1.3858364899463247e-06
4.2091940226196541e-07
1.3323919477821920e-06
8.4338112675781082e-07
9.7556603402133491e-07
1.2341862193905471e-06
4.7612005787555329e-07
1.3936934181477824e-06
4.9648452978082210e-07
1.2492764762359692e-06
9.3097307086895945e-07
9.4263996879603586e-07
1.2481971332840081e-06
4.3414131364496841e-07
1.3683305998849794e-06
5.5071251609328115e-07
1.2778200413211443e-06
9.6106641397745000e-07
8.9877308997683765e-07
1.2639866175261840e-06
4.4207985265748274e-07
1.4102246271483482e-06
6.0692082147230546e-07
1.2328146521316849e-06
1.0568226605815957e-06
7.5886691088710214e-07
1.3813924129236954e-06
4.3953605108499817e-07
1.4320684396417151e-06
7.1035908062525920e-07
1.1522655148385692e-06
1.1765871358124400e-06
6.2104861451309319e-07
1.4289100896651244e-06
4.2927501903768765e-07
1.3787271933336614e-06
8.4352744313485386e-07
1.0351333495611316e-06
1.2456027307275892e-06
5.6081564309186240e-07
1.4109325794489019e-06
4.9499684049486280e-07
1.3276712738439861e-06
9.2525582497947545e-07
1.0206268476820101e-06
1.2523919858902015e-06
4.7400000371141105e-07
1.4488542691258340e-06
5.3087537309284910e-07
1.3635840244336008e-06
9.4440599707139477e-07
9.6492121701479667e-07
1.3278663747325020e-06
4.5824895517700494e-07
1.4907696373219691e-06
5.9106842237235998e-07
1.3034907949561638e-06
1.0897508099611275e-06
8.0906298211464558e-07
1.4272649253628801e-06
4.5263539454309257e-07
1.4804310623067321e-06
7.2568545904343424e-07
1.1965459567259955e-06
1.2030798908311844e-06
6.8011709036608701e-07
1.4649544989274783e-06
4.4659566441253753e-07
1.4252503551806822e-06
8.3458572324684118e-07
1.1303529757622852e-06
1.2461669690804772e-06
6.4153566989562397e-07
1.4226809784186990e-06
4.8449497032886747e-07
1.4148618993963180e-06
9.0648963762480456e-07
1.1030157400193422e-06
1.2811858228723314e-06
5.2618657222350503e-07
1.5264044548934573e-06
5.0590099852237773e-07
1.4402690415246518e-06
9.7163094435073004e-07
1.0211960009662500e-06
1.3916884306028928e-06
4.7167510746086823e-07
1.5631319844551782e-06
6.0383986065544204e-07
1.3674622170786340e-06
1.1144718329926461e-06
8.5572342045248548e-07
1.4620382260955378e-06
4.6360712164818544e-07
1.5193094964704649e-06
7.3489420136112189e-07
1.2367923395169197e-06
1.2211978829219384e-06
7.6964733670659688e-07
1.4894107630345219e-06
4.7107316267165602e-07
1.4756407520892634e-06
8.1395761243260623e-07
1.2271890993037111e-06
1.2430930936276966e-06
7.1563539355023709e-07
1.4780823027561938e-06
4.7404669718709197e-07
1.5037925229966989e-06
8.7590487863779089e-07
1.1825637048171443e-06
1.3349637199872806e-06
5.7664200832167276e-07
1.5948354462625982e-06
5.0342414852972313e-07
1.5086697712752556e-06
1.0097430592216114e-06
1.0704575643856606e-06
1.4477869834665684e-06
4.8565236799382733e-07
1.6240734136771517e-06
6.1255100298626399e-07
1.4234734218554182e-06
1.1341310340174171e-06
9.3210084837366048e-07
1.4870669364061307e-06
4.8002864832090490e-07
1.5500775887578673e-06
7.3589669211854373e-07
1.3187396126223705e-06
1.2262838174518619e-06
8.7293278880916038e-07
1.5099526715328450e-06
4.9459655203850578e-07
1.5510547850637596e-06
7.9797264082994881e-07
1.3197753989662104e-06
1.2470001701232271e-06
7.8149474977020353e-07
1.5573864744882113e-06
4.9618561316913323e-07
1.5945296926567346e-06
8.5973082965922237e-07
1.2594286133593265e-06
1.3818843119279106e-06
6.2678304822099407e-07
1.6523140460628041e-06
5.1973416395680029e-07
1.5653461255119533e-06
1.0425583235302969e-06
1.1111468880275284e-06
1.4936715588990282e-06
5.0077575962064146e-07
1.6715626710199858e-06
6.1919332632154702e-07
1.4702236273917550e-06
1.1469821227962588e-06
1.0339758963475022e-06
1.5130449446577255e-06
5.0631541364079454e-07
1.5876294750497400e-06
7.2479397048199528e-07
1.4357743306145888e-06
1.2209230437060677e-06
9.7465378640288681e-07
1.5252644354312341e-06
5.1695401104949714e-07
1.6402193176176349e-06
7.8017108714453178e-07
1.4057603084922430e-06
1.2681411688002552e-06
8.3876721747964956e-07
1.6346633734203581e-06
5.1662161931809298e-07
1.6779580594015924e-06
8.7870164073142721e-07
1.3294475441866935e-06
1.4245494147701511e-06
6.7725031955785129e-07
1.7040082801509392e-06
5.3371053856177086e-07
1.6164169495329479e-06
1.0629117779647321e-06
1.1592851675838191e-06
1.5255347656317390e-06
5.5512129392764744e-07
1.7057234569952247e-06
6.2281175981670417e-07
1.5251601523612453e-06
1.1564577691969014e-06
1.1374748159245643e-06
1.5305699121727483e-06
5.3236022384062705e-07
1.6753759126228608e-06
7.0080084042603735e-07
1.5503636823096380e-06
1.2042955041940619e-06
1.0688145899880706e-06
1.5620570636389092e-06
5.3976239841981661e-07
1.7253454841922022e-06
7.5987961395893550e-07
1.4868341812470275e-06
1.3202002494321821e-06
8.9196270562283552e-07
1.7044006989056780e-06
5.3519016289282860e-07
1.7499488448494029e-06
8.9712823048607661e-07
1.3891786210818092e-06
1.4597158003536664e-06
7.2828511408223121e-07
1.7517757153708418e-06
5.4067888797778003e-07
1.6684914850464300e-06
1.0672867513920660e-06
1.2442324377521556e-06
1.5431443196499960e-06
6.5433176920532848e-07
1.7300597911657695e-06
6.2146204804532195e-07
1.6290826616783678e-06
1.1517513731561569e-06
1.2346565054646428e-06
1.5397996896830604e-06
5.5867675989176128e-07
1.7764613945564824e-06
6.7035282874282773e-07
1.6571643030960739e-06
1.1836529504498088e-06
1.1518872259383108e-06
1.6381467241344253e-06
5.6022708115232292e-07
1.8155758211546956e-06
7.5040221254843671e-07
1.5690437874372126e-06
1.3648889179038443e-06
9.4706722157847999e-07
1.7627775912594674e-06
5.5240562915637666e-07
1.8093631238205788e-06
9.1493869399091175e-07
1.4437311965847392e-06
1.4913714070227720e-06
8.1087791442884407e-07
1.7949394659190872e-06
5.4562501635911002e-07
1.7281047154041678e-06
1.0538502816506153e-06
1.3663111488528878e-06
1.5452530867538910e-06
7.5438520838072771e-07
1.7458135197963843e-06
6.0979076806172460e-07
1.7302525061305003e-06
1.1317522279707423e-06
1.3275902264059114e-06
1.5893003471663203e-06
6.0677995608996092e-07
1.8752264319825655e-06
6.4253309403139249e-07
1.7522797997655370e-06
1.2132450122081222e-06
1.2219058117269729e-06
1.7176161379798738e-06
5.7706971527023050e-07
1.9035780663782543e-06
7.6542762184925476e-07
1.6453954583447941e-06
1.3986492186232914e-06
1.0047725938733798e-06
1.8074714710843431e-06
5.6740623198672997e-07
1.8571338153830291e-06
9.2511610223264438e-07
1.5009646560102559e-06
1.5153680129834348e-06
9.1649625064590580e-07
1.8281632508884554e-06
5.7671395753264983e-07
1.7923935063858673e-06
1.0270847242616154e-06
1.4860353935573274e-06
1.5353839522898324e-06
8.4628422969040461e-07
1.8268127130386256e-06
5.8848429855486827e-07
1.8360453953023953e-06
1.0968885385477565e-06
1.4225478468572368e-06
1.6617341186834105e-06
6.6292425426352670e-07
1.9630732468754387e-06
6.3388245087927171e-07
1.8361697971812487e-06
1.2612888214094406e-06
1.2787453908716715e-06
1.7871020645914072e-06
5.9077480136026608e-07
1.9805719687594418e-06
7.7805814570393543e-07
1.7120545068062704e-06
1.4188344565945309e-06
1.1101634672951919e-06
1.8375043247355192e-06
5.8819466015477965e-07
1.8978282611373015e-06
9.2644430044462645e-07
1.5921273509434656e-06
1.5233874377242398e-06
1.0313790884733933e-06
1.8546176684049899e-06
6.0653477331788741e-07
1.8997415652721670e-06
9.9634359730121949e-07
1.5997070893758625e-06
1.5355033839569226e-06
9.2735631664021624e-07
1.9197801649181344e-06
6.0371581881195449e-07
1.9420076346610243e-06
1.0870053982891144e-06
1.5091506653207610e-06
1.7242316859788112e-06
7.2114374324904615e-07
2.0364995149745593e-06
6.5384403618582491e-07
1.9073231225142483e-06
1.3039462412129448e-06
1.3285193506090912e-06
1.8418737785783573e-06
6.0789837937094355e-07
2.0423980233332912e-06
7.8301889940206739e-07
1.7720002948510658e-06
1.4281209020910253e-06
1.2415028155394969e-06
1.8569787492503332e-06
6.2187710100991788e-07
1.9379053915012253e-06
9.1443646308769682e-07
1.7332463456249454e-06
1.5192291243488825e-06
1.1517546637990628e-06
1.8851732816737437e-06
6.3409952813329850e-07
2.0125233838886223e-06
9.7113257408569677e-07
1.7043887870923357e-06
1.5765815735000447e-06
9.9673127481541265e-07
2.0149558943556163e-06
6.2927910241618631e-07
2.0445924371509178e-06
1.1134082112936541e-06
1.5934183080375608e-06
1.7734043241470592e-06
7.8204897617438924e-07
2.0976877852335362e-06
6.7305559265991714e-07
1.9640102578519826e-06
1.3324118390451378e-06
1.3773290322960475e-06
1.8827165440204777e-06
6.4788297614865253e-07
2.0878827728067190e-06
7.8246203967967646e-07
1.8614491032317539e-06
1.4328437173416858e-06
1.3698790533612411e-06
1.8768803196535823e-06
6.5329627711163312e-07
2.0467677654470076e-06
8.8696747165178189e-07
1.8755739661207186e-06
1.5043052022231823e-06
1.2645636546006256e-06
1.9434150287123181e-06
6.5870262857825430e-07
2.1179000398445045e-06
9.5070056803349539e-07
1.8008492459423830e-06
1.6438781931549592e-06
1.0552340313075041e-06
2.1021172548385913e-06
6.5268101304297704e-07
2.1353032088049870e-06
1.1358991438174075e-06
1.6695474990359306e-06
1.8148431963268753e-06
8.5070965915189445e-07
2.1507342661209029e-06
6.8423294745744621e-07
2.0194810905120904e-06
1.3420454387669772e-06
1.4958344576038736e-06
1.9062889509777606e-06
7.6735107030875358e-07
2.1178311043166243e-06
7.7804002073900365e-07
1.9928399186494536e-06
1.4279364998776012e-06
1.4907626471932788e-06
1.8871798842356503e-06
6.8407745395921398e-07
2.1773198203783482e-06
8.4701877731646944e-07
2.0092786132979178e-06
1.4868534380807923e-06
1.3667744370600090e-06
2.0248127671469936e-06
6.8268493413700199e-07
2.2166022195492447e-06
9.5483931033679579e-07
1.8882205490058152e-06
1.7026267401413597e-06
1.1065902413007348e-06
2.1750085500601510e-06
6.7362656372989804e-07
2.2101977540329014e-06
1.1512755448797450e-06
1.7409373072092813e-06
1.8489702906978472e-06
9.6516230622129746e-07
2.1945836964205725e-06
6.8452405069785051e-07
2.0879868667516657e-06
1.3297704025430063e-06
1.6473496229307443e-06
1.9126612365830038e-06
8.8100730506575246e-07
2.1569856564976301e-06
7.6510493212017384e-07
2.1211303531327315e-06
1.4079055624711345e-06
1.6052830265674457e-06
1.9658803367821891e-06
7.1480236556892135e-07
2.3012216935634310e-06
8.1429565846657201e-07
2.1289143875473873e-06
1.5116077486670368e-06
1.4546366434537795e-06
2.1149793317237466e-06
7.0423051975287298e-07
2.3196518011018485e-06
9.7736630626525188e-07
1.9756038578246163e-06
1.7480793460815687e-06
1.1747599995635950e-06
2.2307954339793765e-06
6.9213167506641864e-07
2.2693777224165823e-06
1.1634463274744536e-06
1.8169885770762777e-06
1.8753319546085717e-06
1.0933392536894680e-06
2.2370073441727091e-06
7.0319993849228166e-07
2.1797921504028184e-06
1.2975442375228293e-06
1.7967936492945026e-06
1.9019455367576070e-06
9.9256147837381073e-07
2.2574779610352569e-06
7.3916949204127161e-07
2.2416057007194857e-06
1.3711103053558706e-06
1.7065149236181519e-06
2.0601875622015496e-06
7.5751495147763020e-07
2.4117647743714259e-06
8.0073744536922040e-07
2.2307814180823672e-06
1.5757720150735848e-06
1.5274647799325623e-06
2.2023269652907368e-06
7.2178142131621324e-07
2.4102242878241371e-06
9.8953450023015051e-07
2.0577127626521727e-06
1.7764392490906832e-06
1.3212657309180602e-06
2.2684385901523234e-06
7.1940512588810082e-07
2.3218652078182731e-06
1.1649492265320260e-06
1.9309814874709877e-06
1.8887444425359221e-06
1.2262432647802110e-06
2.2767918421390428e-06
7.4118236787918418e-07
2.3243755472245163e-06
1.2466464752887270e-06
1.9379665514372759e-06
1.8895371445598851e-06
1.0926635661187455e-06
2.3691533895581447e-06
7.3809669576042812e-07
2.3697883700128145e-06
1.3783691981061350e-06
1.8099137305425763e-06
2.1432420453566725e-06
8.2552497192982155e-07
2.5065882979595774e-06
8.2571321497004951e-07
2.3163491982605271e-06
1.6298248395892885e-06
1.5868615401074597e-06
2.2726700673097835e-06
7.3906949513729317e-07
2.4866980773507381e-06
9.9207426388607663e-07
2.1324394295886221e-06
1.7853742043825979e-06
1.4878760929695883e-06
2.2885379864506411e-06
7.6127529653510606e-07
2.3732702266060783e-06
1.1518903992192989e-06
2.0893466722102433e-06
1.8830853756321716e-06
1.3600426413828249e-06
2.3216944028781902e-06
7.7669246446858847e-07
2.4649161701195628e-06
1.2070896686694015e-06
2.0667081116498728e-06
1.9646114297928089e-06
1.1784083199379840e-06
2.4811018939243703e-06
7.6538605261599288e-07
2.4862541913687827e-06
1.4113247557087551e-06
1.9079302395110676e-06
2.2091757006762426e-06
8.9426270109284632e-07
2.5839898661591668e-06
8.4976472731249465e-07
2.3879257495294157e-06
1.6671003864729904e-06
1.6546933747148072e-06
2.3210530708519575e-06
7.6844953799937885e-07
2.5473776488695900e-06
9.8691732812049911e-07
2.2670404573596538e-06
1.7786501339508600e-06
1.6481931893070354e-06
2.2987598375136876e-06
8.0111108949029638e-07
2.5007784475792368e-06
1.1199527050204371e-06
2.2620366293575511e-06
1.8706587741022433e-06
1.4955317539435308e-06
2.4129433869537509e-06
8.0850044739803296e-07
2.5958296107315331e-06
1.1853106551856954e-06
2.1806864221191460e-06
2.0462689314862391e-06
1.2502126730197526e-06
2.5904647050891974e-06
7.9397861320703705e-07
2.5969808866205374e-06
1.4358376678008275e-06
2.0027622743611929e-06
2.2567109923436565e-06
9.9022942868309828e-07
2.6399773117106027e-06
8.6299711554740251e-07
2.4444902235532060e-06
1.6820062498678978e-06
1.8073638910895664e-06
2.3514652195737776e-06
8.9436000067567460e-07
2.5908320752375206e-06
9.7465767846516314e-07
2.4307833481128911e-06
1.7689190594493075e-06
1.7965316931376449e-06
2.3151353891333865e-06
8.3760950715969886e-07
2.6657926576498512e-06
1.0762308755800482e-06
2.4270067997416040e-06
1.8597955807135730e-06
1.6183698977445911e-06
2.5134639879223283e-06
8.3587658229326619e-07
2.7160124602560015e-06
1.2084544571182240e-06
2.2808187259812833e-06
2.1207172741429331e-06
1.3108160143908480e-06
2.6827079473538869e-06
8.2010350171936135e-07
2.6921092372950643e-06
1.4541782547799565e-06
2.0949999937289101e-06
2.2926898059924196e-06
1.1465411450257284e-06
2.6887193720407683e-06
8.6523662165741155e-07
2.5207507578211947e-06
1.6728826767977820e-06
1.9852954172674897e-06
2.3592519923101855e-06
1.0322128163514839e-06
2.6629335012754659e-06
9.5612254719684346e-07
2.5922532630485097e-06
1.7430456569165908e-06
1.9339486828912870e-06
2.4286432851281448e-06
8.7400467327718955e-07
2.8218111010266195e-06
1.0290380864507601e-06
2.5767495085249405e-06
1.8952569158561121e-06
1.7254550790078438e-06
2.6079257414741950e-06
8.5909730788309245e-07
2.8241926125624996e-06
1.2410690819181393e-06
2.3728756493122179e-06
2.1792517860850220e-06
1.3887669605024840e-06
2.7530930237391626e-06
8.4431701704388267e-07
2.7684652204060366e-06
1.4619886432721275e-06
2.1911178171151205e-06
2.3175628009300195e-06
1.3046160955140825e-06
2.7352598823026316e-06
8.5738917647398350e-07
2.6612319819286754e-06
1.6372531105534858e-06
2.1638254780370372e-06
2.3511766535314284e-06
1.1584781742131800e-06
2.7965802039052083e-06
9.2665803915699152e-07
2.7432991537744124e-06
1.7044712713724859e-06
2.0584701481110655e-06
2.5485541283116697e-06
9.0742598430230903e-07
2.9612435314419947e-06
1.0128762941060016e-06
2.7060059105540693e-06
1.9651011437710300e-06
1.8160934365084976e-06
2.7079337723601009e-06
8.8034834272350355e-07
2.9339554472658532e-06
1.2609564420455806e-06
2.4704897785610732e-06
2.2167843522095404e-06
1.5663533936292728e-06
2.8000962010872382e-06
8.8405705332999905e-07
2.8350188292688529e-06
1.4604630140702327e-06
2.3476191369661348e-06
2.3330046534265181e-06
1.4601113453627526e-06
2.7896712518664712e-06
9.0295650883977755e-07
2.8437153223114111e-06
1.5745612551546003e-06
2.3397867151176256e-06
2.3650425896081439e-06
1.2792479419860956e-06
2.9239418087084170e-06
9.0062809423723641e-07
2.8851135218262501e-06
1.7444222108731172e-06
2.1659837478877559e-06
2.6557773043491443e-06
9.3820026486064368e-07
3.0780830098773329e-06
1.0424746666608426e-06
2.8119895577596251e-06
2.0339151023470324e-06
1.8919717257421288e-06
2.7948220431041651e-06
8.9984600095115876e-07
3.0264374429554629e-06
1.2634434258314407e-06
2.5642332024185303e-06
2.2302980821158263e-06
1.7735279735223608e-06
2.8250157504764982e-06
9.3065839509671104e-07
2.9076414472745937e-06
1.4475201319243111e-06
2.5307097752762371e-06
2.3313292060873387e-06
1.6134240629626196e-06
2.8532690348259723e-06
9.4723757937579915e-07
3.0188490009986786e-06
1.5079344250642424e-06
2.5003277300660860e-06
2.4525727464840959e-06
1.3835250163777471e-06
3.0588675923868097e-06
9.3433927809098168e-07
3.0282630167442594e-06
1.7944781987698810e-06
2.2827134909380286e-06
2.7420734377136579e-06
1.0189495701159132e-06
3.1753629452000047e-06
1.0734195412170175e-06
2.8960621233473996e-06
2.0830462561233601e-06
2.0002846248330034e-06
2.8589482471844940e-06
9.4147792876383026e-07
3.0999171186563771e-06
1.2481924408432802e-06
2.7507529830638741e-06
2.2188649377911582e-06
1.9745906940178250e-06
2.8368344866893815e-06
9.8051327659605439e-07
3.0535573126752632e-06
1.4117201510960909e-06
2.7297881418192826e-06
2.3214764981933821e-06
1.7631408329369730e-06
2.9864935958170457e-06
9.8803183097150884e-07
3.1806141029747568e-06
1.4789538008008068e-06
2.6416214745531096e-06
2.5471726889527155e-06
1.4718342339965605e-06
3.1842800063249649e-06
9.6842782769366170e-07
3.1522802469985616e-06
1.8251856024940980e-06
2.3932089043926073e-06
2.8057728617443285e-06
1.1569528170192674e-06
3.2474721959213104e-06
1.0918005774442651e-06
2.9668886009625526e-06
2.1052736930980400e-06
2.1907595349676308e-06
2.8946445747155191e-06
1.0482222914419804e-06
3.1586601509157197e-06
1.2256227622703758e-06
2.9628180650487781e-06
2.1904181985243176e-06
2.1607186842367130e-06
2.8597391133407963e-06
1.0271764534339768e-06
3.2548832839677046e-06
1.3600493704581011e-06
2.9276499124950293e-06
2.3229574025644969e-06
1.9108628165892855e-06
3.1157935512606658e-06
1.0239010173765566e-06
3.3247708270858680e-06
1.5275057524888099e-06
2.7623995074034359e-06
2.6401759900085005e-06
1.5523714187173344e-06
3.3009474071506123e-06
9.9951208329436282e-07
3.2698745766209352e-06
1.8330071122056827e-06
2.5090377670318666e-06
2.8443765991133137e-06
1.3578811805583091e-06
3.2935260735233358e-06
1.0922556807013061e-06
3.0449326815096162e-06
2.0955467893966315e-06
2.3957805942710947e-06
2.9115787521131448e-06
1.2006074813779104e-06
3.2817578047102125e-06
1.1967755763452831e-06
3.1641883791828240e-06
2.1588883813848480e-06
2.3257808585318762e-06
2.9968283171065897e-06
1.0679182968347277e-06
3.4508901062040707e-06
1.2999762000818860e-06
3.1092944356925213e-06
2.3872487634495909e-06
2.0409066824056772e-06
3.2291975997544059e-06
1.0542008011174911e-06
3.4556191135027104e-06
1.5704179967969533e-06
2.8644582018727071e-06
2.7153585866409140e-06
1.6455930024496525e-06
3.3922036040635845e-06
1.0304581295058826e-06
3.3714124778034221e-06
1.8374325372193576e-06
2.6404754455231243e-06
2.8679307810270278e-06
1.5541969561473590e-06
3.3447411293915587e-06
1.0777825704774261e-06
3.2420707020010076e-06
2.0562609297801543e-06
2.6114993748067290e-06
2.9037048385455110e-06
1.3512240324282393e-06
3.4549464113241291e-06
1.1575914894896446e-06
3.3529866844804510e-06
2.1310010505992616e-06
2.4730519434965027e-06
3.1509215320063065e-06
1.1071095514989729e-06
3.6278342296260609e-06
1.2875540472569034e-06
3.2699198368943891e-06
2.4546731875829757e-06
2.1524194175318757e-06
3.3360660188767912e-06
1.0790088377239173e-06
3.5656491971047884e-06
1.5988698446708263e-06
2.9588686967642407e-06
2.7638737742552782e-06
1.8568897860990046e-06
3.4542145228096304e-06
1.0829583535459153e-06
3.4605061889749207e-06
1.8323171104726834e-06
2.8507900237109819e-06
2.8761800552491965e-06
1.7399485928714611e-06
3.4062951568323121e-06
1.1020260551544670e-06
3.4719000615722718e-06
1.9854654709931285e-06
2.8150451326394103e-06
2.9549057347548818e-06
1.4945689596068470e-06
3.6165202254530216e-06
1.1083050863936444e-06
3.5262507479448443e-06
2.1953713502493799e-06
2.6025150127233059e-06
3.2875208765079557e-06
1.1430360119507837e-06
3.7773941362895162e-06
1.3151894807748241e-06
3.4045081792192535e-06
2.5294468633731419e-06
2.2483469812217716e-06
3.4383174687064327e-06
1.1017655375568198e-06
3.6763714598275541e-06
1.6059631557470797e-06
3.0913499980549274e-06
2.7820814345700885e-06
2.1039086534206233e-06
3.4872813131642608e-06
1.1375859560853341e-06
3.5599442860192962e-06
1.8106117327416952e-06
3.0754444217942415e-06
2.8824626387542288e-06
1.9141421865764482e-06
3.5161664382799409e-06
1.1562746415514052e-06
3.6924506705908984e-06
1.8898031325379962e-06
3.0128029676349474e-06
3.0597562205321645e-06
1.6192201738937001e-06
3.7676564717501583e-06
1.1428897403208531e-06
3.6789688575949054e-06
2.2668871098357411e-06
2.7215122291515286e-06
3.3981430458371425e-06
1.1782533899144460e-06
3.8939485274356990e-06
1.3523174550025583e-06
3.5125852137497085e-06
2.5930729707834337e-06
2.4173813999657873e-06
3.5132239037311454e-06
1.1553896609807985e-06
3.7700111756537713e-06
1.5871898027768746e-06
3.3389633496067412e-06
2.7690154253803974e-06
2.3522053725426950e-06
3.5062480704957083e-06
1.1995795227158726e-06
3.7325477956992017e-06
1.7715973826323429e-06
3.3016716008730495e-06
2.8782656848222793e-06
2.0821751551267360e-06
3.6924571921426195e-06
1.2061522425487153e-06
3.8950749060283837e-06
1.8798795493775713e-06
3.1882914096304785e-06
3.1714125438140555e-06
1.7339471409532783e-06
3.9225554493434888e-06
1.1825463777231007e-06
3.8294628291852369e-06
2.3145646712053726e-06
2.8581737807599865e-06
3.4818915870431556e-06
1.3457892146716134e-06
3.9826985973371664e-06
1.3771583041925410e-06
3.5980089948502613e-06
2.6260294222997702e-06
2.6508813844607102e-06
3.5595778266612579e-06
1.2270260320168655e-06
3.8463992275376829e-06
1.5478321209748473e-06
3.6065716577935029e-06
2.7266418944454165e-06
2.5840476458309602e-06
3.5325435692190038e-06
1.2565030874554668e-06
3.9683374528794503e-06
1.7113092062460061e-06
3.5302491070209857e-06
2.9008452330511183e-06
2.2479465576360835e-06
3.8553383296051692e-06
1.2503854034632381e-06
4.0735974447382187e-06
1.9318324144846684e-06
3.3386586301865615e-06
3.2809532217309090e-06
1.8364012994822731e-06
4.0507833348728998e-06
1.2213645458989142e-06
3.9693052070216690e-06
2.3306428506285200e-06
2.9961237004286618e-06
3.5332926607025081e-06
1.5949941030505840e-06
4.0434389955697603e-06
1.3809789470739781e-06
3.7208432827211686e-06
2.6212950131812310e-06
2.8937864930885575e-06
3.5792723599422327e-06
1.4007226087148512e-06
4.0387875136370502e-06
1.4999647340838779e-06
3.8596963998886009e-06
2.6680846059361665e-06
2.7909856676546940e-06
3.6939313843346871e-06
1.3076869718841978e-06
4.2088740572896038e-06
1.6419698068619435e-06
3.7510754320983369e-06
2.9994428687927971e-06
2.4070867260005232e-06
3.9981321751971971e-06
1.2885694052071175e-06
4.2242562203408989e-06
1.9846368802307474e-06
3.4650993874422660e-06
3.3768730215355799e-06
1.9567209505043465e-06
4.1659231933694673e-06
1.2594439522527679e-06
4.0984799237199500e-06
2.3165175361203615e-06
3.1836457107027886e-06
3.5480331827515110e-06
1.8391487970637127e-06
4.0827158006517694e-06
1.3585687082925391e-06
3.9630362480355112e-06
2.5752172796046909e-06
3.1452212468601227e-06
3.5804678118676943e-06
1.5700842096043055e-06
4.2572294403651480e-06
1.4466914458907712e-06
4.0894733789300305e-06
2.6641911488592623e-06
2.9676981805605827e-06
3.8881181112640721e-06
1.3506924444777630e-06
4.4295811430966005e-06
1.6408435626818389e-06
3.9472006378240925e-06
3.0817271644181039e-06
2.5459796577644524e-06
4.1230865965407836e-06
1.3217578666198793e-06
4.3526094090761756e-06
2.0235249016299767e-06
3.5722801983597853e-06
3.4420527034137948e-06
2.1899500579220887e-06
4.2484078134649823e-06
1.3274456647037381e-06
4.2170664888272863e-06
2.2965633568239291e-06
3.4625644288281185e-06
3.5485046360115881e-06
2.0692925478974339e-06
4.1627826734673508e-06
1.3439516157492096e-06
4.2351778022438687e-06
2.4896785766960166e-06
3.3939445100334571e-06
3.6856941662928472e-06
1.7393237803821994e-06
4.4625465408630782e-06
1.3831411824391210e-06
4.3008835448786055e-06
2.7576423403776623e-06
3.1210415813691893e-06
4.0634355461594276e-06
1.3927624106697875e-06
4.6196225453264030e-06
1.6705455932889732e-06
4.1142800377657187e-06
3.1518454039403142e-06
2.6664531477239830e-06
4.2247511475637984e-06
1.3495588819759965e-06
4.4627081158972726e-06
2.0355890750434641e-06
3.7278057217373905e-06
3.4687081476918569e-06
2.4940413320385838e-06
4.2963272458402053e-06
1.3957730157464496e-06
4.3522207179832046e-06
2.2620572513171193e-06
3.7344716204290141e-06
3.5516714263416560e-06
2.2789283065869289e-06
4.3396921744397515e-06
1.4094559312031369e-06
4.5021207524341310e-06
2.3748316146189539e-06
3.6231515174130129e-06
3.8268506141560569e-06
1.8907382925411149e-06
4.6500938484954434e-06
1.4079595479670876e-06
4.4852683352461479e-06
2.8535220737174790e-06
3.2542206794048287e-06
4.2065022087063474e-06
1.4347036209478064e-06
4.7711895846080651e-06
1.6990945048733153e-06
4.2515520806058597e-06
3.2229570144163307e-06
2.9073954132156056e-06
4.3172409532229066e-06
1.4197950658551536e-06
4.5806417875388780e-06
2.0153334482894987e-06
4.0384833750964380e-06
3.4552736604977394e-06
2.7950441129135431e-06
4.3254174073859466e-06
1.4658703434785314e-06
4.5849580809647414e-06
2.2129281503522673e-06
4.0042364951177457e-06
3.5574177124983098e-06
2.4644659061474122e-06
4.5639737369250018e-06
1.4703570754495415e-06
4.7569957954084525e-06
2.3882191906910152e-06
3.8369178183325203e-06
3.9511220472368586e-06
2.0241709654676554e-06
4.8209540069130612e-06
1.4478577670656289e-06
4.6463407726793899e-06
2.9205995934879564e-06
3.3986965150457422e-06
4.3087460507995939e-06
1.5722937537828485e-06
4.8804213041985929e-06
1.7299912965648004e-06
4.3625313919943203e-06
3.2607582140664849e-06
3.2060906401935513e-06
4.3749043292362106e-06
1.4961850353894977e-06
4.6875709704871839e-06
1.9597219112205899e-06
4.3746224907191577e-06
3.4066445359922275e-06
3.0781287748272630e-06
4.3712858747270755e-06
1.5355115071202138e-06
4.8497426544742811e-06
2.1491943318877981e-06
4.2621532738828801e-06
3.6274200077704625e-06
2.6448484292758887e-06
4.7696842546204534e-06
1.5268818366251918e-06
4.9816709698453839e-06
2.4477990984835110e-06
4.0213141996342628e-06
4.0831341895172315e-06
2.1559644005708932e-06
4.9800180647793974e-06
1.4938380812661458e-06
4.8154428500250475e-06
2.9486323560401168e-06
3.5752152857998197e-06
4.3753187662430374e-06
1.8680859235200747e-06
4.9531550210403938e-06
1.7378415166106991e-06
4.5535412017572834e-06
3.2621811264027602e-06
3.5015147813640742e-06
4.3962751045263624e-06
1.6340012791824615e-06
4.9594894948620719e-06
1.8926540434931908e-06
4.6942126415788381e-06
3.3358048015853907e-06
3.3327105266900250e-06
4.5541679587580754e-06
1.5964703909737159e-06
5.1342746833029861e-06
2.0772046663177843e-06
4.5183713165018174e-06
3.7551585255348173e-06
2.8235563703253711e-06
4.9473101896579359e-06
1.5763421942017719e-06
5.1705193231837695e-06
2.5067738382048181e-06
4.1791375369278324e-06
4.1880797941495614e-06
2.3183046486604454e-06
5.1063439811047110e-06
1.5373869275130944e-06
4.9642121432500538e-06
2.9394847382676860e-06
3.8462682293503173e-06
4.3993623942833236e-06
2.1629862950393242e-06
4.9994122210759993e-06
1.7152477627929930e-06
4.8482737268135154e-06
3.2164999026499126e-06
3.7908945410224675e-06
4.4097614671601339e-06
1.8235353136547258e-06
5.2420321254460123e-06
1.8104140845816483e-06
4.9844611237871723e-06
3.3299373921839804e-06
3.5548530073818462e-06
4.7896508607262157e-06
1.6502887476993678e-06
5.4017932277086225e-06
2.0814308918374348e-06
4.7565132682699862e-06
3.8639877635397391e-06
2.9932284954687388e-06
5.0950386836251012e-06
1.6184689766888224e-06
5.3218823975432135e-06
2.5546899345312726e-06
4.3219395838719723e-06
4.2716086791814833e-06
2.5950461482936966e-06
5.2109684894692852e-06
1.6202046726507034e-06
5.1202954876951906e-06
2.8821957843706388e-06
4.1967897874439856e-06
4.3804499521738802e-06
2.4449215213637093e-06
5.0786333603449074e-06
1.6654098592326161e-06
5.1725115315993677e-06
3.1227123433926847e-06
4.0797277946159843e-06
4.5838655019856503e-06
2.0054523460083833e-06
5.5005832779023676e-06
1.7341675632810515e-06
5.2361755274667683e-06
3.4599493037842550e-06
3.7420389142485769e-06
5.0059119707734476e-06
1.6947535340288166e-06
5.6350657576725702e-06
2.1247003482626549e-06
4.9612897413914175e-06
3.9473571252789558e-06
3.1479439778443150e-06
5.2114726213065214e-06
1.6540347614881652e-06
5.4391154168965981e-06
2.5751335409725122e-06
4.5108565409278303e-06
4.3127761772442012e-06
2.9544341069299590e-06
5.2868762324787933e-06
1.7076598599205418e-06
5.3142458501534264e-06
2.8280017922700430e-06
4.5359034373963002e-06
4.3757492003341054e-06
2.7014525692804679e-06
5.3414052042796759e-06
1.7181267617526717e-06
5.4953438482167341e-06
2.9849422154615982e-06
4.3555755330987805e-06
4.7705665330604368e-06
2.1906673432369090e-06
5.7364533428079208e-06
1.7757460906012501e-06
5.4585464131518434e-06
3.5871533754119495e-06
3.8956036846270803e-06
5.1914212939116599e-06
1.7463633648607614e-06
5.8261459104648321e-06
2.1525762607449560e-06
5.1320095998086310e-06
4.0085216015054378e-06
3.4984358828065195e-06
5.2939151457008779e-06
1.7409315019085775e-06
5.5519237260967549e-06
2.5546125037773617e-06
4.8833925536987464e-06
4.3043647469790139e-06
3.3190148408462659e-06
5.3342371480038737e-06
1.7901907035113515e-06
5.6268268141930339e-06
2.7600606407785114e-06
4.8538016444975104e-06
4.3968167478157375e-06
2.9276620993304515e-06
5.6283902327624867e-06
1.7940407409266253e-06
5.7932886093041786e-06
3.0313159528413993e-06
4.6146838981554702e-06
4.9291437578946567e-06
2.3489382588703087e-06
5.9373277336563154e-06
1.8317055967187773e-06
5.6446362816396936e-06
3.6783795861518540e-06
4.0464072049899505e-06
5.3276951065595801e-06
1.8347218612801608e-06
5.9694870228291723e-06
2.1740291859053200e-06
5.2760086071798848e-06
4.0542630422373122e-06
3.8736315842257375e-06
5.3646719867568768e-06
1.8351459199822847e-06
5.7331918434740265e-06
2.4892433179998213e-06
5.2907641898888017e-06
4.2481990757996529e-06
3.6622848140693761e-06
5.4077967555216837e-06
1.8734057964806596e-06
5.9516210248522565e-06
2.6892843492153083e-06
5.1552427171595684e-06
4.5266418465980040e-06
3.1222976706112736e-06
5.8916526194610875e-06
1.8626161785795421e-06
6.0729911953059090e-06
3.0967896658708352e-06
4.8380759904205059e-06
5.0714735449913329e-06
2.5145650308627535e-06
6.1075510391883324e-06
1.8686630322024025e-06
5.8265694409235449e-06
3.7205148542293631e-06
4.2564489893608040e-06
5.4073133025876766e-06
2.1885084406731667e-06
6.0655119834206151e-06
2.1797832655446892e-06
5.5676521909316656e-06
4.0520264781641677e-06
4.2313599550180684e-06
5.4001023824005438e-06
1.9307137875167796e-06
6.0845473810616917e-06
2.3854815821172770e-06
5.6880331974091428e-06
4.1704816645032575e-06
3.9719151783826851e-06
5.6178930062291142e-06
1.9491119329103103e-06
6.2657533604476904e-06
2.6134319766010433e-06
5.4378692522750230e-06
4.6962716323245566e-06
3.3138204370611920e-06
6.1181275024939811e-06
1.9228024386821099e-06
6.3098495078164189e-06
3.1654655598167826e-06
5.0443671292257292e-06
5.2035500205437062e-06
2.7280417167350184e-06
6.2584807686976926e-06
1.8784272272709812e-06
6.0138191351295405e-06
3.7169836193113902e-06
4.6299589752477221e-06
5.4377182054089563e-06
2.5414124015949135e-06
6.1229668906274520e-06
2.1537460555467950e-06
5.9348436133834747e-06
3.9973659851288089e-06
4.5777119003863366e-06
5.4560525076614293e-06
2.1130790895947467e-06
6.4457936720746364e-06
2.2926745579411976e-06
6.0519782198222349e-06
4.1593254585585962e-06
4.2457550108974095e-06
5.8981874729056832e-06
2.0123671205934289e-06
6.5840017755607131e-06
2.6307505132772964e-06
5.7193737990027395e-06
4.8361700073578923e-06
3.5050962876256188e-06
6.2975559782384582e-06
1.9755137136275198e-06
6.5010027876254908e-06
3.2187315578369306e-06
5.2271801227544863e-06
5.2865266382814610e-06
3.0926532044291155e-06
6.3877191601775956e-06
1.9805648706693898e-06
6.2140483046711246e-06
3.6523152429529326e-06
5.0666453160424647e-06
5.4209104249642273e-06
2.8805615258737485e-06
6.2743265670834680e-06
2.0901395831105092e-06
6.3135897140280077e-06
3.8958844632653088e-06
4.9026814325220400e-06
5.6913123945065900e-06
2.3204944146441032e-06
6.7747268790813265e-06
2.1950572107184491e-06
6.3697131095529357e-06
4.3257226491865076e-06
4.4770886977695200e-06
6.1643767740341537e-06
2.0665775120833256e-06
6.8705225552365512e-06
2.6910167290901482e-06
5.9737583716541561e-06
4.9411718328298379e-06
3.7388338692689199e-06
6.4251178123339024e-06
2.0236595014371691e-06
6.6485139986490467e-06
3.2433288867305552e-06
5.4578189315237347e-06
5.3414665928170611e-06
3.4957909319551731e-06
6.4912376777062671e-06
2.0838969046087650e-06
6.5013238623565690e-06
3.5384075823816684e-06
5.4897350465980574e-06
5.3812962060708463e-06
3.1897694956894818e-06
6.5908889132998029e-06
2.0931715416179306e-06
6.6986049528312119e-06
3.7448199497484518e-06
5.2271322427267553e-06
5.9325813825894699e-06
2.5134879465330004e-06
7.0578977791729196e-06
2.2381419028030562e-06
6.6357147743162112e-06
4.4945201378409339e-06
4.6659375430372923e-06
6.3875369705633458e-06
2.1195687466516219e-06
7.1087158852751630e-06
2.7259329016428352e-06
6.1904734448731115e-06
5.0062032214927040e-06
4.1858995845999206e-06
6.5153245454002456e-06
2.1337042511870180e-06
6.7611163113302521e-06
3.2264815590283071e-06
5.8925165522366710e-06
5.3411013080271250e-06
3.9269959867448099e-06
6.5669074739300744e-06
2.1871902443081796e-06
6.9059877402672199e-06
3.4406383154459195e-06
5.8852213172088471e-06
5.4235448416558773e-06
3.4610183034280968e-06
6.9313393425175437e-06
2.1810376783549928e-06
7.0636576493578534e-06
3.8332956288079339e-06
5.5412356399168875e-06
6.1388502939038441e-06
2.7123267116188324e-06
7.3081812539029179e-06
2.3141096796408898e-06
6.8600119599378377e-06
4.6201517215131630e-06
4.8211343711723633e-06
6.5625378864023236e-06
2.1824995360470136e-06
7.2921111381507867e-06
2.7404665344717514e-06
6.3730495782290757e-06
5.0267232838438154e-06
4.6589648776977563e-06
6.5731794073954936e-06
2.2516408085897522e-06
6.9982132537472108e-06
3.1537018903329105e-06
6.3963605169009260e-06
5.2906766092005971e-06
4.3451604389323031e-06
6.6864021589808900e-06
2.2823950044526053e-06
7.2911813605208311e-06
3.3481802035365478e-06
6.2429108427298122e-06
5.6440216341094629e-06
3.6937008392634332e-06
7.2539079620399156e-06
2.2678446187570310e-06
7.3924361195258423e-06
3.9271333994509381e-06
5.8158320904603264e-06
6.3127401258423170e-06
2.9271763954641941e-06
7.5028781343886029e-06
2.3669200685915675e-06
7.0568334735755798e-06
4.6845563947510446e-06
5.0638777667867385e-06
6.6736208226758979e-06
2.5550087423526730e-06
7.4201833056899791e-06
2.7354862078027161e-06
6.7973503734848423e-06
5.0251148379081115e-06
5.1077733025832385e-06
6.6255031049042413e-06
2.3656140775456091e-06
7.4407545086996845e-06
3.0240879008921782e-06
6.8819299679680503e-06
5.2151807234606607e-06
4.7237528603710624e-06
6.9609973159796296e-06
2.3736167221139013e-06
7.6733471801921091e-06
3.2812186853935708e-06
6.5618225485247670e-06
5.8664598804144971e-06
3.8921890565862229e-06
7.5434758346306830e-06
2.3457099858972620e-06
7.6832681750090591e-06
3.9916761800182059e-06
6.0614307740297124e-06
6.4460338538791690e-06
3.2288823636368589e-06
7.6639911137509261e-06
2.3859841011696882e-06
7.2632515091086817e-06
4.6748178592744118e-06
5.5833811157568256e-06
6.7146010296071976e-06
2.9772750645033159e-06
7.4999909236001588e-06
2.7017359902477641e-06
7.2626116047564511e-06
4.9649295244700529e-06
5.5189447677713989e-06
6.7308541276255994e-06
2.4734688434608031e-06
7.8994597520730634e-06
2.8941686096966568e-06
7.3294787750890067e-06
5.2063904330702277e-06
5.0520415764145677e-06
7.2708366511084947e-06
2.4539892837418369e-06
8.0205576592829155e-06
3.3450340798606094e-06
6.8774696466078097e-06
6.0487910742205166e-06
4.0955730247933037e-06
7.7748913854942533e-06
2.4138773206450679e-06
7.9198358344090468e-06
4.0574101029084690e-06
6.2977978469316957e-06
6.5513385250511991e-06
3.6964943614774567e-06
7.8246478852796407e-06
2.4145125743555099e-06
7.5257513227213293e-06
4.6048009458667992e-06
6.1085679678455555e-06
6.6961007668576706e-06
3.3885012024740735e-06
7.7532115068064624e-06
2.6232555640037978e-06
7.7209467671309487e-06
4.8454731259730522e-06
5.9056876597213513e-06
7.0587504395693649e-06
2.6619660614986666e-06
8.3203848166938724e-06
2.7819951032887208e-06
7.7249767151898083e-06
5.3907829510248619e-06
5.3292138468523686e-06
7.5917861598408828e-06
2.5197331265837102e-06
8.3662941353232695e-06
3.4098317704994079e-06
7.1687281922390533e-06
6.1767412106352712e-06
4.4365561192100826e-06
7.9391631405775493e-06
2.4741865404393867e-06
8.1087998705635987e-06
4.0753924952458331e-06
6.6071424949260721e-06
6.6045873735735837e-06
4.1554263064301873e-06
7.9414033683643083e-06
2.5462124633172345e-06
7.9474590045417323e-06
4.4561588668647337e-06
6.6247337898699680e-06
6.6404493779679874e-06
3.7617565366449080e-06
8.1293135327146017e-06
2.5589735758123058e-06
8.1592497439727516e-06
4.7346682149508248e-06
6.2779015859790038e-06
7.3708540008948768e-06
2.8764766498800691e-06
8.6832134631885262e-06
2.8187980473537936e-06
8.0633312020211028e-06
5.6061455624748250e-06
5.5653721730544395e-06
7.8656619322193014e-06
2.5798333113518796e-06
8.6577385065562117e-06
3.4482041663490665e-06
7.4391649863202815e-06
6.2475971956254095e-06
4.9888897854196348e-06
8.0350883254411638e-06
2.6139517007513644e-06
8.2671908164071958e-06
4.0529871411609073e-06
7.1162616873868759e-06
6.6095078275213332e-06
4.6365381494452020e-06
8.0561348923217393e-06
2.6726363948829193e-06
8.4600205607727451e-06
4.2837050467971343e-06
7.1111683980816740e-06
6.7219023615144780e-06
4.0863046302893035e-06
8.5451576063092633e-06
2.6578645195225238e-06
8.5947311146476533e-06
4.8353831565590991e-06
6.6266143226837770e-06
7.6326703029100156e-06
3.1109129880080365e-06
8.9744201085965726e-06
2.9162847951183969e-06
8.3363069156833514e-06
5.7738050382107312e-06
5.7615489661822660e-06
8.0718425403425860e-06
2.6534113924978619e-06
8.8853787678821800e-06
3.4625252903328212e-06
7.7123307973942443e-06
6.2620514038682703e-06
5.5758777479346290e-06
8.0681064144389194e-06
2.7590668865119187e-06
8.5394254897502827e-06
3.9741053079434436e-06
7.7289744900906448e-06
6.5791425203283120e-06
5.1268232161199696e-06
8.2658905721134042e-06
2.7925130593265070e-06
8.9440939543915075e-06
4.1609796210377202e-06
7.5511214401852735e-06
7.0154701639926416e-06
4.3605366238564015e-06
8.9357243366808451e-06
2.7581673377061715e-06
8.9952137569191623e-06
4.9573891144902164e-06
6.9667668585315231e-06
7.8510331749356853e-06
3.3773437324224467e-06
9.2148792266613628e-06
2.9844784268802547e-06
8.5500823800921527e-06
5.8700988204918944e-06
6.1278672269915407e-06
8.2143989213561226e-06
2.9946723226413061e-06
9.0493974957041199e-06
3.4349089004851420e-06
8.2922941353004390e-06
6.2185338110303202e-06
6.1348836416619967e-06
8.1038546564392343e-06
2.8968437868897498e-06
9.0887465089195572e-06
3.8264953757045472e-06
8.3221959792791097e-06
6.4963296819406499e-06
5.5885010310465258e-06
8.6290564332109721e-06
2.8989671785582623e-06
9.3841748282398692e-06
4.1260406171607273e-06
7.9365439460731389e-06
7.3025884931482484e-06
4.5961755668571573e-06
9.2746645938995067e-06
2.8493465378979347e-06
9.3509015289639118e-06
5.0464377198009973e-06
7.2630194675061227e-06
8.0025609050737022e-06
3.8106373559465353e-06
9.3894302873943037e-06
3.0176865245348354e-06
8.7649170178359605e-06
5.8763980093336023e-06
6.7250991293621285e-06
8.2798497584482805e-06
3.4862790990942647e-06
9.1642145470132736e-06
3.3805652432402665e-06
8.8796846321986242e-06
6.1486657341049386e-06
6.6460170657783919e-06
8.2978233491881314e-06
3.0251445045486767e-06
9.6555841239873944e-06
3.6443948546863169e-06
8.8698732026585185e-06
6.5063996176540618e-06
5.9937637726393925e-06
9.0040897012126990e-06
2.9900523192895136e-06
9.7974043747712654e-06
4.2534633230759154e-06
8.2670198143096175e-06
7.5440845063400700e-06
4.8161543893906289e-06
9.5669763720869770e-06
2.9382508614800020e-06
9.6404831986301346e-06
5.0958008113905051e-06
7.5782154258497783e-06
8.0983772635603822e-06
4.3909707200914275e-06
9.5584903941142162e-06
2.9990499897185778e-06
9.0937952250365427e-06
5.7822143881203435e-06
7.3663754230501280e-06
8.2681230701392028e-06
3.9598198144942004e-06
9.5645549111840182e-06
3.2867967947179608e-06
9.4298853610208868e-06
6.0191968677579180e-06
7.1096378839075128e-06
8.7291812909250674e-06
3.1446755994865546e-06
1.0183682903722738e-05
3.5270265195546025e-06
9.3527815507535661e-06
6.7289092196250931e-06
6.3357761098885147e-06
9.3460793564340013e-06
3.0720578126190249e-06
1.0175481947625929e-05
4.3455451806904235e-06
8.6079496568364865e-06
7.7156853397946295e-06
5.2349544262982195e-06
9.7793518223145515e-06
3.0315967284054691e-06
9.8965718192510273e-06
5.1220851648051417e-06
7.9837391404460039e-06
8.1625200310268439e-06
4.9574183045706000e-06
9.7061299876528622e-06
3.1106301229713652e-06
9.6874654939060763e-06
5.6062600014958693e-06
7.9896975082891904e-06
8.1917908550281516e-06
4.4170756040407207e-06
1.0042301639932146e-05
3.1475111815915392e-06
9.9593366483596837e-06
5.9673321756992909e-06
7.5250269579689144e-06
9.1360494006004810e-06
3.2751440983283420e-06
1.0644677800878558e-05
3.5601664450861919e-06
9.7732153709252034e-06
6.9807007622480180e-06
6.6157227102134663e-06
9.6785217995146578e-06
3.1386153315911406e-06
1.0523780971109941e-05
4.3855239404164054e-06
8.9185013879824848e-06
7.8031643924358938e-06
5.9405439052575620e-06
9.9070699205421042e-06
3.1930617362206611e-06
1.0105486698514587e-05
5.0750654782000457e-06
8.6270071632615633e-06
8.1743358344653989e-06
5.5060581580127095e-06
9.8898415836792776e-06
3.2675023271600864e-06
1.0330644407858256e-05
5.3602966594364193e-06
8.5818803067048672e-06
8.4056613159982650e-06
4.8121885289840839e-06
1.0516394073520173e-05
3.2399759359989682e-06
1.0454687456516465e-05
6.1275337324086724e-06
7.9318114477002139e-06
9.4782569992955983e-06
3.5297987394526686e-06
1.1018172737523563e-05
3.6774635568194412e-06
1.0114720470595156e-05
7.1899915938070607e-06
6.8517170364307929e-06
9.9336227825816998e-06
3.2235189620687817e-06
1.0813475285247575e-05
4.3666786816663347e-06
9.3536889247613801e-06
7.7994345342506171e-06
6.6615282996338203e-06
9.9562103264407994e-06
3.3773531561250271e-06
1.0435963997071583e-05
4.9848206129870178e-06
9.3159165036707377e-06
8.1488561519859412e-06
6.0626365695530229e-06
1.0225186965493400e-05
3.4118787402485600e-06
1.0938228273043040e-05
5.1737327001910929e-06
9.1151409577318030e-06
8.7441355331842711e-06
5.1431768448443669e-06
1.0991454041677135e-05
3.3536466171621479e-06
1.0922819275844120e-05
6.2756475424284432e-06
8.3109883393631957e-06
9.7345921427494086e-06
3.8796313271029746e-06
1.1305585011841996e-05
3.7685549016708891e-06
1.0381176244257093e-05
7.3188684286601637e-06
7.4153030114805269e-06
1.0098310831319890e-05
3.5120165627223698e-06
1.1031408688912278e-05
4.3268578232326495e-06
1.0076949733278415e-05
7.7218070491886859e-06
7.3473717807409699e-06
9.9451540350377348e-06
3.5448135365054664e-06
1.1097010650881260e-05
4.8150542861658747e-06
1.0039808839334753e-05
8.0823353833517514e-06
6.5976799690104795e-06
1.0696907647196172e-05
3.5419829203834671e-06
1.1489949719090625e-05
5.2069162100266208e-06
9.5808756489672453e-06
9.0848340249873579e-06
5.4258697523019244e-06
1.1408408360075369e-05
3.4680035834749272e-06
1.1364649109025221e-05
6.3640683668209100e-06
8.6926293122451161e-06
9.9263051233999446e-06
4.4838140848496096e-06
1.1507182538441156e-05
3.8050646640043363e-06
1.0598379123482067e-05
7.3442055939176562e-06
8.1311594948005817e-06
1.0185975777307420e-05
4.0753676869983688e-06
1.1219143931768224e-05
4.2311412882269039e-06
1.0820972448961972e-05
7.6017370041626502e-06
7.9784044687084976e-06
1.0225157590190034e-05
3.6972681835345990e-06
1.1795748309252680e-05
4.6005687832387494e-06
1.0712822625235141e-05
8.1689651245693935e-06
7.0717482112858025e-06
1.1131520969423169e-05
3.6597682353204264e-06
1.1968406846901552e-05
5.3836643502514954e-06
9.9785659490019385e-06
9.3714137082950207e-06
5.6986352226785725e-06
1.1754492405829664e-05
3.5724209534052951e-06
1.1725520706938718e-05
6.4241992272900598e-06
9.0994394171069936e-06
1.0020380051274215e-05
5.1951703076491523e-06
1.1671844383668623e-05
3.7844558640489089e-06
1.1024731386739861e-05
7.2508617132920237e-06
8.8714626084585070e-06
1.0190507528766014e-05
4.6335360705055164e-06
1.1801961736440526e-05
4.1057040800934310e-06
1.1514432159639880e-05
7.4573420395553320e-06
8.5531646237490632e-06
1.0757771639402290e-05
3.8377628373470926e-06
1.2446692734069859e-05
4.4632474622910527e-06
1.1309242657087769e-05
8.4395068332483966e-06
7.4912262817494695e-06
1.1543004554431350e-05
3.7583858447077983e-06
1.2384422253263664e-05
5.5164681111734483e-06
1.0316791385436733e-05
9.5993085533033341e-06
6.1986911888106718e-06
1.2018064954599112e-05
3.7137353357659313e-06
1.2034371886058539e-05
6.4137958654887270e-06
9.6847891654098161e-06
1.0065552041317718e-05
5.8856512367960729e-06
1.1843165667359735e-05
3.7865979735030715e-06
1.1817498009982769e-05
7.0378999187225283e-06
9.6224467543673975e-06
1.0136068618646044e-05
5.1418556501202462e-06
1.2394899062511597e-05
3.9370705621394001e-06
1.2137112185692596e-05
7.4855049029204478e-06
9.0430614710844580e-06
1.1280520600451898e-05
3.9686176131222555e-06
1.3018153339448587e-05
4.5041049178779960e-06
1.1812662505976477e-05
8.6961049073960817e-06
7.8483922853724649e-06
1.1893490615357647e-05
3.8390953415033241e-06
1.2788431666905864e-05
5.5815068325872226e-06
1.0680910373606242e-05
9.7234452365148268e-06
7.0577937533586305e-06
1.2181570490195819e-05
3.8982914004881050e-06
1.2313940446259300e-05
6.3583890683626247e-06
1.0482987668650294e-05
1.0092275799435604e-05
6.5494835394487676e-06
1.2096870298132039e-05
3.9832809000484547e-06
1.2598572006868877e-05
6.7219638390690010e-06
1.0348135675943362e-05
1.0485632701532751e-05
5.6255394836614149e-06
1.2970879198636411e-05
3.9543882481231293e-06
1.2716728195941761e-05
7.7470189474122974e-06
9.4735530950778152e-06
1.1726271614756825e-05
4.0963891426037296e-06
1.3496660555877657e-05
4.6307619247193090e-06
1.2228800920122860e-05
8.9491449150478387e-06
8.1492417057774778e-06
1.2208302473437285e-05
3.9548802360951107e-06
1.3119249035625549e-05
5.5604512258896488e-06
1.1312830847963057e-05
9.7331550839028305e-06
7.9446706556884856e-06
1.2258765908908990e-05
4.1193919165821740e-06
1.2746221725176112e-05
6.2417732988493339e-06
1.1273831995413042e-05
1.0052177972867571e-05
7.1678404773146952e-06
1.2622948915688731e-05
4.1661045715593208e-06
1.3346148821234364e-05
6.4480891224388218e-06
1.0997668213203423e-05
1.0881361638030482e-05
6.0317604124360140e-06
1.3499930269225241e-05
4.0894193958644373e-06
1.3272276761371261e-05
7.9552099998946295e-06
9.9001230231766882e-06
1.2066183303275200e-05
4.4338119848047212e-06
1.3863428002844281e-05
4.7438984246887214e-06
1.2567074266879810e-05
9.1121139288495835e-06
8.9683466803625903e-06
1.2413017895751678e-05
4.1771341828925202e-06
1.3401610599167989e-05
5.4512624488990924e-06
1.2213936688328514e-05
9.6274820725360845e-06
8.7882277626045339e-06
1.2285386688467916e-05
4.3307287410310462e-06
1.3539762025905384e-05
6.0486242296891321e-06
1.2093946045888923e-05
1.0043438779105326e-05
7.7708666439168020e-06
1.3231155606281762e-05
4.3292197147625941e-06
1.4027291559438589e-05
6.5961204745451578e-06
1.1559017043556883e-05
1.1297136408485387e-05
6.3723410618824175e-06
1.4004437547569643e-05
4.2227794123370724e-06
1.3767226167393945e-05
8.0673935590286086e-06
1.0371951715696424e-05
1.2284934971891892e-05
5.2700216577524376e-06
1.4110848768613392e-05
4.7951955592981632e-06
1.2834589513253191e-05
9.1554703134450608e-06
9.8182630359478099e-06
1.2502009611693453e-05
4.7569182618208260e-06
1.3758053884447991e-05
5.3162353254723515e-06
1.3141818586012080e-05
9.4179371957692613e-06
9.5552750606765392e-06
1.2585544798390676e-05
4.5158380605878134e-06
1.4399242431939704e-05
5.8129364226967270e-06
1.2892615832407741e-05
1.0248807163178251e-05
8.3381481973805085e-06
1.3774829654159925e-05
4.4693532810570191e-06
1.4619567251346979e-05
6.8031392529164920e-06
1.2033281905845621e-05
1.1652505363523608e-05
6.7292835290431961e-06
1.4433103048593107e-05
4.3463977988076233e-06
1.4220999721806751e-05
8.1044349498188093e-06
1.0882847527799069e-05
1.2402180987601383e-05
6.1406815147284975e-06
1.4259613527152539e-05
4.7628734959729171e-06
1.3482723743496166e-05
9.0609955358328864e-06
1.0688452050487385e-05
1.2520631977381345e-05
5.3969232878102118e-06
1.4534102022012910e-05
5.1261841386514674e-06
1.4009008224039751e-05
9.2035965130473142e-06
1.0248855301285760e-05
1.3242053474788460e-05
4.6805614372090752e-06
1.5200879067939142e-05
5.6277164510991172e-06
1.3626288757536890e-05
1.0576013716190095e-05
8.8309864427716372e-06
1.4236803704841961e-05
4.5880720103361027e-06
1.5109815393327279e-05
6.9628608831980934e-06
1.2438515645939700e-05
1.1906986893638450e-05
7.3081218048660229e-06
1.4761033933406445e-05
4.5371367236831554e-06
1.4602481370388615e-05
8.0531177657399841e-06
1.1705880509055307e-05
1.2424539664107976e-05
6.9799107660059057e-06
1.4429258773248611e-05
4.6631581262934076e-06
1.4400587671145157e-05
8.8233442520114289e-06
1.1588806667179521e-05
1.2599589681048985e-05
5.9889109134919479e-06
1.5292172114711123e-05
4.9141370026800720e-06
1.4786055864886412e-05
9.3773585384940400e-06
1.0849754646339492e-05
1.3893892223400592e-05
4.8366004837806499e-06
1.5907472666276967e-05
5.7272598562477498e-06
1.4254795067901370e-05
1.0888097298666872e-05
9.2547004307771449e-06
1.4638867906297464e-05
4.6945277243225238e-06
1.5520427086891040e-05
7.0638326205271478e-06
1.2815747813556750e-05
1.2071327613904218e-05
8.3411341540180440e-06
1.4963900457238081e-05
4.7675196107582472e-06
1.5014463972725608e-05
7.9476997604570921e-06
1.2699176128411479e-05
1.2416977296061715e-05
7.7691963882138353e-06
1.4774079448950482e-05
4.8456563576073887e-06
1.5360173247004879e-05
8.4500484272573286e-06
1.2436847244474979e-05
1.3066163879585544e-05
6.5255140389905296e-06
1.5970943609142952e-05
4.8371452030187249e-06
1.5484229432907629e-05
9.7459683086879002e-06
1.1342780557140777e-05
1.4458433295490095e-05
4.9747756495836365e-06
1.6490858173587138e-05
5.8544889396931036e-06
1.4768773467449651e-05
1.1127278172952306e-05
9.7807163549403794e-06
1.4977378366977456e-05
4.8445620326004232e-06
1.5922004854164543e-05
7.0568856926049936e-06
1.3637031436743440e-05
1.2097279254728848e-05
9.4299504059629163e-06
1.5101637481125220e-05
5.0144378678135955e-06
1.5618397873991951e-05
7.8003761695835076e-06
1.3656903532839751e-05
1.2382593785866496e-05
8.5026940978600468e-06
1.5536708450930419e-05
5.0654429759464174e-06
1.6272054946725256e-05
8.1742051685806196e-06
1.3236603638769061e-05
1.3560749329242297e-05
7.0175054778686912e-06
1.6608318866007238e-05
5.0022469539920684e-06
1.6103888698788928e-05
1.0041563719675090e-05
1.1782696147818797e-05
1.4897075338735928e-05
5.1108493984962098e-06
1.6955819292006748e-05
5.9649396847202870e-06
1.5172814634534642e-05
1.1323749889594368e-05
1.0804816775937056e-05
1.5222747012631973e-05
5.1191941957566006e-06
1.6243956628886437e-05
6.9254188206018964e-06
1.4793144568817709e-05
1.1983589617908948e-05
1.0469027273861993e-05
1.5148277214833943e-05
5.2770283556894400e-06
1.6544313423999498e-05
7.5680336907456967e-06
1.4594454157396638e-05
1.2440195391603236e-05
9.1551345881200266e-06
1.6308393085785307e-05
5.2720654213945654e-06
1.7106490958807339e-05
8.3559167260158588e-06
1.3926308290515105e-05
1.4017881358324745e-05
7.4680886939627835e-06
1.7185462589729935e-05
5.1602259639589832e-06
1.6669884250646977e-05
1.0213270282205558e-05
1.2314646835555256e-05
1.5191088338949048e-05
6.1540390352379096e-06
1.7275676784871509e-05
6.0286539339339979e-06
1.5504333929036304e-05
1.1378548070182381e-05
1.1867185884742911e-05
1.5350641480985545e-05
5.5737065601486989e-06
1.6854108355816441e-05
6.7002096730954628e-06
1.5939208656483352e-05
1.1740711468920336e-05
1.1417484948773876e-05
1.5506676046236421e-05
5.5137548266807475e-06
1.7533013712992808e-05
7.2963607882748831e-06
1.5533796615683370e-05
1.2831975280421304e-05
9.7757717498322653e-06
1.7001901580464997e-05
5.4533235906556587e-06
1.7826541249660483e-05
8.5953757099768710e-06
1.4502885808688352e-05
1.4450246905038643e-05
7.9288445233318506e-06
1.7681987467629460e-05
5.3124938112616875e-06
1.7191032261927574e-05
1.0234290115415777e-05
1.2997171455408833e-05
1.5336540829401534e-05
7.2304063579173531e-06
1.7458813107319984e-05
5.9953194786186641e-06
1.6471421995275558e-05
1.1278114898329869e-05
1.2881412584767868e-05
1.5369698381900272e-05
6.2647506896394318e-06
1.7832660379132699e-05
6.4458544555331759e-06
1.7008797776940860e-05
1.1456993193194959e-05
1.2241547515832617e-05
1.6297624658887987e-05
5.7141600530595457e-06
1.8520307468039621e-05
7.0904552552135541e-06
1.6394941178903665e-05
1.3256222523440798e-05
1.0365155211348461e-05
1.7580379665015973e-05
5.6069500020369065e-06
1.8421362647506407e-05
8.7985046969941251e-06
1.4996181202978244e-05
1.4764997042205565e-05
8.6413203057494827e-06
1.8097873921097611e-05
5.5272411781125464e-06
1.7698891590370573e-05
1.0134650550346613e-05
1.4129124717679726e-05
1.5324128851908846e-05
8.2589274349921949e-06
1.7580744219830203e-05
5.8539096287885747e-06
1.7578846281138784e-05
1.1013209884752928e-05
1.3944167086322723e-05
1.5607042076600286e-05
6.9343697923604868e-06
1.8802728106604824e-05
6.1306222409426219e-06
1.7983166539688938e-05
1.1735487046092623e-05
1.2954525058013281e-05
1.7100613108562711e-05
5.8803289847526730e-06
1.9396371463693232e-05
7.2694409284295529e-06
1.7140739112713702e-05
1.3599807088971803e-05
1.0883639925364178e-05
1.8024458459419932e-05
5.7337325261524205e-06
1.8889555066534129e-05
8.9003796492737387e-06
1.5468750955171746e-05
1.4962368272433270e-05
9.8418157467063421e-06
1.8364316382037792e-05
5.8274436831143601e-06
1.8244783450903971e-05
9.9288974918740578e-06
1.5349449269819055e-05
1.5259993577614644e-05
9.2074292758500201e-06
1.8128442715531501e-05
5.8988687903919950e-06
1.8705467049473540e-05
1.0588485685571321e-05
1.4946383580534385e-05
1.6269518361526645e-05
7.5451925073169921e-06
1.9668912236128693e-05
6.0393173403294337e-06
1.8839534625177357e-05
1.2195804833122976e-05
1.3556702846890726e-05
1.7801011395854022e-05
6.0435822010780000e-06
2.0123954227254410e-05
7.4158368949837665e-06
1.7776555518589290e-05
1.3874115351688106e-05
1.1697328020836671e-05
1.8379755268493086e-05
5.9351452290065999e-06
1.9268965385250224e-05
8.9039353332021619e-06
1.6437916176648678e-05
1.5001505752418368e-05
1.1137600636737928e-05
1.8533960127678046e-05
6.1162151100146816e-06
1.9130590972078157e-05
9.7079766537917318e-06
1.6530676146576573e-05
1.5234997179149446e-05
1.0049777881226321e-05
1.9124563369952511e-05
6.1683738297122250e-06
1.9811770110086480e-05
1.0335190424558773e-05
1.5862659234861041e-05
1.6875522351708539e-05
8.1223900437330239e-06
2.0413056297685951e-05
6.2265193680599110e-06
1.9543733446188199e-05
1.2598615265283309e-05
1.4044262417139113e-05
1.8351816586285249e-05
6.2095286304607507e-06
2.0676352286894077e-05
7.5131853112090953e-06
1.8300783804449541e-05
1.4042976328937182e-05
1.2967507314007780e-05
1.8656335988817906e-05
6.2689595349534385e-06
1.9667978886471688e-05
8.7608984507928986e-06
1.7884386300779068e-05
1.4870703223680166e-05
1.2401087634400137e-05
1.8658107492242788e-05
6.4230952811005044e-06
2.0259155102354409e-05
9.4428187588854875e-06
1.7656466638707257e-05
1.5351557575222852e-05
1.0805253413046751e-05
2.0070948413302374e-05
6.4140718410512548e-06
2.0840251462674953e-05
1.0578487242201968e-05
1.6710671562546002e-05
1.7428800456629195e-05
8.7014788793364794e-06
2.1074967016416373e-05
6.3988552344748923e-06
2.0165323911773201e-05
1.2852254219245244e-05
1.4609515143717783e-05
1.8746073858987190e-05
7.2019850595590239e-06
2.1075694436530253e-05
7.5631185516124841e-06
1.8845414795089803e-05
1.4114619874091360e-05
1.4282384260777006e-05
1.8785953280997262e-05
6.5999642993451521e-06
2.0590944840998688e-05
8.4556490103238543e-06
1.9303640298038424e-05
1.4630240908657434e-05
1.3562634862462182e-05
1.9099728921644094e-05
6.7139520090604446e-06
2.1379021626798615e-05
9.1164026298579942e-06
1.8682556115201877e-05
1.5997353447801547e-05
1.1470538061894209e-05
2.0928581642874869e-05
6.6310531620992706e-06
2.1723941672404663e-05
1.0842871573850415e-05
1.7425251811446874e-05
1.7892090550521475e-05
9.2798690223411996e-06
2.1651066431473681e-05
6.4888912116088280e-06
2.0757010518636317e-05
1.2912059509701235e-05
1.5516110770708648e-05
1.8940008507995396e-05
8.4642498671697242e-06
2.1325952754323034e-05
7.5266942106289188e-06
2.0132071697728436e-05
1.4004986932406966e-05
1.5539537867358238e-05
1.8810585844996749e-05
7.3040953037553633e-06
2.1822130974282451e-05
8.1083684026911074e-06
2.0626312902866224e-05
1.4312424602707913e-05
1.4583238812026921e-05
2.0069750254040436e-05
6.9642183619795658e-06
2.2525161992296352e-05
8.9493316874919172e-06
1.9691999182448082e-05
1.6561232841392949e-05
1.2110260328622072e-05
2.1652219293481657e-05
6.8229789205196576e-06
2.2442462062616175e-05
1.1076344390950371e-05
1.8031666132691681e-05
1.8269424387213665e-05
1.0272282970812519e-05
2.2113968521229759e-05
6.7355059369571604e-06
2.1396710796243526e-05
1.2771317694705543e-05
1.7039752849401103e-05
1.8934547464844290e-05
9.7071118081071863e-06
2.1443925478652103e-05
7.3550888033961889e-06
2.1426875068948734e-05
1.3696374202517724e-05
1.6735735528569371e-05
1.9299495403978182e-05
7.9967352866061032e-06
2.3043962298778588e-05
7.7144097791855961e-06
2.1802400071039013e-05
1.4637540830113841e-05
1.5435114045544398e-05
2.1039358397677350e-05
7.1670624212213817e-06
2.3571071671943183e-05
9.1991858910175053e-06
2.0592863742034299e-05
1.6996558136188316e-05
1.2755038236513620e-05
2.2202232857226894e-05
6.9925624503548167e-06
2.3001849721985813e-05
1.1211787107820990e-05
1.8674804608924170e-05
1.8521352754437522e-05
1.1668157452521743e-05
2.2463442041376239e-05
7.1153673385173597e-06
2.2097062473371855e-05
1.2433711907479359e-05
1.8541505166856094e-05
1.8772957017962567e-05
1.0867636528217328e-05
2.2345971822310657e-05
7.1871255511575458e-06
2.2776352680130068e-05
1.3197920397688856e-05
1.7929541601493390e-05
2.0194488107244551e-05
8.6841220390868798e-06
2.4134907756692798e-05
7.5848448783592048e-06
2.2850228183713105e-05
1.5229272000614228e-05
1.6139959591547830e-05
2.1883887692037675e-05
7.3298579824504430e-06
2.4474948027701037e-05
9.3718848472877352e-06
2.1355308816469295e-05
1.7281616678047053e-05
1.3907321793456957e-05
2.2574261147949021e-05
7.2500457741366301e-06
2.3432546538095280e-05
1.1197089582547240e-05
1.9809527855070773e-05
1.8582239775289724e-05
1.3156749308336523e-05
2.2690665396850196e-05
7.4795484548292282e-06
2.3357181093206179e-05
1.2099995329263652e-05
1.9969554920463287e-05
1.8693821581645207e-05
1.1894580645020253e-05
2.3507960616694660e-05
7.4852644975353354e-06
2.4099639397754778e-05
1.2999196548235377e-05
1.8998867813654443e-05
2.0985930118412452e-05
9.3727523056853661e-06
2.5072228961888108e-05
7.8358112699276575e-06
2.3718220296164996e-05
1.5746409511430515e-05
1.6725113410422221e-05
2.2574548231814114e-05
7.5195987173596217e-06
2.5181282723025474e-05
9.4805599508445800e-06
2.1988435400704599e-05
1.7428362196740468e-05
1.5538838979512283e-05
2.2826714157170024e-05
7.6729649566103444e-06
2.3841536730244309e-05
1.1033557977613320e-05
2.1544662472961866e-05
1.8435131052999913e-05
1.4662408536517207e-05
2.2967692677384115e-05
7.8161740841770488e-06
2.4769688488421896e-05
1.1727732777193529e-05
2.1317710947419804e-05
1.9062922101597313e-05
1.2766113162510476e-05
2.4680903991282043e-05
7.7886296660007218e-06
2.5316631923188815e-05
1.3372433948259423e-05
1.9976678515888525e-05
2.1622627145915184e-05
1.0038441974519399e-05
2.5837639546018747e-05
8.0683841385818731e-06
2.4396012497166017e-05
1.6088670070535630e-05
1.7302984521623163e-05
2.3043300971905811e-05
8.4031109624123854e-06
2.5674030583583932e-05
9.4829251504281254e-06
2.2920850842083757e-05
1.7476571281641710e-05
1.7157633403150949e-05
2.2988090143147271e-05
8.0703663639736524e-06
2.5080089183144174e-05
1.0673058676643982e-05
2.3295903236774183e-05
1.8194792713296330e-05
1.6052743330832367e-05
2.3625667464446050e-05
8.1568802870754850e-06
2.6120193178503109e-05
1.1367466376631104e-05
2.2543341483178879e-05
1.9876518101674895e-05
1.3495738160326272e-05
2.5739872793103106e-05
8.0619377786869898e-06
2.6409753816296036e-05
1.3681604502125109e-05
2.0845412727308613e-05
2.2159393167436822e-05
1.0818660398238448e-05
2.6480705344524030e-05
8.2051368477525159e-06
2.5039279394891085e-05
1.6198410070705270e-05
1.8617015823942025e-05
2.3309228921115100e-05
9.9305959137204381e-06
2.5971115247679881e-05
9.4211243264468919e-06
2.4528647725745699e-05
1.7320106032786708e-05
1.8700161004108385e-05
2.2995373935264767e-05
8.4626352780450972e-06
2.6678236361440305e-05
1.0180493739188099e-05
2.4935286856128031e-05
1.7887193831924879e-05
1.7285703351483051e-05
2.4695638842384625e-05
8.4571482670840779e-06
2.7398548066288138e-05
1.1319807212372456e-05
2.3616384237298458e-05
2.0604589088333128e-05
1.4132083336804493e-05
2.6627874583918126e-05
8.3012671116302394e-06
2.7302256161894672e-05
1.3908487474243502e-05
2.1652909736074357e-05
2.2591446217750664e-05
1.2182505306184586e-05
2.6974749136051030e-05
8.2086627917052541e-06
2.5762552473892198e-05
1.6066942845291863e-05
2.0482479991993049e-05
2.3331903140638058e-05
1.1385171333800536e-05
2.6253878361960163e-05
9.2156044233044693e-06
2.6150634311724380e-05
1.6985065669408422e-05
2.0152778576211670e-05
2.3823436526043654e-05
9.2526785042101839e-06
2.8195775798817586e-05
9.7444502228149284e-06
2.6396780875074803e-05
1.8212736994961533e-05
1.8329182503924479e-05
2.5838839353105156e-05
8.7108945233311954e-06
2.8657513235616451e-05
1.1613243270984224e-05
2.4649993326777095e-05
2.1172647065505235e-05
1.4861083015921019e-05
2.7301554142636751e-05
8.5085585952591294e-06
2.7985594383706659e-05
1.4068856058961479e-05
2.2491640465498041e-05
2.2843997978354488e-05
1.3878068873371197e-05
2.7387076205050158e-05
8.6494469881055169e-06
2.6735030853400720e-05
1.5656956225015989e-05
2.2340804947724987e-05
2.3134808887607949e-05
1.2733644149902277e-05
2.7501136127673705e-05
8.8611921453691045e-06
2.7689886163954034e-05
1.6434391833365889e-05
2.1436452778464193e-05
2.4957171864952813e-05
9.9481088597358859e-06
2.9553624691985484e-05
9.5275579465003353e-06
2.7631187294985433e-05
1.8996322099517667e-05
1.9186241798274825e-05
2.6884162887431650e-05
8.9120938195679173e-06
2.9722024715892166e-05
1.1828612164324829e-05
2.5570441970347613e-05
2.1531708570950565e-05
1.6496453225905688e-05
2.7737822856413140e-05
8.8289390566069775e-06
2.8515702555894561e-05
1.4050453779899578e-05
2.3841520584979503e-05
2.2950769972537073e-05
1.5588808746356929e-05
2.7744651090463174e-05
9.1085669448321623e-06
2.8480264295078588e-05
1.5062476035925913e-05
2.4100286007774199e-05
2.2906363421686151e-05
1.3975128383580891e-05
2.8905495139183552e-05
9.1124879751368201e-06
2.9291497233311459e-05
1.6331129503459439e-05
2.2701231937856076e-05
2.5988679168583372e-05
1.0720402750085011e-05
3.0736702063317636e-05
9.8424580984729125e-06
2.8677003383934070e-05
1.9650454494467252e-05
1.9876294741198832e-05
2.7707635551696216e-05
9.1077698569988909e-06
3.0565066895919708e-05
1.1935526407611674e-05
2.6357858778765272e-05
2.1666038123809362e-05
1.8569818495155101e-05
2.7957804614497466e-05
9.3583567295881408e-06
2.9046818023299420e-05
1.3864076250603838e-05
2.5899147778449824e-05
2.2803314711722772e-05
1.7287624418435156e-05
2.8154335193690372e-05
9.5362038723660867e-06
3.0217554041696553e-05
1.4536199003112098e-05
2.5703342746927832e-05
2.3672794451202909e-05
1.5034810916653592e-05
3.0300479364898621e-05
9.4403220668418316e-06
3.0721545140737225e-05
1.6853285830204824e-05
2.3840999718078752e-05
2.6815833094038796e-05
1.1474268614086692e-05
3.1678428940853293e-05
1.0143731105604733e-05
2.9508174202976181e-05
2.0091836223180054e-05
2.0516612218335348e-05
2.8288189224664269e-05
9.8418095928304917e-06
3.1186120083191935e-05
1.1924829328442662e-05
2.7790358985845682e-05
2.1618789444292552e-05
2.0571075263583550e-05
2.8038881192511254e-05
9.8547000986228064e-06
3.0533697547279250e-05
1.3436015566290744e-05
2.8017415749373594e-05
2.2520933389532895e-05
1.8952231942194561e-05
2.9197105940227455e-05
9.9182501680339856e-06
3.1886429566271388e-05
1.4148511795128668e-05
2.7114985833521927e-05
2.4694183887678587e-05
1.5905751989439032e-05
3.1592113449591245e-05
9.7694576210114541e-06
3.1986990505372223e-05
1.7232750034704216e-05
2.4878380339282229e-05
2.7439339021944892e-05
1.2558416522960102e-05
3.2344507279381133e-05
1.0329587170792711e-05
3.0137681740278779e-05
2.0260524532961576e-05
2.2398721816421960e-05
2.8597537248846601e-05
1.1566928382429805e-05
3.1599994583620865e-05
1.1782340090875485e-05
2.9794884406214570e-05
2.1419527677236487e-05
2.2433176092652284e-05
2.8063475283973089e-05
1.0316929489960803e-05
3.2540000422638382e-05
1.2798054339815334e-05
3.0019258648847486e-05
2.2271209738603761e-05
2.0431922312112153e-05
3.0463778088817548e-05
1.0258505485310763e-05
3.3409233281931239e-05
1.4303042189771677e-05
2.8385666472919594e-05
2.5595231076772413e-05
1.6627395420420228e-05
3.2704132988761351e-05
1.0062115801820416e-05
3.3090230175662361e-05
1.7495100359031575e-05
2.5920928297243659e-05
2.7893406440341122e-05
1.4439647880822140e-05
3.2882288104588805e-05
1.0356793616571213e-05
3.0951288547226235e-05
2.0140342272760007e-05
2.4627534203509864e-05
2.8635725139492763e-05
1.3310460089126333e-05
3.2237108369013941e-05
1.1512691631483578e-05
3.1805483490502007e-05
2.0973062452586604e-05
2.4167818030924409e-05
2.9306970183673765e-05
1.0763675279753590e-05
3.4439157930546943e-05
1.2255175523469572e-05
3.1819112614977180e-05
2.2699864538773732e-05
2.1698998004680275e-05
3.1727315412460943e-05
1.0554773925578830e-05
3.4737915994661208e-05
1.4715928557325005e-05
2.9468284996027859e-05
2.6301501749038179e-05
1.7410658201303686e-05
3.3531938852681790e-05
1.0327833380753632e-05
3.3950910871168353e-05
1.7625645693103865e-05
2.6977484661539268e-05
2.8153640711618180e-05
1.6443807248555610e-05
3.3333935934008410e-05
1.0507846396015293e-05
3.2444645623654944e-05
1.9665588716176190e-05
2.6827516211376802e-05
2.8432477529727700e-05
1.4901300477582530e-05
3.3882677584055886e-05
1.1061758671402205e-05
3.3716187611416468e-05
2.0339662537605608e-05
2.5715601711447730e-05
3.0763531595665291e-05
1.1371091933350660e-05
3.6127336291065566e-05
1.2019687258835485e-05
3.3355310715286950e-05
2.3619265790544297e-05
2.2736388281965561e-05
3.2956346975723531e-05
1.0802926529259220e-05
3.6017118862479976e-05
1.4981102179758464e-05
3.0535468720535466e-05
2.6757308454837533e-05
1.9521924772702122e-05
3.4062826432674106e-05
1.0760237182934053e-05
3.4620731118673439e-05
1.7577252931534635e-05
2.8828672978356990e-05
2.8219740307061918e-05
1.8482135289689726e-05
3.3813858330051887e-05
1.1060366623050360e-05
3.4678056071102231e-05
1.8846913737946755e-05
2.8963137827240910e-05
2.8349605808773154e-05
1.6330456923014752e-05
3.5500279530452986e-05
1.1055655400122928e-05
3.5490472850635526e-05
2.0594906407436032e-05
2.7054951677752464e-05
3.2069716759853307e-05
1.2126902787766782e-05
3.7536221122428942e-05
1.2395055545558645e-05
3.4590167768526684e-05
2.4447656773067218e-05
2.3578641727343892e-05
3.3936825003783884e-05
1.1014082585035381e-05
3.7039848430820136e-05
1.5039861997839135e-05
3.1526623180093828e-05
2.6917918902492420e-05
2.2057571742065596e-05
3.4294676871900001e-05
1.1394047775069575e-05
3.5368200530523445e-05
1.7357205016139641e-05
3.1194237759462847e-05
2.8083952926610293e-05
2.0419613454773567e-05
3.4417359322597670e-05
1.1581923263408881e-05
3.6827551659966892e-05
1.8046467187376861e-05
3.0932662761115480e-05
2.9426502181271812e-05
1.7582401370290122e-05
3.7181327838156113e-05
1.1454841791850438e-05
3.7219123216261241e-05
2.1236839958120227e-05
2.8392188528913257e-05
3.3127053003162240e-05
1.3053760888226759e-05
3.8712441550142605e-05
1.2772741239626081e-05
3.5582373810687427e-05
2.5023046936746045e-05
2.4633267502997014e-05
3.4630479674775945e-05
1.1501288062458773e-05
3.7803238465784991e-05
1.4973983502806140e-05
3.3546195099374204e-05
2.6768968256913356e-05
2.4543507426166811e-05
3.4290841853120322e-05
1.2010595708635952e-05
3.7125103347326242e-05
1.6862570043491857e-05
3.3674091223791097e-05
2.7805651345572142e-05
2.2276521205849674e-05
3.5953691853085665e-05
1.2061936090495969e-05
3.8819622039861029e-05
1.7572594159136175e-05
3.2654086379675469e-05
3.0607031027539974e-05
1.8625083763674289e-05
3.8709144080408166e-05
1.1825938158741178e-05
3.8683941596020157e-05
2.1660144530680917e-05
2.9637490676583679e-05
3.3939404964267898e-05
1.4511468222200714e-05
3.9537748443539456e-05
1.2993115992782869e-05
3.6339112255282495e-05
2.5254436349375773e-05
2.6977407085423679e-05
3.5006416995967287e-05
1.3510956999545922e-05
3.8314245475431045e-05
1.4732679423894711e-05
3.6135089921310143e-05
2.6392885548623242e-05
2.6842684808319495e-05
3.4336898569630085e-05
1.2584711652841705e-05
3.9549984100631013e-05
1.6097900359745488e-05
3.6078776598867512e-05
2.7662933862626078e-05
2.4021271714170368e-05
3.7548924018595885e-05
1.2479870523165292e-05
4.0654074191263715e-05
1.8053887582192773e-05
3.4104959776993400e-05
3.1717867893908950e-05
1.9509136111557791e-05
4.0021031851477993e-05
1.2195767483899507e-05
3.9974397722887177e-05
2.1948716750916072e-05
3.0858807935365415e-05
3.4395477718882659e-05
1.7020184734069953e-05
4.0025513128283635e-05
1.3019734278449450e-05
3.7192861067673766e-05
2.5096394359545631e-05
2.9559454512696532e-05
3.5086043512402648e-05
1.5464998190139919e-05
3.9520781646360939e-05
1.4355184961847236e-05
3.8614239825062810e-05
2.5862182794569172e-05
2.8886420006905985e-05
3.5995286724985616e-05
1.3083292166283523e-05
4.1902307561590250e-05
1.5366914622760265e-05
3.8252821775916262e-05
2.8391477262973150e-05
2.5522274578541979e-05
3.9046929545578942e-05
1.2827058065760436e-05
4.2230981296844354e-05
1.8581416626561294e-05
3.5299031326557561e-05
3.2612609906015658e-05
2.0499078098737677e-05
4.1073869489486105e-05
1.2527377188089644e-05
4.1023596186564767e-05
2.2038429454822057e-05
3.2306593741481930e-05
3.4637713275190431e-05
1.9492256184238061e-05
4.0522274658801856e-05
1.2852449469558599e-05
3.9330798175743278e-05
2.4564881225889081e-05
3.2233874056483849e-05
3.4840618466112218e-05
1.7332264209888139e-05
4.1601003399590441e-05
1.3796232859577981e-05
4.0953806391597478e-05
2.5098772971478165e-05
3.0718853216769114e-05
3.7849648073591634e-05
1.3547175295203252e-05
4.4019007365791611e-05
1.5138693073533451e-05
4.0122852509669025e-05
2.9323726379960389e-05
2.6784393854404819e-05
4.0383866193368526e-05
1.3105708222451615e-05
4.3516519194802529e-05
1.8936225613154691e-05
3.6402027665998630e-05
3.3184171720209984e-05
2.3046375820115326e-05
4.1739414995995096e-05
1.3110984716528702e-05
4.1962372317381829e-05
2.1970634566390422e-05
3.4796890454960076e-05
3.4607373854133363e-05
2.1829909991499492e-05
4.1038263179586213e-05
1.3423507182555241e-05
4.2090182348114532e-05
2.3609510586015793e-05
3.4747139632634500e-05
3.5171853021064929e-05
1.9018443361257453e-05
4.3604057406127728e-05
1.3438318437887735e-05
4.3082652111723262e-05
2.5833884774710336e-05
3.2268413404580063e-05
3.9497353498650929e-05
1.3951555146671530e-05
4.5780149376196266e-05
1.5567129129621467e-05
4.1649636293009303e-05
3.0278379912712418e-05
2.7819328722130448e-05
4.1561895812547118e-05
1.3364324717801384e-05
4.4726844670417274e-05
1.9039971772217652e-05
3.7571448068107658e-05
3.3368647057771028e-05
2.6076781787423734e-05
4.2039813425529321e-05
1.3852826114259825e-05
4.2971384864801682e-05
2.1607366350653943e-05
3.7661458718508109e-05
3.4470594091842893e-05
2.4098622054824235e-05
4.2051054906084000e-05
1.4068158854367699e-05
4.4764144913129897e-05
2.2435618114907051e-05
3.7054921764270666e-05
3.6485561980226732e-05
2.0499128191444535e-05
4.5506878348335228e-05
1.3896331481829687e-05
4.4943294564402506e-05
2.6714194293030905e-05
3.3678998358560480e-05
4.0820498811845424e-05
1.4766434516473370e-05
4.7129599897209743e-05
1.6046002929975614e-05
4.2838641865805182e-05
3.1008844613732393e-05
2.9544746236021734e-05
4.2369986399217881e-05
1.3998123716949077e-05
4.5649270562782244e-05
1.8835827392186955e-05
4.0458106567409571e-05
3.3153456723684486e-05
2.9104287352116505e-05
4.2052845075683093e-05
1.4606126463486976e-05
4.5041311183123619e-05
2.1044737904034419e-05
4.0459784821088184e-05
3.4243943379808215e-05
2.6171290022184068e-05
4.4181622404368370e-05
1.4652334122879024e-05
4.7217523956582554e-05
2.2058471877914769e-05
3.9143633910332085e-05
3.7889025900455204e-05
2.1718196034920801e-05
4.7377288685743690e-05
1.4324702175511651e-05
4.6682339305287336e-05
2.7332888836874716e-05
3.5156660319660340e-05
4.1838548108056170e-05
1.6823915218467132e-05
4.8147139442403281e-05
1.6338352402992087e-05
4.3730712609642779e-05
3.1342734538968040e-05
3.2415698536677653e-05
4.2752185806833773e-05
1.5753684732855726e-05
4.6318605166543938e-05
1.8449578944676331e-05
4.3704482242115720e-05
3.2571993512173149e-05
3.1929482369016921e-05
4.2155286467616344e-05
1.5296831372431192e-05
4.7942491955453557e-05
2.0151352571860108e-05
4.3252650712264134e-05
3.4244252829515163e-05
2.8154202021465544e-05
4.6179347521273958e-05
1.5163137467674177e-05
4.9361804827151332e-05
2.2730959028430140e-05
4.0903389714807291e-05
3.9240785224223476e-05
2.2880511069692999e-05
4.8884709040789842e-05
1.4740450302777640e-05
4.8193787972459022e-05
2.7572904315443959e-05
3.6579739786341625e-05
4.2420698502551857e-05
1.9909226142382125e-05
4.8740797170816280e-05
1.6366128418502820e-05
4.4769036061302278e-05
3.1191161157512309e-05
3.5471929753980436e-05
4.2832807538618324e-05
1.7958623008431560e-05
4.8292609995894899e-05
1.7861465088929487e-05
4.6780242169805913e-05
3.1752693093701806e-05
3.4430051116687157e-05
4.4073615264715982e-05
1.5909321776598161e-05
5.0808347314756686e-05
1.9215298732925605e-05
4.5859944693459252e-05
3.5436382176892798e-05
2.9915973298027152e-05
4.8015317801297634e-05
1.5591071720017027e-05
5.1179346649846224e-05
2.3409825442957631e-05
4.2339847484587948e-05
4.0304590407852916e-05
2.4178835107073159e-05
5.0083727048621761e-05
1.5173844948421374e-05
4.9472758978708498e-05
2.7573632067739729e-05
3.8532212162615611e-05
4.2525458007106650e-05
2.2931449464675735e-05
4.9079516865283221e-05
1.6111107286771805e-05
4.7726514863184723e-05
3.0517475471283337e-05
3.8564525045080193e-05
4.2611267719707327e-05
2.0089556434036763e-05
5.0897383800826668e-05
1.7144975307016549e-05
4.9570918743949565e-05
3.1241218714207506e-05
3.6591312365508136e-05
4.6411550913724979e-05
1.6415103379262708e-05
5.3393400704815095e-05
1.9181627485485977e-05
4.8117211998332694e-05
3.6528251544729158e-05
3.1428780996511696e-05
4.9515810823060985e-05
1.5940181861462440e-05
5.2691632384177265e-05
2.3867545140070970e-05
4.3505587299079829e-05
4.1044518914708561e-05
2.7032864438722997e-05
5.0941527622793240e-05
1.5957299597952871e-05
5.0706985673859622e-05
2.7361514779756553e-05
4.1940185585116700e-05
4.2403558050744822e-05
2.5795328763466022e-05
4.9710728749611156e-05
1.6268680722016215e-05
5.1042924173904895e-05
2.9391591278644611e-05
4.1590721008712404e-05
4.3539470890247623e-05
2.2042961114038064e-05
5.3400285067662777e-05
1.6302175655744196e-05
5.2134720121673852e-05
3.2290817575344364e-05
3.8408549466857656e-05
4.8488625600311064e-05
1.6884003392441336e-05
5.5588094049036886e-05
1.9636224486190484e-05
4.9976174879912042e-05
3.7519850355747939e-05
3.2671882912319969e-05
5.0713638876463723e-05
1.6234369888223272e-05
5.3887700904538132e-05
2.4017476918109911e-05
4.5023216143442953e-05
4.1298911976531893e-05
3.0759132702874224e-05
5.1336574245037356e-05
1.6781728279395439e-05
5.2087280335647211e-05
2.6872378635469284e-05
4.5302588456446027e-05
4.2185882327352860e-05
2.8385618754564851e-05
5.1503467783167255e-05
1.7035556206673443e-05
5.4216907452765401e-05
2.7827682281885597e-05
4.4312845966726255e-05
4.5269859181060061e-05
2.3787093204450422e-05
5.5713036047838820e-05
1.6854479799469508e-05
5.4318068481023760e-05
3.3461347027414458e-05
3.9943227999366464e-05
5.0172075136208243e-05
1.7331728027927434e-05
5.7275239454876910e-05
2.0076579296210474e-05
5.1425357684361272e-05
3.8350623636778920e-05
3.5235987709516407e-05
5.1669836375344263e-05
1.7062227980817374e-05
5.4976386972789929e-05
2.3770314422147428e-05
4.8582227034147209e-05
4.1036915741334099e-05
3.4408244231072527e-05
5.1405806991218539e-05
1.7719998052930687e-05
5.4790361795432001e-05
2.6115714675434782e-05
4.8667547617330924e-05
4.1976928051468518e-05
3.0747538236368759e-05
5.4193198015178515e-05
1.7731795563804677e-05
5.7196485903645789e-05
2.7848202241943294e-05
4.6746675784236983e-05
4.6845532789590559e-05
2.5216968349952399e-05
5.7759449578387065e-05
1.7397697303482201e-05
5.6191723351092781e-05
3.4292015225487845e-05
4.1468165772938159e-05
5.1343161398898328e-05
1.9573434103144924e-05
5.8454859086831444e-05
2.0435159862625423e-05
5.2520226225431012e-05
3.8723074663181557e-05
3.8880317538152192e-05
5.2154372480249893e-05
1.8287040710470717e-05
5.5858424593836354e-05
2.3091017370096778e-05
5.2603967119364326e-05
4.0289188019097457e-05
3.7798565035591063e-05
5.1663776217026578e-05
1.8546809111941192e-05
5.8100530947404758e-05
2.5134564504404464e-05
5.1782725772122671e-05
4.2433144478896937e-05
3.2938913160652971e-05
5.6652954655134511e-05
1.8366980126462220e-05
5.9846094355244703e-05
2.8624362655890624e-05
4.8840663285385905e-05
4.8460853504243389e-05
2.6618752260373786e-05
5.9597633344218534e-05
1.7899405465769361e-05
5.7966125335010600e-05
3.4697279609187464e-05
4.3240520071180388e-05
5.2081313449461263e-05
2.3268273501911662e-05
5.9166753155750008e-05
2.0491686773330595e-05
5.4299595056481577e-05
3.8549033431099218e-05
4.2520436381053952e-05
5.2140062688246106e-05
2.0851960541246098e-05
5.8767934250652882e-05
2.2314348057061081e-05
5.6425137689422685e-05
3.9207082480510383e-05
4.0862231624906161e-05
5.3816168726511984e-05
1.9269247909856280e-05
6.1503755193788713e-05
2.4031677604876713e-05
5.4788163580920597e-05
4.4031237364721912e-05
3.4919760303972757e-05
5.8820015166620485e-05
1.8909339859516870e-05
6.2016275488609068e-05
2.9395565405075575e-05
5.0548898038217213e-05
4.9709566379511516e-05
2.8365219075140282e-05
6.0905847960600229e-05
1.8370303827071133e-05
5.9473848768766518e-05
3.4620100844274084e-05
4.6128473757895005e-05
5.2236079133924585e-05
2.6870970269261205e-05
5.9500485110760870e-05
2.0165032850722245e-05
5.7853376000351897e-05
3.7808675117127981e-05
4.6091800887482516e-05
5.1913076877632328e-05
2.3209395188480275e-05
6.2147621068127197e-05
2.1244472144900828e-05
5.9877976688249438e-05
3.8784443737367028e-05
4.3492884531008378e-05
5.6655551318616592e-05
1.9881420779848175e-05
6.4625261850280918e-05
2.4164194681182427e-05
5.7448923620370015e-05
4.5440733061717677e-05
3.6627842333191757e-05
6.0636992240369669e-05
1.9354371796323930e-05
6.3702304082830890e-05
2.9954880867713916e-05
5.1995213417894379e-05
5.0518299748841755e-05
3.1719050607683801e-05
6.1909470356275270e-05
1.9326849680909356e-05
6.0944327792520481e-05
3.4036285179588302e-05
5.0360949602280929e-05
5.1824270635637948e-05
3.0284172610694005e-05
6.0089629778367436e-05
1.9695358260588924e-05
6.1761550688246110e-05
3.6466660787858153e-05
4.9578969516005359e-05
5.3655705051229700e-05
2.5357433127852429e-05
6.5229293094778043e-05
2.0118583431299972e-05
6.2848351316085264e-05
4.0242021083573328e-05
4.5614070734312485e-05
5.9251938823668809e-05
2.0381291853084055e-05
6.7291042297958610e-05
2.4733566516871034e-05
5.9661388809255012e-05
4.6553431916119047e-05
3.8185454876255113e-05
6.1936473395887850e-05
1.9713347121067668e-05
6.4910549165370717e-05
3.0174381285892453e-05
5.3865892842080109e-05
5.0877179012885970e-05
3.6187895988983241e-05
6.2432271132455396e-05
2.0340274132769221e-05
6.2897073112965434e-05
3.3309692927441421e-05
5.4458709411711381e-05
5.1504543487741160e-05
3.3380611679168141e-05
6.2836836819503712e-05
2.0580655447949059e-05
6.5629896920819724e-05
3.4581975452037937e-05
5.2798159632327869e-05
5.5907740680419537e-05
2.7374912828803237e-05
6.8052992786641204e-05
2.0515938759219997e-05
6.5457526480030233e-05
4.1771511690702027e-05
4.7281466692961447e-05
6.1367403099689028e-05
2.0904566134890237e-05
6.9367173712125591e-05
2.5213618088403417e-05
6.1426501294505897e-05
4.7308711838643262e-05
4.1947451890897684e-05
6.2789901353715297e-05
2.0733724577840327e-05
6.6030787421305978e-05
2.9911736865439880e-05
5.8225095105699804e-05
5.0613578522348114e-05
4.0553169695576861e-05
6.2721272795468843e-05
2.1395204111488098e-05
6.6535888202239147e-05
3.2308123166393618e-05
5.8331573774631941e-05
5.1325618386264538e-05
3.6092695622340992e-05
6.6186219411139247e-05
2.1438526205293254e-05
6.9138320066949833e-05
3.5035086898022523e-05
5.5696762603523268e-05
5.7855054282965730e-05
2.9065238144327643e-05
7.0423392290734727e-05
2.1196140300585015e-05
6.7515595812426204e-05
4.2880610938938473e-05
4.8839370685038245e-05
6.2875159848181943e-05
2.2704620601862985e-05
7.0823088157641027e-05
2.5531086423869197e-05
6.2780262113163387e-05
4.7745379466988401e-05
4.6509101811573195e-05
6.3321148961950806e-05
2.1878261288319577e-05
6.7434169370277642e-05
2.9080433474293504e-05
6.3051463607563285e-05
4.9729286106771817e-05
4.4630703578438374e-05
6.3229961006603180e-05
2.2420254315867263e-05
7.0533769092792609e-05
3.1169598981868776e-05
6.2003748368454780e-05
5.2524240840921392e-05
3.8396026199691759e-05
6.9290604492248150e-05
2.2190387550286492e-05
7.2212480705646098e-05
3.5910198747288213e-05
5.8149928075709682e-05
5.9622001725805377e-05
3.0688219775141209e-05
7.2345139928005963e-05
2.1664979562105937e-05
6.9397574214009389e-05
4.3398361384038099e-05
5.0970673523658037e-05
6.3681124295270774e-05
2.7046581308769226e-05
7.1645751519016244e-05
2.5571467834414816e-05
6.5670924622489643e-05
4.7542103584946793e-05
5.0856986514886669e-05
6.3329341883226403e-05
2.4110408057125149e-05
7.1374003378294509e-05
2.7849951129715471e-05
6.7714531157643743e-05
4.8447696436455725e-05
4.8253753250702047e-05
6.5713019372422001e-05
2.3280747971230306e-05
7.4260742372921976e-05
2.9972937328874162e-05
6.5339286311949009e-05
5.4562027916699074e-05
4.0596392477224008e-05
7.1922075371403854e-05
2.2829366617657251e-05
7.4859768665017876e-05
3.6816428376524521e-05
6.0175395429996506e-05
6.1140663326286356e-05
3.3001168721296115e-05
7.3909994999878415e-05
2.2193399018263644e-05
7.1237661775012538e-05
4.3372664144550334e-05
5.4966227355490109e-05
6.3860246941250775e-05
3.1392700329536611e-05
7.1949180184735850e-05
2.5167566361388030e-05
7.0016505687163722e-05
4.6638969644296920e-05
5.5050546344732947e-05
6.3256779966650205e-05
2.6690000526263414e-05
7.5605745079146565e-05
2.6535202565452841e-05
7.1951462471540057e-05
4.7928282639514067e-05
5.1397251015776425e-05
6.9032323110994082e-05
2.4000637382016159e-05
7.7971832719229931e-05
3.0284656708062482e-05
6.8403033965977697e-05
5.6311677317572170e-05
4.2540211707771488e-05
7.3981457430513751e-05
2.3368883143733288e-05
7.6877437704679497e-05
3.7501032091176293e-05
6.2067251318417466e-05
6.2030409344712194e-05
3.7327062789231344e-05
7.5067321281741938e-05
2.3383438562248474e-05
7.2998036206518206e-05
4.2560238346889886e-05
6.0146814219249935e-05
6.3370431361400658e-05
3.5430108702653369e-05
7.2961490848723966e-05
2.4284796337726840e-05
7.4572195755626488e-05
4.5052008943871016e-05
5.8986080314945559e-05
6.5929809647538221e-05
2.9098316251108307e-05
7.9471852339310078e-05
2.5154365879352186e-05
7.5585981676240137e-05
4.9861859869386864e-05
5.3947393983968690e-05
7.2100324232395751e-05
2.4564789962550246e-05
8.1148198717182632e-05
3.1053272208746296e-05
7.0989585350336474e-05
5.7661348480075982e-05
4.4441955371766212e-05
7.5467647423462051e-05
2.3833760428415830e-05
7.8330264856872915e-05
3.7676921138490310e-05
6.4392572450844380e-05
6.2352560181387241e-05
4.2329189980185996e-05
7.5742088104861752e-05
2.4581882153459998e-05
7.5914943669120268e-05
4.1201251730607029e-05
6.5157294562406652e-05
6.2596612020578593e-05
3.9083824860576305e-05
7.6694825113558500e-05
2.4803786338141905e-05
7.9080758661844239e-05
4.2852449398859992e-05
6.2709710762047199e-05
6.8792911570193517e-05
3.1141442351216365e-05
8.2749190669294701e-05
2.5651613574033973e-05
7.8645305663895335e-05
5.1865021764528546e-05
5.5893479244812266e-05
7.4702488779346645e-05
2.5094711895574263e-05
8.3670167802608550e-05
3.1639237789890764e-05
7.3101464537575822e-05
5.8410781493633415e-05
4.9644326013806623e-05
7.6295331723107425e-05
2.5143268518369953e-05
7.9266904293809657e-05
3.7418102261620822e-05
6.9492025822561908e-05
6.2060686601422119e-05
4.7540872921055666e-05
7.6185784223340024e-05
2.5754480639361943e-05
8.0649039618559064e-05
3.9842220577491699e-05
6.9818931578220273e-05
6.2556095173327310e-05
4.2210863875265353e-05
8.0694322557283899e-05
2.5792565030762673e-05
8.3313722820787050e-05
4.3816303072151016e-05
6.6081828092720405e-05
7.1266165385342186e-05
3.3158113016195140e-05
8.5619427690692847e-05
2.6569306271658106e-05
8.1021241555871465e-05
5.3341768789972238e-05
5.7382951692999235e-05
7.6574773464760341e-05
2.6382627499636232e-05
8.5426386404519050e-05
3.1847415905958458e-05
7.4725416700692696e-05
5.8575476745143906e-05
5.5271132483562213e-05
7.6669935923225145e-05
2.6530180130109496e-05
8.1239540738782106e-05
3.6465250054876752e-05
7.5378968648839615e-05
6.1057768510406946e-05
5.2400565240286847e-05
7.7136758201255023e-05
2.6989676646832588e-05
8.5294196915415804e-05
3.8381177659270837e-05
7.4038138057939590e-05
6.4745612694372360e-05
4.4833305476841152e-05
8.4376000587142524e-05
2.6700911125983378e-05
8.6910436927160867e-05
4.5026195904581883e-05
6.9008246839498495e-05
7.3317875384611237e-05
3.5212904408761181e-05
8.7737744134819523e-05
2.7215171553789752e-05
8.2991478996103177e-05
5.4081725579686706e-05
5.9760480857676746e-05
7.7621704102435692e-05
3.1337185220344021e-05
8.6465346106743342e-05
3.1796578971215180e-05
7.9066362692912899e-05
5.8288029729097054e-05
6.0631782216987827e-05
7.6647754580062835e-05
2.7873005329209204e-05
8.6208177841492589e-05
3.4789879803536626e-05
8.0991117187490341e-05
5.9671772595655398e-05
5.6731092658075910e-05
8.0308484598492442e-05
2.8055704753205990e-05
8.9778685951619433e-05
3.7238477718270952e-05
7.7767830332169818e-05
6.7359835137751289e-05
4.6942914211570269e-05
8.7577140102498550e-05
2.7499715728853729e-05
8.9968115761469275e-05
4.5934901686905809e-05
7.1338151267295389e-05
7.4838617058449859e-05
3.8329022180560067e-05
8.9346509306999523e-05
2.7460859580509535e-05
8.4833778870234400e-05
5.3958440023734471e-05
6.5490000763672760e-05
7.7817876871812253e-05
3.6424026022032282e-05
8.6819814786658089e-05
3.1288306906768922e-05
8.4535504413111692e-05
5.7217939586785496e-05
6.5505881574007456e-05
7.7045597232825767e-05
3.0733052157362385e-05
9.1498344028084365e-05
3.3065698432791409e-05
8.6074507478647148e-05
5.9259100501613443e-05
6.0343215665852088e-05
8.4036704447777705e-05
2.8909910191300002e-05
9.3765619665482956e-05
3.7803405303898283e-05
8.1214117289465926e-05
6.9510374447169022e-05
4.9041154140384118e-05
9.0100780094638607e-05
2.8170756809308181e-05
9.2368913955958679e-05
4.6753488462303867e-05
7.3633334881294493e-05
7.5873651458502483e-05
4.3957842408808752e-05
9.0670142832755712e-05
2.8170523384385717e-05
8.7139727795351458e-05
5.3009913774884772e-05
7.1699018379741067e-05
7.7168543860727900e-05
4.1203456065457282e-05
8.8904561727842532e-05
3.0207132349742260e-05
8.9898984528350269e-05
5.5359495005754556e-05
7.0051253979153610e-05
8.0736239198309252e-05
3.3087378070877878e-05
9.6297012359513332e-05
3.1465684001102426e-05
9.0559655552247995e-05
6.1456138171775456e-05
6.3328895564787640e-05
8.7690909961501192e-05
2.9562688947444811e-05
9.7476293710773516e-05
3.8810979063142424e-05
8.4133197474791621e-05
7.1058979292318159e-05
5.2039344315100731e-05
9.1795412620131216e-05
2.8718897821650852e-05
9.4028452071926824e-05
4.6964444198593211e-05
7.6721250664716563e-05
7.6100093624102631e-05
4.9688076303656416e-05
9.1397909543689719e-05
2.9663079740859027e-05
9.1459877749111506e-05
5.1071761157665271e-05
7.7698259988931941e-05
7.6044548286229263e-05
4.5532645981834346e-05
9.3315835120921428e-05
2.9871794366239873e-05
9.5010860286906206e-05
5.3011907041782671e-05
7.4311788969709186e-05
8.4348614107114959e-05
3.5295140355274807e-05
1.0039846418870981e-04
3.1896907849012723e-05
9.4208462516437940e-05
6.3967822298210568e-05
6.5651842433790409e-05
9.0731292381692841e-05
3.0117463157564462e-05
1.0040105721721483e-04
3.9515078677856829e-05
8.6511030637884061e-05
7.1923086651954257e-05
5.8404968877632080e-05
9.2558214784043284e-05
3.0400082346732803e-05
9.5248202432769610e-05
4.6473906310397675e-05
8.2715365297450800e-05
7.5754479887431598e-05
5.5521689558829937e-05
9.2010520520753326e-05
3.1074302917411126e-05
9.7350966555310095e-05
4.8924337987111837e-05
8.3259561535072764e-05
7.6049043482558337e-05
4.9176693689530214e-05
9.8081425386714811e-05
3.1001177911296477e-05
9.9924711106706059e-05
5.4517206297290306e-05
7.7940199819773388e-05
8.7383727331872437e-05
3.7513098325356834e-05
1.0365209405590829e-04
3.3082110393645213e-05
9.6949332516655794e-05
6.5890456052231956e-05
6.7369877088515259e-05
9.2947497142110264e-05
3.0788709154862333e-05
1.0249263984492740e-04
3.9758047013146354e-05
8.8549933505944890e-05
7.1914967187303991e-05
6.5291368175901979e-05
9.2572798800552106e-05
3.2077173335342171e-05
9.7626469847714422e-05
4.5369245523511893e-05
8.9790969050118611e-05
7.4733987218498821e-05
6.1150966346777726e-05
9.3594497461735933e-05
3.2394787537891693e-05
1.0289499630386049e-04
4.7072036293518259e-05
8.8215032003085371e-05
7.9494006341791345e-05
5.2167149858732273e-05
1.0252284628241164e-04
3.2049191406417806e-05
1.0419644337875212e-04
5.6116419527034683e-05
8.1376810751577556e-05
8.9877649618833546e-05
4.0039540509381651e-05
1.0610761402851192e-04
3.3957731262627410e-05
9.8883176452281058e-05
6.6917059842209269e-05
7.0777136199996489e-05
9.4247804599132580e-05
3.6301705676299300e-05
1.0371551143885733e-04
3.9406488034835304e-05
9.4939174707286256e-05
7.1151948922561944e-05
7.1777406951698726e-05
9.2375416265452713e-05
3.3654457660656985e-05
1.0375515341533665e-04
4.3413046294039951e-05
9.6529759299425754e-05
7.3185861831788929e-05
6.6214548169376075e-05
9.8001751585211560e-05
3.3656300937820010e-05
1.0805594374598459e-04
4.5986546456388437e-05
9.2452390748357311e-05
8.2673479434536897e-05
5.4464200939869445e-05
1.0628588664550118e-04
3.2950178702618961e-05
1.0781137588483339e-04
5.7287181604265347e-05
8.4155978913979401e-05
9.1499863233039005e-05
4.4553164146928558e-05
1.0776157808754096e-04
3.4340831963795964e-05
1.0065901358387351e-04
6.6846609153658020e-05
7.7723112777823173e-05
9.4461816242566161e-05
4.2210988358348910e-05
1.0423406075599483e-04
3.8683297696696350e-05
1.0170966525323126e-04
6.9771038470883170e-05
7.7693696059593173e-05
9.3566057464533584e-05
3.5131041115114453e-05
1.1015921245245500e-04
4.1013576241460271e-05
1.0261768258193832e-04
7.2897797443046157e-05
7.0525345507967770e-05
1.0235363584497096e-04
3.4689407480267721e-05
1.1267333285443646e-04
4.7442530382546134e-05
9.5949724752352004e-05
8.5415839483476936e-05
5.6433453167995791e-05
1.0916478324391100e-04
3.3747130719453613e-05
1.1054743867881247e-04
5.7938492138076751e-05
8.6853186538260197e-05
9.2390261789055428e-05
5.1438347615876464e-05
1.0894323322400543e-04
3.4108128775533937e-05
1.0352246652713363e-04
6.5635869064566626e-05
8.5096456023534364e-05
9.3686159494298300e-05
4.7676357834768153e-05
1.0788289878719896e-04
3.7337289499650366e-05
1.0801206829300895e-04
6.7572223592526204e-05
8.3039396881778353e-05
9.8268610030126486e-05
3.7695198220069459e-05
1.1605490179020774e-04
3.9263382178374559e-05
1.0787031810801426e-04
7.5583055544080699e-05
7.3923625938437235e-05
1.0629360025242850e-04
3.5464058633414880e-05
1.1671285698587655e-04
4.8644667666745198e-05
9.9269984177320018e-05
8.7324189595826824e-05
6.0503870067056420e-05
1.1115488834572146e-04
3.4547296366529441e-05
1.1252350530776359e-04
5.8192874596223231e-05
9.0873754861626991e-05
9.2573679576214051e-05
5.8250456409859037e-05
1.0977672975419174e-04
3.5670670665633274e-05
1.0962883729979608e-04
6.3262514577580204e-05
9.2245045685823135e-05
9.2020961514308402e-05
5.2673333047045504e-05
1.1328365240750242e-04
3.5863075595661558e-05
1.1400556633064289e-04
6.5824023021780512e-05
8.7574181653411672e-05
1.0289870347174311e-04
3.9673533272649391e-05
1.2104439412402682e-04
3.9668804021106651e-05
1.1221778817928541e-04
7.8560814687415951e-05
7.6532139112811174e-05
1.0985007300250169e-04
3.6017069431590269e-05
1.2004083600846464e-04
4.9303815463425605e-05
1.0196307030626997e-04
8.8168876180014339e-05
6.8481499200333913e-05
1.1210659344584178e-04
3.6550934836651260e-05
1.1418349745061220e-04
5.7515782559903760e-05
9.8360791227692889e-05
9.2092474913747975e-05
6.4798202274429559e-05
1.1076172087788022e-04
3.7384828558092307e-05
1.1684857446749003e-04
6.0098452749736159e-05
9.8833464552612829e-05
9.3519679151922509e-05
5.7019550109097900e-05
1.1870547814998602e-04
3.7114122975500555e-05
1.1952395220530866e-04
6.7658545541221310e-05
9.1785634052807141e-05
1.0671661676171548e-04
4.2019732262015237e-05
1.2501049696192194e-04
4.1112746994944974e-05
1.1546847346706703e-04
8.0894177560876973e-05
7.8531645822771357e-05
1.1239363623325653e-04
3.6704087768516148e-05
1.2241611167835282e-04
4.9342974010627039e-05
1.0533897964411428e-04
8.7975395064787318e-05
7.6747620398117945e-05
1.1194671334995718e-04
3.8632599521343674e-05
1.1709818936776045e-04
5.6077486571430071e-05
1.0636439573245275e-04
9.0877614066146325e-05
7.1220768798695237e-05
1.1377657505447556e-04
3.8932540951160764e-05
1.2361054934150327e-04
5.7449723491373641e-05
1.0462264793066881e-04
9.7369072212038807e-05
6.0389334029495796e-05
1.2394503902680404e-04
3.8282273458714891e-05
1.2436447294237395e-04
6.9598060670597364e-05
9.5322622358008519e-05
1.0952867831991028e-04
4.5201603968589974e-05
1.2787136457859011e-04
4.2210174747520847e-05
1.1765947715009685e-04
8.2214813024761971e-05
8.3941747210378100e-05
1.1370489202118703e-04
4.1879077216921859e-05
1.2383861711207428e-04
4.8876003331499496e-05
1.1327139304848790e-04
8.6724923893784507e-05
8.4582635872132710e-05
1.1096530603813127e-04
4.0492628063110740e-05
1.2441258928811122e-04
5.3735317775951162e-05
1.1440385404343766e-04
8.9245220294955024e-05
7.7001621177871216e-05
1.1910947412763146e-04
4.0278040532383727e-05
1.2970106620227649e-04
5.7086364589488003e-05
1.0949289926776177e-04
1.0131533851121022e-04
6.3002436297329974e-05
1.2837410775206655e-04
3.9369485216148119e-05
1.2850991082326559e-04
7.1070872536023124e-05
9.8633756007273889e-05
1.1148898620482928e-04
5.1570264710725571e-05
1.2942072125770795e-04
4.2670100129366132e-05
1.1916866949352962e-04
8.2274765870915656e-05
9.2134763562605528e-05
1.1400728791799749e-04
4.8582705866487246e-05
1.2444523900779518e-04
4.7604914861805907e-05
1.2160421196202803e-04
8.4762578497576610e-05
9.1721436035660606e-05
1.1305369332627034e-04
4.2169128902206558e-05
1.3217024981477998e-04
5.0680841451011024e-05
1.2167078087768865e-04
8.9570290171246539e-05
8.1927807956766599e-05
1.2421448377026876e-04
4.1442143345952039e-05
1.3491537774291300e-04
5.9143996484578568e-05
1.1338443258252264e-04
1.0447644563195761e-04
6.5314779986545544e-05
1.3172320792045086e-04
4.0299038406884716e-05
1.3177372242508063e-04
7.1809485889008691e-05
1.0207582327874241e-04
1.1211325743456080e-04
5.9830936408352919e-05
1.3043593218113763e-04
4.2411030910553357e-05
1.2261342040587029e-04
8.0865147942837986e-05
1.0057236327521422e-04
1.1307027934300019e-04
5.5044048409855365e-05
1.3039378154507656e-04
4.5905302149150550e-05
1.2932105206301417e-04
8.2060462066493951e-05
9.7980590375919125e-05
1.1890693846596590e-04
4.3660875874459277e-05
1.3919081799067162e-04
4.8779109476638931e-05
1.2785196716300445e-04
9.2978647021627170e-05
8.5779634873562108e-05
1.2868389767056675e-04
4.2360061784110686e-05
1.3921740149496254e-04
6.0783359074399978e-05
1.1639037334600114e-04
1.0665967616363913e-04
7.0104230305660900e-05
1.3397132471943811e-04
4.1528217064584378e-05
1.3395011862898354e-04
7.1658948832545422e-05
1.0778977900146318e-04
1.1202871345855668e-04
6.7973229891939992e-05
1.3108019784860189e-04
4.2608474983089965e-05
1.3114726384128069e-04
7.7986669931148257e-05
1.0899259951919437e-04
1.1113893613407719e-04
6.0472742051302722e-05
1.3701965071645763e-04
4.3437528457666730e-05
1.3620425575810899e-04
8.1143350685721068e-05
1.0310256624425178e-04
1.2463515105976255e-04
4.4932961260947817e-05
1.4521443143294824e-04
4.9240132088315969e-05
1.3279449160560168e-04
9.6136663702731529e-05
8.8746745825939697e-05
1.3245086048240630e-04
4.3025788873951164e-05
1.4288432757861373e-04
6.1654860136395746e-05
1.1936434400479667e-04
1.0776420745853041e-04
7.9742738113158806e-05
1.3491479003229653e-04
4.3694516668815816e-05
1.3590980156772301e-04
7.0771681517223952e-05
1.1675609344299210e-04
1.1137177029778490e-04
7.5677160886511457e-05
1.3253181057550482e-04
4.4699055464365143e-05
1.3978614952971097e-04
7.3683624994622522e-05
1.1664107039338167e-04
1.1426132032920742e-04
6.5371675522834212e-05
1.4334256028747971e-04
4.4350835534303753e-05
1.4232989463831955e-04
8.4063159953860254e-05
1.0727429800415963e-04
1.2947397809613735e-04
4.6485099396468208e-05
1.5010478300553010e-04
5.0960471925567919e-05
1.3655168648277224e-04
9.8919894699254224e-05
9.0982632871116939e-05
1.3525834660791904e-04
4.4016130601202657e-05
1.4547519697023493e-04
6.1530330493302920e-05
1.2460718241792007e-04
1.0740598839136733e-04
8.9787324044535738e-05
1.3468004625435685e-04
4.6226736415978999e-05
1.3975218187155448e-04
6.8933551493653139e-05
1.2588126135434986e-04
1.0973979940413118e-04
8.2474919523751260e-05
1.3747837616873059e-04
4.6578797817584085e-05
1.4792840455717942e-04
6.9951432600780754e-05
1.2344664421148747e-04
1.1877529776438363e-04
6.9372515936053685e-05
1.4906148079533410e-04
4.5613217049613016e-05
1.4793559860463187e-04
8.6595370598844303e-05
1.1102713102374089e-04
1.3294053013015672e-04
5.0442251967673074e-05
1.5335771307823601e-04
5.2339037748836739e-05
1.3909009983514704e-04
1.0057528713864345e-04
9.9177444362358015e-05
1.3668781752555612e-04
4.8217506698953279e-05
1.4698109571365366e-04
6.0356282615859368e-05
1.3434552966900339e-04
1.0560585284762271e-04
9.9119962578328363e-05
1.3362137436297817e-04
4.8490953978990284e-05
1.4849455685292880e-04
6.6124841020876306e-05
1.3496244307694322e-04
1.0844412664690633e-04
8.8916093435360035e-05
1.4407141903291379e-04
4.8202654853858087e-05
1.5501542846704764e-04
7.0928262878864763e-05
1.2906696864623709e-04
1.2336124843781671e-04
7.2224486282348270e-05
1.5428076783754067e-04
4.6764100329523133e-05
1.5218803013113924e-04
8.8049953113002798e-05
1.1483058373267763e-04
1.3508532683062933e-04
5.9295996537795664e-05
1.5508357948575138e-04
5.2913674034680982e-05
1.4056533550374736e-04
1.0067353739031271e-04
1.0875520693295041e-04
1.3659318507165262e-04
5.5809943088693653e-05
1.4873908106670275e-04
5.8622214075354640e-05
1.4447506800142733e-04
1.0251484831234405e-04
1.0748290476406818e-04
1.3591585335904046e-04
5.0467109247412559e-05
1.5772667105794111e-04
6.2685996150583693e-05
1.4337763739182344e-04
1.0999491069144025e-04
9.4441351676679598e-05
1.4997012336952001e-04
4.9511465270147416e-05
1.6103897698412122e-04
7.3517509890523529e-05
1.3338329542712026e-04
1.2723932680230922e-04
7.4999116558825544e-05
1.5804979275810933e-04
4.7853170223507549e-05
1.5591129053830338e-04
8.8619113555829670e-05
1.1909947077514911e-04
1.3571380567203390e-04
6.9263466716166518e-05
1.5537468033663816e-04
5.2503512879607994e-05
1.4599617876963271e-04
9.9051885435096049e-05
1.1849050127582543e-04
1.3550777509850360e-04
6.2863984007388102e-05
1.5686984116715136e-04
5.6136160415454452e-05
1.5376037568865436e-04
9.9037464860110970e-05
1.1482198973910063e-04
1.4311386323256976e-04
5.2094339271011824e-05
1.6620322662264491e-04
6.0187860899529519e-05
1.5055598519838064e-04
1.1398218609117207e-04
9.8882886215944982e-05
1.5519024103482045e-04
5.0547430099588793e-05
1.6562741222595241e-04
7.5494033984673819e-05
1.3655370536263018e-04
1.2975661571721853e-04
8.0605811755327634e-05
1.6063667657893402e-04
4.9581836130755845e-05
1.5845267694917698e-04
8.8055629263785118e-05
1.2711677280570133e-04
1.3505785321554702e-04
7.8849002488259629e-05
1.5562680081230209e-04
5.1207816059542437e-05
1.5594146754190796e-04
9.5577986982598917e-05
1.2824576975919576e-04
1.3412249473608866e-04
6.9234111463379279e-05
1.6498080865442680e-04
5.3107308095520394e-05
1.6204518525192720e-04
9.9451256474793274e-05
1.2070492096905806e-04
1.5012489244569386e-04
5.3547479313542714e-05
1.7328395486552014e-04
6.1322155651014653e-05
1.5627853026961371e-04
1.1756446190208628e-04
1.0212963960903759e-04
1.5904765413100077e-04
5.1363221433908559e-05
1.6909470527577564e-04
7.6550745370342261e-05
1.3910464572457884e-04
1.3076567781248881e-04
9.2140913778763033e-05
1.6166475196156761e-04
5.1986695108468675e-05
1.6110039481374378e-04
8.6590689326785874e-05
1.3793822012048710e-04
1.3357980059988011e-04
8.7675364617142133e-05
1.5762379810812659e-04
5.3165976000143731e-05
1.6631899225862822e-04
9.0437422211412603e-05
1.3707558543973972e-04
1.3896187360499694e-04
7.4324285756021766e-05
1.7222663222753661e-04
5.2740633312220781e-05
1.6904950502584287e-04
1.0348924594806677e-04
1.2510742045649021e-04
1.5594637604747966e-04
5.4657451663404887e-05
1.7887356786649541e-04
6.3026464955209373e-05
1.6046332522566778e-04
1.2029439124375497e-04
1.0539646450510577e-04
1.6212820818466820e-04
5.2630076979304261e-05
1.7180949776257289e-04
7.6477538632848034e-05
1.4627716861192750e-04
1.3032917766817983e-04
1.0405962341506573e-04
1.6130295616983861e-04
5.5029538552436287e-05
1.6627049991838137e-04
8.4185719891743244e-05
1.4866560482134557e-04
1.3166279637441046e-04
9.5589235307754180e-05
1.6500138946555401e-04
5.5339212242389909e-05
1.7586928161912325e-04
8.5780640873839710e-05
1.4487611446243795e-04
1.4445864233517732e-04
7.8664015261020005e-05
1.7882444627470397e-04
5.4266746051271615e-05
1.7482883406465827e-04
1.0698346026125282e-04
1.2860398034019111e-04
1.6027806296801351e-04
5.5911070191665794e-05
1.8279508367690799e-04
6.4506399178049131e-05
1.6319183862490298e-04
1.2212487407803783e-04
1.1634119725315546e-04
1.6345837706193892e-04
5.5539339038998202e-05
1.7340697228552667e-04
7.4897690353450930e-05
1.5855665882863891e-04
1.2806849813974325e-04
1.1533001234715961e-04
1.6013744357100759e-04
5.7760851820766751e-05
1.7643072605941961e-04
8.0825545562545497e-05
1.5860190870416429e-04
1.3070965539633056e-04
1.0206657999772210e-04
1.7313379020568936e-04
5.7251886385260171e-05
1.8422983319290459e-04
8.7878171377800353e-05
1.5130047558210104e-04
1.4938872615858571e-04
8.2081930666076325e-05
1.8446624552701264e-04
5.5654824539672873e-05
1.7961841920286793e-04
1.0902321453179600e-04
1.3252229070848546e-04
1.6292753779668329e-04
6.7622901007243923e-05
1.8462541072278868e-04
6.5260959547820400e-05
1.6480686708527506e-04
1.2220477658577100e-04
1.2791244115823973e-04
1.6307743767930276e-04
6.3950442098109771e-05
1.7731737519025833e-04
7.1942110074222344e-05
1.7069680792971599e-04
1.2419901343630141e-04
1.2518127665868151e-04
1.6263865395219713e-04
6.0117161143387703e-05
1.8705179081784178e-04
7.6699086771488234e-05
1.6820532269358753e-04
1.3423117152777854e-04
1.0792890019403296e-04
1.8036882302779344e-04
5.8850803733452758e-05
1.9102449339284335e-04
9.0751981702896436e-05
1.5619446129549382e-04
1.5383978044190727e-04
8.5483563876158407e-05
1.8867138061780250e-04
5.6931022816555165e-05
1.8322035022776942e-04
1.0938682209345718e-04
1.3801727597636404e-04
1.6340750553652322e-04
7.9528972014557617e-05
1.8470186725314683e-04
6.4826705802516522e-05
1.7342475668332709e-04
1.2020140151352872e-04
1.3900414810443426e-04
1.6141304673622804e-04
7.1532549100086356e-05
1.8718062638378851e-04
6.8589982862934273e-05
1.8181560310669923e-04
1.1927934627918400e-04
1.3343340493708993e-04
1.7144986472737627e-04
6.1989583537813182e-05
1.9701324912901503e-04
7.3608236117758514e-05
1.7641401390600781e-04
1.3892194441954308e-04
1.1270404344522688e-04
1.8620973353166410e-04
6.0072505666750507e-05
1.9619786090580038e-04
9.3278070005108966e-05
1.5956247278569916e-04
1.5681971263366553e-04
9.2397963499477959e-05
1.9150864109806058e-04
5.8766088460738110e-05
1.8632368763767002e-04
1.0814241345115115e-04
1.4906279217811864e-04
1.6187093872008663e-04
9.0825748169894973e-05
1.8381498714801833e-04
6.2953371854392850e-05
1.8496900483412219e-04
1.1613181729540247e-04
1.5014205473579004e-04
1.6142473553259150e-04
7.8217926204790313e-05
1.9731698679023533e-04
6.4501472354120673e-05
1.9163461105255273e-04
1.2115436560798342e-04
1.4020167839064220e-04
1.7978014946799117e-04
6.3361020342412330e-05
2.0550513147639916e-04
7.5817779530662970e-05
1.8282849828463630e-04
1.4306840320547234e-04
1.1640347326650081e-04
1.9052001275617772e-04
6.0950176967550244e-05
1.9947554777089609e-04
9.4569005627369456e-05
1.6241634518378688e-04
1.5785635336430681e-04
1.0561801447337510e-04
1.9245257702839346e-04
6.1835280069029065e-05
1.8964710787005402e-04
1.0538940240782518e-04
1.6210118156676951e-04
1.5938837061358241e-04
1.0096321910405135e-04
1.8689126490782558e-04
6.2924815283247403e-05
1.9674249188156832e-04
1.0998329268585675e-04
1.6021360753025078e-04
1.6821792387503189e-04
8.3817568795785009e-05
2.0599739001266612e-04
6.2736699774427752e-05
1.9974508277676703e-04
1.2630339410527448e-04
1.4499229100704329e-04
1.8683021451719722e-04
6.4580912154914001e-05
2.1182759013909497e-04
7.7924838103013959e-05
1.8738723604953700e-04
1.4590899598553595e-04
1.2221965357326139e-04
1.9312031426549806e-04
6.2667699620732592e-05
2.0144961492281704e-04
9.4302991177502317e-05
1.7085118563806495e-04
1.5708100295307940e-04
1.1970395520035419e-04
1.9172143947074512e-04
6.5164845763298956e-05
1.9734115568667272e-04
1.0199098009804841e-04
1.7468803264974613e-04
1.5701051789059685e-04
1.0967741776605008e-04
1.9722789160999589e-04
6.5496272370634237e-05
2.0789936962704403e-04
1.0545923501514831e-04
1.6868242436720009e-04
1.7461492490451500e-04
8.8607607446287634e-05
2.1338016767822603e-04
6.4396103273734736e-05
2.0575059980429503e-04
1.3082425559517968e-04
1.4817146525625781e-04
1.9200332999741169e-04
6.5622487613531343e-05
2.1603225775586194e-04
7.9190692853028306e-05
1.9027839581327104e-04
1.4749017603011294e-04
1.3542435267983993e-04
1.9438975919624580e-04
6.6120725490010282e-05
2.0283255476811221e-04
9.2398448863580831e-05
1.8579513461343018e-04
1.5422795988451741e-04
1.3280630105937661e-04
1.9055522285416442e-04
6.8363452582339141e-05
2.0907103239396329e-04
9.7904251101599884e-05
1.8608725625490825e-04
1.5621730876063373e-04
1.1699119481874961e-04
2.0708626293513752e-04
6.7688998881877677e-05
2.1746966435398245e-04
1.0820034613844981e-04
1.7590526511606318e-04
1.8033575791407062e-04
9.2602965403511045e-05
2.1945786092794259e-04
6.6503719336886752e-05
2.1029748196961070e-04
1.3367049254327075e-04
1.5188125283224069e-04
1.9504185389990322e-04
7.7203914365144187e-05
2.1810838077525180e-04
7.9936730833792506e-05
1.9225734377197767e-04
1.4726334421016711e-04
1.4937395347178068e-04
1.9350787961492597e-04
7.2734711971271393e-05
2.0948413440986181e-04
8.8563156252751568e-05
2.0040085964873809e-04
1.4950645881668420e-04
1.4451809395032414e-04
1.9387472063819519e-04
7.1110363769368972e-05
2.2082841858845443e-04
9.2992745729898670e-05
1.9595268248887433e-04
1.6236645389854624e-04
1.2244727261101842e-04
2.1555518050970666e-04
6.9479153098234750e-05
2.2519737643796883e-04
1.1148463765685176e-04
1.8132565664220781e-04
1.8502911632497029e-04
9.6516953863494886e-05
2.2386207788543458e-04
6.7759922328490045e-05
2.1378674349462759e-04
1.3419495127578354e-04
1.5863752044470531e-04
1.9556392720610914e-04
9.0869868347480333e-05
2.1782756406278834e-04
7.9290460652441656e-05
2.0487376525563382e-04
1.4469002908698128e-04
1.6252522233487757e-04
1.9076146818589371e-04
8.1152774612964563e-05
2.2188883833180510e-04
8.3687740415113647e-05
2.1357344791947164e-04
1.4410864356562150e-04
1.5410284000281536e-04
2.0389026796216410e-04
7.3267968647245559e-05
2.3216402349645558e-04
9.0265023533940290e-05
2.0499394213165919e-04
1.6837295926029993e-04
1.2731476779906056e-04
2.2239927260830287e-04
7.0836271704706908e-05
2.3089991118392609e-04
1.1424018971185074e-04
1.8499401701529465e-04
1.8817505327019016e-04
1.0561771974999687e-04
2.2622222953126586e-04
6.9316936314135679e-05
2.1712462682481044e-04
1.3256432186920167e-04
1.7375196561241561e-04
1.9336328676481784e-04
1.0397032023870347e-04
2.1590546250557715e-04
7.7079829420794861e-05
2.1807530126431761e-04
1.3966473833607610e-04
1.7444187575322155e-04
1.9326369277795222e-04
8.7811745335069207e-05
2.3403815260077189e-04
7.8318037795784289e-05
2.2477478438187780e-04
1.4642617782589372e-04
1.6146797901257171e-04
2.1394196928505146e-04
7.4788139902809135e-05
2.4189519758493401e-04
9.3199410765155857e-05
2.1215962424691505e-04
1.7312314884419263e-04
1.3110771962204990e-04
2.2689945947645487e-04
7.1833853896015949e-05
2.3414583238119921e-04
1.1582757730960151e-04
1.8854229280299860e-04
1.8918535964004439e-04
1.2097554168483756e-04
2.2736902873761268e-04
7.3041517447061403e-05
2.2141970908571478e-04
1.2823373181935485e-04
1.8908358350426004e-04
1.8914784760472994e-04
1.1557531300363673e-04
2.2260949800504632e-04
7.4181298081875928e-05
2.3162866298154070e-04
1.3244967522144785e-04
1.8593463581981790e-04
2.0197630191673064e-04
9.3468021008878333e-05
2.4464776313507072e-04
7.5876992975918114e-05
2.3415466222591062e-04
1.5303601388666458e-04
1.6671205375892048e-04
2.2220171322626342e-04
7.5734887758495192e-05
2.4905901182479769e-04
9.5574660823164300e-05
2.1712425177863710e-04
1.7615893686852971e-04
1.4000099563167280e-04
2.2910605022002730e-04
7.4066039195750316e-05
2.3554869874538829e-04
1.1545793230365247e-04
1.9847847441078559e-04
1.8820323881016488e-04
1.3689557045275239e-04
2.2639796919480412e-04
7.6597794131824318e-05
2.3268757393376586e-04
1.2306388996964445e-04
2.0372123406888845e-04
1.8540208435280885e-04
1.2529209865794040e-04
2.3423331108718743e-04
7.6838742352499498e-05
2.4436384673031059e-04
1.2835519382135629e-04
1.9526771570139997e-04
2.1002106909617218e-04
9.8476724904620079e-05
2.5338123391407735e-04
7.8762994217640496e-05
2.4082532621008378e-04
1.5873258294055927e-04
1.6967415836577151e-04
2.2822294497322929e-04
7.6801154102345683e-05
2.5375080452517338e-04
9.7090285155486660e-05
2.2005444860018488e-04
1.7711179207924438e-04
1.5678978028723219e-04
2.2921995857193492e-04
7.8274188590198013e-05
2.3574590598984420e-04
1.1296145794805904e-04
2.1589927411364040e-04
1.8445665028671279e-04
1.5202534428507963e-04
2.2567406519147202e-04
8.0387091443181980e-05
2.4666018979014562e-04
1.1742057913735112e-04
2.1679677506447755e-04
1.8658198154147747e-04
1.3309878545162868e-04
2.4574942631687760e-04
7.9379936555305463e-05
2.5520367060466226e-04
1.3249049367984437e-04
2.0275024295921169e-04
2.1635658665245495e-04
1.0251466837679936e-04
2.5952136401913279e-04
8.1555046659852063e-05
2.4488014702202639e-04
1.6231262043263454e-04
1.7242425405705763e-04
2.3157600869564064e-04
8.7274693675542278e-05
2.5547883919706065e-04
9.7244593190164041e-05
2.2487077255248288e-04
1.7640454104303013e-04
1.7323114923644187e-04
2.2787445446257603e-04
8.2148825019431014e-05
2.4562392028041881e-04
1.0837979890379574e-04
2.3321100410061743e-04
1.7893855310937651e-04
1.6562044650641014e-04
2.3014290565906713e-04
8.3480564033646835e-05
2.5997703769130190e-04
1.1178970804802505e-04
2.2781809242542787e-04
1.9504303389338251e-04
1.3851197939442238e-04
2.5581944556598337e-04
8.1427621025691611e-05
2.6382571996079219e-04
1.3616609974916586e-04
2.0861777089883969e-04
2.2115015507645150e-04
1.0804331716493251e-04
2.6388569393438944e-04
8.3257607506982605e-05
2.4767121740106165e-04
1.6337081099159867e-04
1.8244432538021241e-04
2.3189491965600208e-04
1.0345155050848709e-04
2.5485678806565866e-04
9.6355544690082760e-05
2.4020519299558309e-04
1.7292597646779900e-04
1.8854297059831023e-04
2.2415210763591231e-04
9.1387741779476518e-05
2.6111287641486215e-04
1.0136071004291404e-04
2.4884727074169546e-04
1.7278500337161159e-04
1.7647130755010567e-04
2.4153111936633966e-04
8.5891990699500228e-05
2.7200313453096877e-04
1.0960063352769108e-04
2.3644137836652176e-04
2.0257233503472236e-04
1.4238739616623312e-04
2.6337144258697768e-04
8.3003656778851903e-05
2.6996526326431843e-04
1.3888394538983688e-04
2.1285056215117763e-04
2.2456077210107167e-04
1.2061649032404819e-04
2.6563471122332595e-04
8.3484217298371031e-05
2.5067516717530757e-04
1.6140890339798650e-04
2.0099909651835607e-04
2.2917059722061755e-04
1.1815969517579465e-04
2.5193571405414915e-04
9.3438069908871534e-05
2.5590737782119625e-04
1.6667482195196660e-04
2.0254201229251038e-04
2.2915880023536449e-04
9.8195594234204599e-05
2.7584710775495531e-04
9.5191735675456538e-05
2.6194261630433242e-04
1.7556156711467729e-04
1.8479131359496530e-04
2.5280739780566251e-04
8.7553519774504287e-05
2.8278055954912605e-04
1.1350629522455312e-04
2.4384296103584105e-04
2.0822810437211219e-04
1.4602027137640696e-04
2.6843421315292355e-04
8.4097250145562241e-05
2.7342344980277138e-04
1.4065059355138562e-04
2.1708210999138637e-04
2.2491742331390979e-04
1.3862326165364305e-04
2.6587372527553713e-04
8.5490586141582085e-05
2.5641915763181480e-04
1.5585470750350685e-04
2.1904058169128674e-04
2.2341386280069325e-04
1.3140007663953998e-04
2.6331000717388019e-04
8.8605722906756750e-05
2.7079956700687099e-04
1.5805133637656078e-04
2.1385407191361040e-04
2.4035403821757437e-04
1.0361750139831914e-04
2.8818950377479792e-04
9.1793248807091039e-05
2.7215541977185112e-04
1.8412980531692688e-04
1.9002002177068224e-04
2.6254790452843709e-04
8.8473357221244181e-05
2.9092517898961391e-04
1.1646322043747330e-04
2.4896648218399590e-04
2.1151171163256397e-04
1.5928348229035259e-04
2.7018976267164285e-04
8.6835498411477025e-05
2.7400878553667912e-04
1.4004080851899147e-04
2.2857991653947438e-04
2.2331039329890600e-04
1.5585224681129807e-04
2.6486075829160600e-04
8.9680812719755056e-05
2.7210192018444510e-04
1.4740072967073039e-04
2.3584313036925143e-04
2.1748582066644025e-04
1.4215269219840465e-04
2.7665697736470394e-04
8.9868020484698059e-05
2.8528448748774414e-04
1.5506233922045370e-04
2.2427587018988639e-04
2.5024498180084299e-04
1.0826969971878618e-04
2.9838280451450333e-04
9.5625048676393828e-05
2.7940588154032607e-04
1.9112764889613304e-04
1.9283955603962050e-04
2.6914635050836658e-04
8.9214922465876475e-05
2.9557253559785320e-04
1.1811195267337410e-04
2.5191359400428292e-04
2.1182732549821390e-04
1.7974516013276426e-04
2.6903897581065828e-04
9.1915457845464059e-05
2.7430963610033796e-04
1.3704565924638001e-04
2.4884519139961028e-04
2.1888614838293604e-04
1.7275912446094421e-04
2.6460086062006467e-04
9.3677977448477996e-05
2.8893272973881640e-04
1.3965083868629398e-04
2.5055513338991084e-04
2.2234661610557530e-04
1.5038518604200236e-04
2.8987183417852452e-04
9.2303904679832824e-05
2.9732805376834738e-04
1.6093518887213878e-04
2.3188524274350472e-04
2.5791551690098800e-04
1.1221698290648404e-04
3.0543764563888354e-04
9.9182460188040669e-05
2.8331314862483948e-04
1.9567182193285049e-04
1.9443131019372781e-04
2.7259492932090178e-04
9.8468943765134354e-05
2.9722124010352898e-04
1.1796460008781434e-04
2.6073853483013580e-04
2.0959119737728148e-04
1.9959851636607977e-04
2.6551936390215546e-04
9.6495682918253635e-05
2.8601738572279004e-04
1.3144564348687790e-04
2.6899740873141177e-04
2.1213720650591091e-04
1.8777273334208604e-04
2.7251424605292241e-04
9.7253310574444375e-05
3.0430110903491097e-04
1.3299695674168132e-04
2.6266830098053620e-04
2.3285410596495771e-04
1.5617476519028096e-04
3.0114915481441515e-04
9.4548976503005589e-05
3.0617709981234055e-04
1.6522621271182602e-04
2.3781691690479126e-04
2.6322820672522289e-04
1.1924059042098115e-04
3.0849360607896378e-04
1.0146426901176290e-04
2.8456556698426295e-04
1.9697665871803118e-04
2.0997407751600241e-04
2.7259448912863720e-04
1.1605193518050827e-04
2.9552063563899968e-04
1.1614700523730054e-04
2.7929759198806856e-04
2.0500808421891872e-04
2.1710768214988299e-04
2.6081103973840512e-04
1.0167155376671152e-04
3.0494434637203541e-04
1.2300540161865807e-04
2.8714465999978635e-04
2.0587034244119116e-04
2.0025686045077948e-04
2.8526296544737601e-04
9.9913179681856610e-05
3.1729425333715895e-04
1.3323836676533687e-04
2.7170392026538119e-04
2.4178156371457257e-04
1.5906879320617615e-04
3.0971202497439063e-04
9.6235490512463793e-05
3.1285315889108251e-04
1.6822685366435578e-04
2.4248808064710964e-04
2.6575194294746013e-04
1.3664997441231684e-04
3.0963501315377332e-04
1.0188200070393063e-04
2.8655933132905266e-04
1.9462224521172428e-04
2.3121678249624482e-04
2.6874932267933398e-04
1.3351126447014926e-04
2.9499750893640313e-04
1.1248549381423181e-04
2.9800903260870058e-04
1.9713602678842694e-04
2.3275723407658626e-04
2.6952933624439947e-04
1.0924662346444292e-04
3.2225992493027298e-04
1.1453612921964111e-04
3.0227900487999617e-04
2.0910963774773602e-04
2.0898637294332516e-04
2.9733241372429487e-04
1.0163709268626798e-04
3.2783989309628526e-04
1.3839734693830337e-04
2.7793852076392253e-04
2.4855583470402722e-04
1.6146204493690163e-04
3.1496428580684134e-04
9.7451958919362913e-05
3.1596097535498304e-04
1.6964836321656292e-04
2.4751232464857237e-04
2.6581175356269181e-04
1.5696898188095182e-04
3.0870179671193469e-04
1.0033614388895772e-04
2.9518877815907200e-04
1.8811383206658518e-04
2.5221002298228995e-04
2.6169603836239677e-04
1.4778796633833140e-04
3.0958918801249715e-04
1.0639547232374334e-04
3.1518194173184083e-04
1.8645914051931855e-04
2.4555890802354768e-04
2.8342379896509741e-04
1.1305325123884297e-04
3.3717705676821684e-04
1.1088525431621046e-04
3.1386246524616580e-04
2.1942904261418000e-04
2.1460863568652965e-04
3.0819018181102084e-04
1.0244860029119481e-04
3.3629595934096243e-04
1.4220714572181340e-04
2.8263773464595315e-04
2.5200159498849225e-04
1.7968490497994880e-04
3.1615010802842140e-04
1.0111401254383173e-04
3.1624614679422495e-04
1.6856858095088396e-04
2.6268237433298744e-04
2.6251675642353429e-04
1.7720055622978114e-04
3.0714924657554226e-04
1.0413649433140729e-04
3.1596113665370411e-04
1.7716071203746219e-04
2.7107189140965432e-04
2.5437690263240421e-04
1.5959097000682812e-04
3.2433115767051008e-04
1.0410129490057833e-04
3.3006076162265900e-04
1.8618539946840140e-04
2.5501922052479639e-04
2.9576215098975697e-04
1.1645222763933126e-04
3.4845377777361752e-04
1.1552705947869186e-04
3.2142614941142218e-04
2.2807834453413234e-04
2.1681288771175961e-04
3.1557174442483780e-04
1.0276473833259140e-04
3.4128643158653544e-04
1.4399459088975817e-04
2.8512613772599935e-04
2.5192654264740929e-04
2.0401843050837237e-04
3.1387248100234416e-04
1.0709042868584232e-04
3.1675736145899509e-04
1.6461233709227127e-04
2.8520439328125273e-04
2.5667070497656797e-04
1.9478740223838499e-04
3.0729094936161351e-04
1.0848727932238436e-04
3.3553611508895480e-04
1.6489235625380096e-04
2.8748671343715429e-04
2.6396490820111755e-04
1.6841583938485686e-04
3.3933141762672130e-04
1.0679194016686903e-04
3.4355949681146426e-04
1.9346754555081284e-04
2.6259238302875506e-04
3.0502160519306791e-04
1.2025910125617941e-04
3.5595618268068220e-04
1.2040793489350576e-04
3.2496190085210550e-04
2.3359820936862897e-04
2.1904784072854520e-04
3.1896583702430695e-04
1.1072541052550195e-04
3.4209941156117301e-04
1.4293400548444799e-04
2.9906929943602009e-04
2.4774768016454864e-04
2.2729527564436389e-04
3.0774089411348494e-04
1.1248517666803188e-04
3.3029149398575451e-04
1.5794140518784807e-04
3.0791592726079118e-04
2.4893418525493392e-04
2.1129967317664550e-04
3.1958255734447103e-04
1.1238292671851337e-04
3.5282494747618985e-04
1.5706666456557030e-04
3.0042192794832917e-04
2.7563818877830064e-04
1.7360077622653316e-04
3.5242218978954012e-04
1.0888151982507505e-04
3.5300235834818163e-04
1.9907771893849181e-04
2.6879450739621585e-04
3.1104393029183163e-04
1.2955037396013245e-04
3.5913741243526567e-04
1.2340587384211522e-04
3.2492038162199575e-04
2.3507820020954260e-04
2.4020010544774966e-04
3.1754203799455366e-04
1.3063217810657386e-04
3.3977661434587037e-04
1.3906133598456995e-04
3.2234695416863700e-04
2.4046556129864090e-04
2.4822966301933105e-04
3.0079646674804943e-04
1.1726921463925176e-04
3.5232218923452125e-04
1.4778570557650060e-04
3.2882738663827019e-04
2.4283358702169896e-04
2.2426190971196568e-04
3.3478893584961707e-04
1.1527330502457836e-04
3.6767250221685039e-04
1.6124535116611636e-04
3.0944886736185192e-04
2.8634928678531113e-04
1.7642679314707217e-04
3.6131391298877875e-04
1.1068808267969272e-04
3.5876688636202333e-04
2.0239277785272480e-04
2.7299528882895874e-04
3.1273801149714602e-04
1.5355207108333382e-04
3.5724847193490262e-04
1.2400369901883232e-04
3.2472457125428159e-04
2.3217922134864016e-04
2.6396430211108473e-04
3.1249038502307788e-04
1.4874151524278212e-04
3.4338608231579876e-04
1.3403193992810492e-04
3.4423498108793378e-04
2.3068326812730370e-04
2.6550392980952912e-04
3.1431046054445386e-04
1.2099668644030472e-04
3.7317722011286672e-04
1.3636856471696950e-04
3.4610211498280002e-04
2.4886913251586111e-04
2.3379935390079761e-04
3.4817703402059290e-04
1.1700171278058334e-04
3.7826320848794533e-04
1.6791770812285626e-04
3.1477321960255399e-04
2.9380036058907708e-04
1.7904784355458965e-04
3.6653883053630826e-04
1.1202021875551787e-04
3.6180555831425625e-04
2.0293660378094763e-04
2.7976450307768742e-04
3.1086792801355933e-04
1.7709961678082745e-04
3.5463723092740978e-04
1.2164487798534179e-04
3.3921300699626326e-04
2.2408596912500798e-04
2.8788364336122953e-04
3.0319572488683857e-04
1.6525705000438503e-04
3.6068135185252776e-04
1.2658883774489308e-04
3.6387728419628302e-04
2.1763511426949039e-04
2.7905666896294040e-04
3.3170850984006562e-04
1.2408788307412198e-04
3.9030170836139305e-04
1.3293155226676810e-04
3.5874691436719010e-04
2.5952577171896443e-04
2.3893073978576416e-04
3.5883628650151768e-04
1.1779198807008200e-04
3.8535686347533502e-04
1.7279759086095883e-04
3.1775643763755519e-04
2.9760323637478912e-04
2.0039498174465641e-04
3.6772023149781965e-04
1.1670549426522974e-04
3.6192573563383220e-04
2.0126675948817948e-04
3.0008860129093171e-04
3.0555022846527852e-04
1.9925116975529154e-04
3.5130981159860734e-04
1.2006547191996083e-04
3.6368214491831134e-04
2.1114010318389528e-04
3.0957502962902870e-04
2.9879604893600227e-04
1.7736747528341836e-04
3.7813030857113909e-04
1.1991910746935826e-04
3.8055543255452733e-04
2.2256588782184464e-04
2.8841226193171052e-04
3.4623363796728056e-04
1.2606257640788838e-04
4.0319278173866287e-04
1.3863224698866387e-04
3.6647515944366124e-04
2.6919752414691195e-04
2.4076737875196018e-04
3.6708844831455405e-04
1.1828206700251756e-04
3.8935391651746619e-04
1.7474029268349606e-04
3.1896833594710074e-04
2.9660341822790900e-04
2.2881803871733993e-04
3.6354148979540480e-04
1.2383707824137270e-04
3.6238594426520770e-04
1.9557453094126186e-04
3.2591864489252119e-04
2.9815834158317963e-04
2.1940218015234172e-04
3.5354251056239551e-04
1.2500919010704782e-04
3.8625096721024775e-04
1.9353388411582731e-04
3.2731794040666447e-04
3.1083486779584989e-04
1.8613822361371595e-04
3.9410375013568380e-04
1.2252880833199439e-04
3.9327387887341797e-04
2.3260115412679773e-04
2.9467565305982046e-04
3.5721410570248188e-04
1.2739531435738380e-04
4.1120748131850851e-04
1.4458285486250333e-04
3.6915953559333865e-04
2.7591206739105862e-04
2.4805535190135545e-04
3.7003898086924070e-04
1.2388607517760088e-04
3.8955110583906377e-04
1.7331424308037887e-04
3.4002379990856647e-04
2.9092054905212940e-04
2.5644418631004854e-04
3.5561413406774690e-04
1.3004864120145444e-04
3.7823134921431299e-04
1.8738223553758221e-04
3.5007831075881373e-04
2.8929434163221590e-04
2.3537728051221680e-04
3.7195868723691156e-04
1.2917870857650967e-04
4.0644298325512990e-04
1.8549391880738129e-04
3.4097550295199058e-04
3.2390144571131077e-04
1.9157624807768022e-04
4.0848626715629481e-04
1.2478787781691419e-04
4.0316140715719205e-04
2.3986889747737718e-04
2.9979608569569188e-04
3.6424411480045447e-04
1.4133441947022704e-04
4.1343842161798100e-04
1.4853984698963115e-04
3.6760243293220920e-04
2.7773059159095186e-04
2.7281713771314445e-04
3.6773055083725415e-04
1.4587565620211688e-04
3.8532580693224834e-04
1.6765568173298057e-04
3.6846641464552329e-04
2.8035517566639244e-04
2.8029624975277448e-04
3.4787567425615149e-04
1.3539054091172640e-04
4.0374108927560627e-04
1.7532998968275301e-04
3.7309120569158083e-04
2.8376693338027554e-04
2.4933916674862809e-04
3.9003653320198096e-04
1.3222164362359040e-04
4.2183836954687737e-04
1.9314547481475992e-04
3.5038942978459858e-04
3.3623264262135197e-04
1.9407596005020818e-04
4.1856245812867940e-04
1.2676368823555446e-04
4.0799581608010191e-04
2.4350042058984909e-04
3.0334760812838877e-04
3.6542040249205339e-04
1.7069423289133479e-04
4.1040162530976162e-04
1.4929471302635244e-04
3.6478060689537487e-04
2.7391630632457521e-04
3.0001708045585159e-04
3.5944468367543576e-04
1.6571576603776120e-04
3.9502122158545984e-04
1.5828738593434770e-04
3.9446808456864064e-04
2.6653367997343948e-04
2.9998078649262367e-04
3.6345161591428668e-04
1.3947513349570986e-04
4.2742470160637112e-04
1.6178560942499396e-04
3.9217166541774887e-04
2.9423416025419548e-04
2.5811583900576683e-04
4.0487107826190749e-04
1.3425177908537548e-04
4.3315921512117919e-04
2.0163048540814088e-04
3.5477935865750452e-04
3.4486341166990584e-04
1.9740143956939715e-04
4.2275433761875734e-04
1.2814213280929097e-04
4.0969086604567445e-04
2.4323171489585912e-04
3.1264163442210307e-04
3.6079455635687566e-04
1.9800210248303041e-04
4.0344275645828133e-04
1.4660731102118655e-04
3.8756338476974900e-04
2.6425213803608438e-04
3.2595699622801281e-04
3.4804386116136756e-04
1.8235790415986811e-04
4.1707389637473871e-04
1.4865789054725466e-04
4.1630712135264666e-04
2.5316869341646104e-04
3.1506151358985397e-04
3.8398217591885110e-04
1.4213085972762025e-04
4.4761235783544862e-04
1.5915885399868198e-04
4.0583827307723276e-04
3.0622105798974616e-04
2.6290771200112261e-04
4.1592798021681317e-04
1.3510646308528227e-04
4.3865730171094194e-04
2.0762618801799354e-04
3.5484678744485739e-04
3.4820172571016793e-04
2.2117901151786745e-04
4.2255099741852673e-04
1.3326800093501926e-04
4.0926534029454777e-04
2.3875376469351253e-04
3.4014934488166168e-04
3.5255864510923621e-04
2.2370144638636188e-04
3.9831520089309691e-04
1.3982783658901662e-04
4.1568858711672632e-04
2.4822412589479726e-04
3.4997832914900821e-04
3.4866430705492705e-04
1.9539528626092724e-04
4.3718980057427771e-04
1.3681047119277635e-04
4.3474047543014477e-04
2.6330478752522712e-04
3.2358899290022724e-04
4.0192048078684941e-04
1.4396370703650792e-04
4.6219968739658073e-04
1.6589251452661153e-04
4.1330605511947740e-04
3.1606020088232706e-04
2.6306177809298049e-04
4.2238794016073966e-04
1.3502137358808357e-04
4.4043633110446643e-04
2.1008382302334038e-04
3.5573394509856240e-04
3.4648595623515708e-04
2.5503452681552335e-04
4.1732362613069795e-04
1.4171333182686518e-04
4.1114843880172023e-04
2.3060510727782182e-04
3.6955569091366323e-04
3.4227434690971124e-04
2.4456550258171363e-04
4.0616455369093602e-04
1.4271955995752992e-04
4.4184482531245894e-04
2.2723356262267363e-04
3.6960969742861818e-04
3.6369200474644509e-04
2.0463805673731858e-04
4.5511631691799422e-04
1.3949485761752018e-04
4.4757779599809020e-04
2.7640863992587766e-04
3.2791362803239263e-04
4.1453486397166920e-04
1.4508774098343785e-04
4.7026587765627430e-04
1.7197349444904414e-04
4.1506343283346581e-04
3.2340706957542984e-04
2.7695852009956736e-04
4.2491228908762542e-04
1.4021401624578285e-04
4.3795899650802265e-04
2.0787217920599548e-04
3.8295186335127667e-04
3.3897675538084766e-04
2.8631400127005971e-04
4.0677517486216376e-04
1.4901239261933813e-04
4.3069247604901395e-04
2.1950325264003326e-04
3.9641065103615590e-04
3.3123279234243384e-04
2.6164013970356799e-04
4.2887582803038775e-04
1.4714007685840970e-04
4.6386591690076429e-04
2.2130070137881834e-04
3.8338908102413552e-04
3.7826172946625066e-04
2.0798338681244033e-04
4.6958398525048594e-04
1.4218062891023368e-04
4.5555621628304993e-04
2.8617747708512784e-04
3.3006735963907722e-04
4.2178610374804456e-04
1.5505161066793740e-04
4.7193882793192347e-04
1.7677885096063905e-04
4.1124361889424840e-04
3.2517844403125981e-04
3.0808486479336428e-04
4.2076278267485470e-04
1.6290265814457950e-04
4.3213274557460190e-04
2.0086266112636777e-04
4.1666610483580914e-04
3.2521753086240486e-04
3.1410211881615832e-04
3.9795736486586934e-04
1.5480706970958210e-04
4.5855550401108436e-04
2.0525742012026207e-04
4.1979808740431304e-04
3.2910688264871444e-04
2.7375779461836662e-04
4.4972019818273316e-04
1.5052094175619160e-04
4.8061061858331274e-04
2.3036386348522376e-04
3.9216688836561263e-04
3.9186127486057562e-04
2.0943995995127996e-04
4.7954299924831865e-04
1.4578718429563250e-04
4.5900095429283609e-04
2.9123757494560677e-04
3.3308802535851064e-04
4.2289773261115510e-04
1.8834411909052294e-04
4.6605087023565347e-04
1.7783449333042358e-04
4.1256481220085331e-04
3.2022175431292363e-04
3.3820047524672276e-04
4.1056330191660773e-04
1.8362610737810578e-04
4.5003464456041408e-04
1.8831538558406334e-04
4.4727719004557085e-04
3.0658614768577899e-04
3.3655918388649170e-04
4.1542120461007803e-04
1.5915901692371956e-04
4.8583760556230980e-04
1.8986769370383572e-04
4.3986246858186408e-04
3.4473494213960816e-04
2.8237353000508386e-04
4.6687264846681688e-04
1.5255583329208683e-04
4.9118914388164223e-04
2.3993889499145798e-04
3.9555248530171865e-04
4.0102881784884566e-04
2.1485216125202280e-04
4.8327411110057233e-04
1.4818672319805512e-04
4.5941389086027047e-04
2.9060015019336660e-04
3.4744728513428605e-04
4.1598427139960184e-04
2.2100999738485210e-04
4.5502711287911094e-04
1.7478590573552852e-04
4.4017254206035923e-04
3.0770915152490328e-04
3.6672258419634792e-04
3.9431764475653970e-04
2.0136889286420090e-04
4.7733945525535226e-04
1.7265722157779262e-04
4.7276025019986421e-04
2.9462783933576630e-04
3.5189518144873626e-04
4.4037440562546317e-04
1.6174389805038143e-04
5.0872953770197613e-04
1.8919105786385901e-04
4.5384969419155302e-04
3.5926947608140038e-04
2.8495271060649497e-04
4.7823147382732023e-04
1.5334108719532464e-04
4.9553612707323484e-04
2.4708171040477159e-04
3.9351242562927699e-04
4.0443490142627451e-04
2.4222907931524944e-04
4.8125581739509257e-04
1.5095891641808028e-04
4.5746793288872198e-04
2.8312399155442058e-04
3.8212760484748428e-04
4.0308843155800614e-04
2.4859543048634275e-04
4.4663540736257994e-04
1.6650752969987601e-04
4.7095756884819032e-04
2.8869715494301629e-04
3.9264996786535488e-04
4.0248392111399560e-04
2.1271295485399149e-04
5.0183801653360977e-04
1.5771833742948395e-04
4.9253247864953131e-04
3.0832757850521769e-04
3.6045986862987505e-04
4.6101799833089862e-04
1.6282163889425681e-04
5.2461738701734136e-04
1.9741411929351759e-04
4.6085261662474978e-04
3.6931486565176087e-04
2.8360656017047895e-04
4.8356780113251538e-04
1.5285641334095208e-04
4.9310745749457272e-04
2.4966672243266139e-04
3.9446947266455875e-04
4.0123330102769406e-04
2.8085002460057865e-04
4.7264171587980578e-04
1.6042535256503927e-04
4.6149097857137156e-04
2.7060732964901291e-04
4.1523342082113677e-04
3.8894346563372498e-04
2.7248120822813665e-04
4.6352542742769453e-04
1.6121518620701116e-04
5.0065142838710808e-04
2.6310110387141208e-04
4.1312504402878948e-04
4.2181250014147021e-04
2.2003839721133415e-04
5.2195445033772581e-04
1.5873714661265273e-04
5.0528305054149355e-04
3.2544201975831326e-04
3.6125672343507211e-04
4.7636608293791759e-04
1.6316482169725523e-04
5.3335459619134303e-04
2.0406221194626257e-04
4.6067574754353208e-04
3.7536973016292032e-04
3.0739506280079258e-04
4.8238488656825255e-04
1.5959188636868217e-04
4.8795220536744651e-04
2.4675021117071899e-04
4.2705707600681987e-04
3.9123131114806664e-04
3.1755071321475109e-04
4.6073104783171128e-04
1.6889184033845120e-04
4.8892919427730261e-04
2.5431233685120993e-04
4.4556173249163947e-04
3.7568198216121162e-04
2.8842789609839883e-04
4.9029613257341913e-04
1.6606675597629475e-04
5.2566946364517335e-04
2.6137853330906666e-04
4.2705808834319356e-04
4.3846984979212808e-04
2.2414855216016237e-04
5.3602337899719317e-04
1.6743930422623773e-04
5.1083270782705881e-04
3.3786817442551755e-04
3.5889340999263657e-04
4.8427516122481892e-04
1.6951512528297358e-04
5.3293355547104999e-04
2.0863427429487495e-04
4.5471039695069892e-04
3.7660204089695246e-04
3.4468735086095416e-04
4.7611551590309980e-04
1.8055325185320923e-04
4.7971126874737853e-04
2.3767082176156658e-04
4.6632522307194960e-04
3.7449828870788070e-04
3.4839869833643526e-04
4.5213419247779253e-04
1.7542839273451411e-04
5.1921424040078483e-04
2.3732011066527131e-04
4.7007609259272612e-04
3.8060633759313186e-04
2.9915880115497276e-04
5.1477082618095471e-04
1.6946925200036280e-04
5.4349518840501746e-04
2.7210581558234783e-04
4.3558900283358738e-04
4.5201237444402912e-04
2.2433271416503651e-04
5.4509646375300726e-04
1.7416374765569288e-04
5.1067193960227714e-04
3.4401280101459161e-04
3.6094574290985385e-04
4.8405312784535504e-04
2.0773467486859626e-04
5.2473969979295587e-04
2.1004056387423408e-04
4.6382245405018847e-04
3.6996645214706713e-04
3.7946101909758245e-04
4.6220913739643813e-04
2.0415088746213598e-04
5.0800653680106646e-04
2.2215748037352832e-04
5.0209937560216362e-04
3.5198204743086385e-04
3.7284124659466998e-04
4.7171262424869240e-04
1.7998319578179663e-04
5.4765471269302597e-04
2.2118130197187191e-04
4.8974967888640818e-04
4.0045514463306960e-04
3.0414153562727253e-04
5.3344986495413595e-04
1.7123770515777099e-04
5.5306526485529139e-04
2.8305471946364234e-04
4.3619259526806418e-04
4.6289225524560391e-04
2.3123512078153383e-04
5.4662811765236697e-04
1.7773470596826966e-04
5.0874910194414580e-04
3.4394345457840458e-04
3.8464417045793489e-04
4.7509747640571323e-04
2.4325621991225184e-04
5.0852724694798034e-04
2.0574404658331471e-04
4.9617826280568835e-04
3.5505062946679860e-04
4.1079790108333150e-04
4.4236266178566817e-04
2.1923175132183010e-04
5.4201363343283823e-04
2.0078432999468744e-04
5.3121297288736896e-04
3.3768526290394590e-04
3.8990283213755604e-04
4.9971736099799636e-04
1.8228333421478545e-04
5.7221950512871859e-04
2.2274859074819983e-04
5.0281296034786086e-04
4.1732225137702914e-04
3.0522338136151531e-04
5.4560231345184777e-04
1.7165631078642083e-04
5.5574931405032689e-04
2.9169954024901618e-04
4.3300878653663554e-04
4.6497882659421642e-04
2.6533504074824165e-04
5.4171336162081509e-04
1.7790997382986483e-04
5.0420116937384776e-04
3.3419931439660264e-04
4.2569582837346999e-04
4.5698342615539038e-04
2.7566643139429278e-04
4.9782305725703103e-04
1.9601948083697933e-04
5.3011892831282851e-04
3.3141351408593920e-04
4.3663619540973327e-04
4.6092851855005835e-04
2.3106641371995815e-04
5.7039324942340314e-04
1.8167756900561226e-04
5.5318346172068388e-04
3.5727924869946413e-04
3.9676156377658708e-04
5.2441659611148308e-04
1.8236293326532286e-04
5.9004232750220975e-04
2.3308142885960343e-04
5.0785694970314186e-04
4.2930562093767692e-04
3.0042996211715261e-04
5.4884970562069470e-04
1.7084353719304756e-04
5.4977488936698343e-04
2.9453121838130778e-04
4.3455410998132128e-04
4.5921374978096007e-04
3.0723899875094901e-04
5.3100305288615709e-04
1.7981030645414171e-04
5.1307355970392065e-04
3.1586347582725373e-04
4.6415435707482759e-04
4.3564392164302355e-04
2.9944545897566733e-04
5.2514419235256547e-04
1.8061652952993312e-04
5.6262289535041841e-04
3.0139659948915173e-04
4.5859592238852500e-04
4.8489632538616741e-04
2.3507521538011989e-04
5.9253652994176978e-04
1.8546616723059465e-04
5.6599655004032799e-04
3.7876178791043462e-04
3.9560796413896915e-04
5.4187198252839456e-04
1.8139563550161511e-04
5.9778596641607378e-04
2.4094092667782322e-04
5.0523594834658337e-04
4.3372331851785538e-04
3.3754521355613536e-04
5.4424111681654070e-04
1.8022333863816902e-04
5.3790824514329111e-04
2.9028646249462182e-04
4.7187939402467582e-04
4.4708379273615973e-04
3.4802445564504020e-04
5.1679718223311081e-04
1.8944079125857152e-04
5.4925799007967476e-04
2.9244110640972115e-04
4.9702758598860902e-04
4.2197688846863114e-04
3.1707214369563997e-04
5.5737993883295364e-04
1.8553268210230763e-04
5.8983215185911219e-04
3.0597134819100867e-04
4.7127663130340459e-04
5.0462255048838408e-04
2.3487988374892128e-04
6.0860922374936027e-04
1.9716827318671590e-04
5.6870218536473011e-04
3.9515869732228054e-04
3.8689755417803558e-04
5.5070030089357210e-04
1.8400141754987138e-04
5.9612098919638746e-04
2.4621649453909701e-04
4.9523268772077027e-04
4.3176061353039359e-04
3.8295324907231768e-04
5.3256587481161511e-04
1.9982043950016065e-04
5.3289840101256806e-04
2.7969368522437780e-04
5.1767507505116558e-04
4.2575750827819072e-04
3.8308916394518211e-04
5.0893260325804261e-04
1.9691812964058291e-04
5.8514225153858518e-04
2.7023303832824237e-04
5.2338062160217939e-04
4.3619220030421599e-04
3.2409824438758264e-04
5.8478248180204189e-04
1.8884116693203751e-04
6.0889505103992405e-04
3.1994508585968273e-04
4.7812679586096307e-04
5.2039876827058933e-04
2.3403501331478220e-04
6.1385942408014060e-04
2.0747181921171377e-04
5.6375272577352954e-04
4.0310043803859724e-04
3.8586086328378172e-04
5.4967282746007894e-04
2.2694012399155378e-04
5.8362413383806567e-04
2.4777167404095118e-04
5.1607216390442997e-04
4.2274654272982250e-04
4.2280213687626169e-04
5.1472654441141132e-04
2.2456875839967693e-04
5.6817973337797948e-04
2.6107549978004714e-04
5.5853277053749854e-04
3.9978554258174044e-04
4.0985853725743296e-04
5.3357883386639091e-04
2.0183433281019855e-04
6.1457294857881128e-04
2.5340730048911263e-04
5.4057723960322602e-04
4.6070342132614500e-04
3.2498560560729990e-04
6.0606738288754367e-04
1.9033009242472207e-04
6.1709892293879273e-04
3.3181541951851499e-04
4.7672050940299318e-04
5.2836295733778846e-04
2.4547110573990640e-04
6.1345777976889993e-04
2.1306922403017329e-04
5.5581639891537468e-04
4.0224351525619285e-04
4.2350748381276497e-04
5.3701195264621430e-04
2.6828130031309919e-04
5.6342478532301319e-04
2.4221967018615541e-04
5.5631428612211149e-04
4.0377050830798258e-04
4.5668987458761363e-04
4.9505734913236313e-04
2.4118082661581697e-04
6.0805005671021926e-04
2.3486557462184339e-04
5.9165015460386930e-04
3.8582483693417658e-04
4.2576835219762879e-04
5.6446609591338901e-04
2.0367816158445558e-04
6.3946945207310783e-04
2.5973698182475479e-04
5.5149542483588960e-04
4.8126378188431858e-04
3.1984506040226595e-04
6.1704559536651877e-04
1.9024670720535285e-04
6.1692182653705005e-04
3.4131711225672502e-04
4.7084589890095227e-04
5.3058170688960395e-04
2.8935773490400507e-04
6.0449916505170645e-04
2.1334830137347322e-04
5.5019017516873660e-04
3.9091010459051692e-04
4.7131029552782938e-04
5.1406030406083250e-04
3.0159746891092595e-04
5.6003894006020395e-04
2.2768887729157883e-04
5.9345703527569071e-04
3.7579480946155555e-04
4.8433543357836068e-04
5.2283191611656702e-04
2.4554321379445911e-04
6.4282932592965483e-04
2.1041580399668545e-04
6.1572707180213915e-04
4.0945634419151805e-04
4.3201618888682081e-04
5.9263679773569099e-04
2.0277682801582046e-04
6.5630507799859048e-04
2.7519751851901568e-04
5.5365014115519575e-04
4.9422816568451926e-04
3.2056644960439619e-04
6.1881338572238021e-04
1.8903078566132633e-04
6.0763666025731718e-04
3.4444147471874106e-04
4.7364398753793369e-04
5.2103068631913284e-04
3.3675697897186631e-04
5.8841766635452076e-04
2.0700118056467262e-04
5.6945043554354295e-04
3.6741463462884778e-04
5.1451518209737234e-04
4.8479694376667089e-04
3.2858853799340616e-04
5.9150891584467129e-04
2.0890974602772800e-04
6.2674562846492165e-04
3.3943032212505601e-04
5.0399269601416946e-04
5.5333097680492339e-04
2.4748686440583992e-04
6.6778860422071122e-04
2.1508035278354089e-04
6.2814581095699056e-04
4.3646928635203289e-04
4.2647003225180347e-04
6.1301171234608956e-04
1.9987539195870838e-04
6.6344517815219539e-04
2.8699834618197459e-04
5.4662229205239689e-04
4.9882296966328912e-04
3.6769665907798445e-04
6.0893614117454311e-04
2.0168136568221774e-04
5.9039919147935280e-04
3.3870068465422935e-04
5.1640345376243889e-04
5.0463157294878777e-04
3.7908893870201019e-04
5.7025289388386465e-04
2.1068444211982303e-04
6.1235983154375121e-04
3.3593444193500072e-04
5.5128578245713423e-04
4.6882250873180026e-04
3.4433379491551985e-04
6.2697389750829670e-04
2.0535612904996637e-04
6.5647977458273927e-04
3.5512729282696006e-04
5.1572397454787658e-04
5.7674227265314365e-04
2.4438516383859608e-04
6.8416165407801362e-04
2.3174017817170084e-04
6.2820989815613607e-04
4.5659691150628108e-04
4.1267062806593793e-04
6.2308254171413184e-04
2.0237840949724909e-04
6.5777855036474133e-04
2.9258802939324314e-04
5.3233318119258553e-04
4.9221664092533024e-04
4.2014316780676712e-04
5.9019006566196717e-04
2.1884870382619638e-04
5.8469742068590594e-04
3.2511110218936889e-04
5.6884997926566136e-04
4.7913919309061149e-04
4.1817062532873236e-04
5.6579554322317175e-04
2.1882329877390963e-04
6.5271431144710193e-04
3.0351534691375485e-04
5.7778037437239513e-04
4.9716352478984321e-04
3.4925231637294546e-04
6.5983719412860482e-04
2.0824973911269271e-04
6.7534362736820374e-04
3.7337404044211997e-04
5.1877445746975062e-04
5.9421811133928944e-04
2.4133357041976862e-04
6.8893373568472372e-04
2.4525233437684593e-04
6.1613784912559135e-04
4.6721859700841085e-04
4.1459890689523010e-04
6.1955066724359367e-04
2.4758021959235451e-04
6.4194399953951525e-04
2.9176942560727072e-04
5.7003459054717645e-04
4.7771244104594308e-04
4.6753955682872760e-04
5.6541818381685945e-04
2.4684803114438647e-04
6.2861700816839677e-04
3.0293015905545341e-04
6.1612888238579016e-04
4.5033523968801645e-04
4.4553548008898657e-04
6.0078678264881963e-04
2.2379768429323321e-04
6.8682787986681221e-04
2.8751571150434932e-04
5.9459300653760426e-04
5.2740227056551731e-04
3.4564096424417813e-04
6.8238790514835266e-04
2.0926012113652289e-04
6.8175684365425566e-04
3.8759140619922162e-04
5.1332434245711053e-04
6.0164621888987124e-04
2.6216524402023763e-04
6.8115809851053400e-04
2.5343241149077309e-04
5.9974738771970484e-04
4.6662946631104407e-04
4.6320753888290850e-04
6.0272553464320116e-04
2.9240560345972124e-04
6.1455602546325091e-04
2.8358795875730230e-04
6.1831904175086165e-04
4.5409399879205669e-04
5.0646501070550289e-04
5.5070201454105242e-04
2.6129098678840686e-04
6.7701672968980501e-04
2.7177736623458249e-04
6.5316703435182983e-04
4.3778848906477429e-04
4.6183495616424440e-04
6.3560609816092236e-04
2.2508420701579943e-04
7.0903206608806304e-04
3.0477863760515722e-04
5.9834154657092324e-04
5.5066172093668788e-04
3.3176923918012486e-04
6.9432045831726793e-04
2.0886328092589517e-04
6.7923587136393992e-04
3.9838964383445778e-04
5.0420306935635198e-04
5.9880592801797345e-04
3.1615697165471171e-04
6.6526574504662385e-04
2.5435028420839258e-04
5.9258221828736271e-04
4.5194576660007041e-04
5.1716498096897518e-04
5.7202139857481359e-04
3.3165065206096291e-04
6.2493026164382346e-04
2.6607533952217589e-04
6.6056864352919136e-04
4.1933106054967725e-04
5.3416808072802150e-04
5.8767986959295648e-04
2.6461323224775886e-04
7.1668058324393289e-04
2.4159895479541898e-04
6.7891145668099861e-04
4.6609589529464411e-04
4.6375980180936896e-04
6.6480047692872232e-04
2.2316653661362101e-04
7.2502443750670816e-04
3.2447876197349695e-04
5.9585268661503166e-04
5.6552348534229539e-04
3.3755773649448480e-04
6.9213012188044281e-04
2.0809229482645641e-04
6.6374201522195731e-04
4.0295755656702257e-04
5.1116242909609287e-04
5.8618066722370516e-04
3.6753606451425035e-04
6.4545163374821082e-04
2.4637828708882174e-04
6.2707192271007261e-04
4.2373372999375731e-04
5.6711830755101658e-04
5.3304905342689514e-04
3.5617181591238411e-04
6.6323620373627263e-04
2.3831232344978187e-04
6.9725647949294919e-04
3.8676543102401657e-04
5.5166538709448701e-04
6.2494740587650790e-04
2.5480928253559604e-04
7.4640591158124550e-04
2.4804897351371279e-04
6.9055221295564366e-04
4.9789982627657624e-04
4.5450593336537984e-04
6.8796267112558682e-04
2.1868986645211605e-04
7.2813365344245320e-04
3.3868935934656843e-04
5.8365543182654933e-04
5.6804973294601068e-04
3.9628690888295493e-04
6.7765379668067159e-04
2.2357887277078264e-04
6.4275339583968571e-04
3.9468878144808140e-04
5.6303281629745724e-04
5.6457904260664559e-04
4.1449440401726100e-04
6.2329462039775068e-04
2.3202262016060245e-04
6.7845457601594988e-04
3.8177110814228353e-04
6.0643027058632432e-04
5.2814524953750106e-04
3.7173955806393838e-04
7.0140931884151965e-04
2.2551219108561825e-04
7.2548352007824042e-04
4.0938682851099199e-04
5.5875155013622359e-04
6.5443384776611886e-04
2.4573316265686772e-04
7.6431084051202221e-04
2.6924138062448395e-04
6.8680079988190821e-04
5.2243130748531571e-04
4.3370554970713457e-04
6.9691435166167252e-04
2.2207241317092588e-04
7.1892405071717223e-04
3.4526814361684794e-04
5.7122300961609822e-04
5.5858024957258908e-04
4.5937146376111889e-04
6.5136033775911757e-04
2.3885014653877016e-04
6.3788246570189099e-04
3.7389581962246512e-04
6.2012626133742385e-04
5.3278853673254976e-04
4.5188154818441784e-04
6.2964109013180026e-04
2.4084302980886303e-04
7.2461733622301719e-04
3.3872801726581345e-04
6.3463098873326449e-04
5.6269726549673400e-04
3.7601013771958012e-04
7.3694820736786785e-04
2.2719700558092225e-04
7.4408654299660865e-04
4.3538176021767704e-04
5.5501672980415035e-04
6.7316867680050694e-04
2.4399126477313914e-04
7.6565279749214157e-04
2.8681391757408412e-04
6.6925088331195855e-04
5.3619672649147436e-04
4.5101216361741441e-04
6.9188261844037161e-04
2.7415815529307239e-04
6.9544759987782794e-04
3.4156688259786406e-04
6.2369111722708785e-04
5.3507981523754451e-04
5.1298566094787530e-04
6.1378453790591559e-04
2.6799879859559756e-04
6.9079731100651052e-04
3.4678011514136431e-04
6.7297956702238324e-04
4.9907539543336561e-04
4.8168417192705009e-04
6.7277317192318943e-04
2.4567112934511907e-04
7.6117078611798357e-04
3.2603979796349593e-04
6.4784697113895733e-04
5.9828248391385831e-04
3.6364130279624380e-04
7.6324619677838003e-04
2.2864158865720159e-04
7.4668610528867566e-04
4.5562766475975273e-04
5.4606179169608979e-04
6.8020200153226875e-04
2.7960143286412739e-04
7.5170053711827217e-04
2.9709513365594903e-04
6.4058556279841263e-04
5.3554804360331752e-04
5.0755029525195131e-04
6.6918751458662051e-04
3.2196107184991621e-04
6.6243319907296799e-04
3.2872024266401904e-04
6.8205945666327517e-04
5.0378090429698626e-04
5.5631015310908874e-04
6.0738142409502976e-04
2.8357059865433647e-04
7.4650918639703986e-04
3.1036761524410943e-04
7.1523019914526296e-04
4.9186261065366872e-04
4.9520286305889815e-04
7.1251373838345986e-04
2.4613053987710602e-04
7.8450357845478557e-04
3.5480200169031513e-04
6.4820734098985770e-04
6.2695740728651835e-04
3.4508204023918262e-04
7.7349291888345725e-04
2.3116171791718755e-04
7.4007975712883384e-04
4.6766972598176584e-04
5.3441460990399253e-04
6.7184694283235443e-04
3.4272454388529382e-04
7.2657389235439415e-04
2.9871686540065552e-04
6.3260340677405089e-04
5.1809892076755707e-04
5.6600461674288544e-04
6.3176403122018219e-04
3.6049783626919917e-04
6.9253827353973527e-04
3.0561878861651439e-04
7.3118652384690811e-04
4.6159901430229739e-04
5.8748021028851396e-04
6.5327489863282659e-04
2.8104751482910489e-04
7.9445118632034560e-04
2.7531690250819947e-04
7.4212975709550739e-04
5.2889857035454059e-04
4.9415655463948976e-04
7.4349810200850601e-04
2.4285530218386925e-04
7.9281531328561847e-04
3.7953338299680884e-04
6.3339258684679380e-04
6.4175901294424571e-04
3.5427229881127812e-04
7.6833918785100032e-04
2.3925938754633741e-04
7.1894141888567502e-04
4.6937834336875954e-04
5.5064898681976755e-04
6.5231350575368726e-04
4.0397574401807593e-04
6.9662672080237676e-04
2.9000960147091933e-04
6.8682740827364589e-04
4.8244725086271260e-04
6.2050983244818579e-04
5.8056536873095073e-04
3.8925356626440971e-04
7.3901721269780470e-04
2.7173492421833368e-04
7.7080070077801643e-04
4.3730777242320624e-04
6.0070287959248180e-04
6.9999469660922691e-04
2.6452967538990112e-04
8.2798769642604376e-04
2.8445493088127648e-04
7.5196118995547463e-04
5.6416065822026786e-04
4.7747864439903027e-04
7.6519593310571052e-04
2.3880256095598531e-04
7.9308936395784116e-04
3.9685605961796617e-04
6.1321943725494679e-04
6.4378326402940477e-04
4.2506137684182875e-04
7.4923589996669926e-04
2.4530099235541925e-04
6.9254961068925187e-04
4.5863137676439576e-04
6.1454094085389480e-04
6.2280660802886039e-04
4.5225674282458402e-04
6.7371437607442427e-04
2.6883965561605281e-04
7.4735520768454632e-04
4.3230943090336092e-04
6.6480088933060374e-04
5.9553214433890429e-04
4.0072573689980062e-04
7.8266817176730701e-04
2.4604244506173792e-04
7.9804274676449020e-04
4.7178170137638270e-04
6.0142902807716495e-04
7.3507980036255816e-04
2.6146824959670447e-04
8.4606975695097105e-04
3.1015611500792784e-04
7.4378068519081477e-04
5.9320283849204785e-04
4.4961949047536009e-04
7.7402716111991184e-04
2.4584998400871053e-04
7.7597246107483043e-04
4.0369251636876712e-04
6.1234809489722829e-04
6.2824107556111734e-04
4.9774107667943050e-04
7.1355860050034117e-04
2.6128591546498939e-04
6.9091094819899825e-04
4.3159469814049001e-04
6.7583645513113436e-04
5.8412517665071186e-04
4.9056412076206438e-04
6.9678458287903463e-04
2.6266800163073182e-04
7.9958939571502137e-04
3.7401501877054388e-04
6.9129477598183170e-04
6.3495379659711808e-04
3.9754799525442124e-04
8.1972956140360768e-04
2.4641311039794487e-04
8.1424005423424495e-04
5.0716777034244705e-04
5.9022289520878248e-04
7.5700550680137804e-04
2.5660638264606212e-04
8.4615615459873847e-04
3.3146292827278891e-04
7.1773911855415771e-04
6.0927045648362550e-04
4.8793822682147533e-04
7.6355836633290694e-04
3.0451879149111726e-04
7.4603089058894055e-04
3.9800227245570573e-04
6.7834551496847174e-04
5.9777979909666590e-04
5.6146109011224197e-04
6.6748851594873246e-04
2.9341401509460811e-04
7.5317438595705062e-04
3.9361823086282065e-04
7.3343312127819573e-04
5.4970965919808620e-04
5.1489534423983154e-04
7.4865692194584442e-04
2.6702465784617894e-04
8.3996990119484367e-04
3.7583110071759954e-04
7.0283017360876462e-04
6.7508208733270164e-04
3.8340672182674370e-04
8.4660139613141488e-04
2.5965720707709641e-04
8.1162145136326057e-04
5.3159001231609473e-04
5.7233206696172896e-04
7.6419361458499556e-04
2.9849825042522907e-04
8.2466541083504755e-04
3.4986561504792094e-04
6.7732898983884310e-04
6.0851854646986920e-04
5.5250737495846937e-04
7.3562375597172795e-04
3.5497228872359891e-04
7.1108975870502668e-04
3.7836353756225398e-04
7.4679138666018706e-04
5.5236732953756001e-04
6.0987122196599626e-04
6.6230205847266001e-04
3.0473323954060318e-04
8.1864284836380636e-04
3.5033057630414215e-04
7.7880896516185970e-04
5.5574976089706153e-04
5.2700382351291851e-04
7.9570969531031954e-04
2.6629119668764397e-04
8.6226860464432887e-04
4.1035078493868379e-04
6.9696348780932547e-04
7.0726992481046048e-04
3.5973769501395410e-04
8.5658440393968983e-04
2.7428954830992528e-04
7.9787625459048106e-04
5.4605409744967325e-04
5.6051589247053544e-04
7.5039551691116519e-04
3.7465725896390780e-04
7.8615731940976763e-04
3.5513203377709291e-04
6.8207791073018106e-04
5.8664038800379113e-04
6.1901799794270311e-04
6.8845782280534812e-04
3.9652076359712361e-04
7.6252448357857919e-04
3.4808430070657517e-04
8.0532578159906039e-04
4.9959557969549552e-04
6.4182708384165474e-04
7.2163349157936918e-04
2.9824548534633277e-04
8.7216216106901999e-04
3.1103626566549540e-04
8.0618116328900590e-04
6.0097395669335646e-04
5.1918266340543581e-04
8.2894511329693920e-04
2.6333184807147915e-04
8.6720870218829184e-04
4.4066124833365585e-04
6.7256042321453752e-04
7.2530192283350333e-04
3.6921217361239708e-04
8.4674197364365857e-04
2.8547933254184345e-04
7.6901161263997206e-04
5.4324961643141274e-04
5.9325890233229248e-04
7.2143043588038670e-04
4.4028453926698316e-04
7.4407326432936909e-04
3.4396253023515739e-04
7.4850195029289672e-04
5.4482729082846429e-04
6.7943198993797652e-04
6.2756217755832364e-04
4.1899852351761399e-04
8.2110566947137204e-04
3.0509471841365160e-04
8.4960933463450216e-04
4.9235399889426435e-04
6.5401023002097428e-04
7.7719627274535502e-04
2.8602464104885458e-04
9.1121540491743611e-04
3.2761761228188529e-04
8.1253398463651137e-04
6.3899819427494075e-04
4.9559629533517337e-04
8.4741759679108979e-04
2.5763460407073079e-04
8.5341859965041645e-04
4.6179713487130110e-04
6.3688848838552750e-04
7.2381800650441321e-04
4.5157424671928123e-04
8.2045778049206716e-04
2.8824606590233034e-04
7.3744296367265116e-04
5.2806069864196352e-04
6.6860170314780919e-04
6.8050189980321764e-04
4.9654784070485595e-04
7.2011122605685038e-04
3.1565807127573414e-04
8.1876028816010513e-04
4.8281863749378257e-04
7.2427386548588684e-04
6.6581409829702431e-04
4.2776763562688973e-04
8.6970051046933992e-04
2.6563303713799660e-04
8.7636216503061612e-04
5.3946536909570966e-04
6.4316566005642110e-04
8.2083065027663239e-04
2.8184629278142967e-04
9.3096746242446883e-04
3.5539284627385986e-04
7.9685787231337896e-04
6.6978106149531171e-04
4.6019917143308941e-04
8.5193498453666795e-04
2.7225652799298382e-04
8.2945061008781297e-04
4.6872766308736453e-04
6.4908321566445315e-04
7.0358664620998501e-04
5.3761801333255112e-04
7.7622883661187701e-04
2.8623177127202895e-04
7.4375774331166423e-04
4.9330513508949111e-04
7.3897867406615776e-04
6.3327850812002818e-04
5.3194269192761425e-04
7.6698489652143116e-04
2.8411093492808023e-04
8.7839937904950357e-04
4.0897741996363552e-04
7.5274075051302576e-04
7.1242874101042509e-04
4.2150737250400497e-04
9.0783060759932110e-04
2.7706200076012841e-04
8.8459348194067447e-04
5.8456893441426573e-04
6.2032941859859825e-04
8.4695318265063432e-04
2.7541768520701664e-04
9.2579046128179467e-04
3.8719729104699075e-04
7.6231507827790180e-04
6.8725385340908610e-04
5.2897771884933165e-04
8.3683899313106969e-04
3.3990928826537414e-04
7.8744808268875032e-04
4.6028822960109426e-04
7.3234506605229007e-04
6.6456122341321299e-04
6.1022776497616008e-04
7.2309524649771773e-04
3.1813130289112113e-04
8.1799010937186019e-04
4.4723029500346291e-04
7.9477343936712637e-04
5.9860870821290568e-04
5.5185725626917916e-04
8.3160993896718414e-04
2.8767633588251663e-04
9.2176373376048166e-04
4.3150875024640113e-04
7.5927390423712905e-04
7.5765057977429239e-04
3.9600658186376216e-04
9.3552886113819236e-04
3.0376812263239431e-04
8.7766797912070752e-04
6.1681993235066131e-04
5.9299938685979483e-04
8.5292773907719990e-04
3.2315453834896927e-04
8.9870941638379033e-04
4.1078433234582320e-04
7.0837154447171106e-04
6.8418754403927994e-04
6.0585031151140782e-04
7.9888846850024434e-04
3.9712278071713793e-04
7.6647096523862210e-04
4.3450660411141977e-04
8.1507909466038350e-04
6.0659755579121162e-04
6.6425107551796041e-04
7.1877277502789148e-04
3.2907624140009862e-04
8.9141062729962981e-04
3.8871662811507660e-04
8.4266605368061415e-04
6.2520739876304528e-04
5.5382673166816756e-04
8.8417071580248823e-04
2.8644992285437130e-04
9.4557171420597006e-04
4.7080849854220505e-04
7.4541648294114611e-04
7.9562809548818436e-04
3.6750001384959117e-04
9.4206248406935092e-04
3.2797376749979550e-04
8.5213852514793176e-04
6.3390801349349156e-04
5.7930962532588728e-04
8.3589300335597293e-04
4.0724661671316800e-04
8.4561976561723588e-04
4.1813583317574344e-04
7.4141057046016713e-04
6.5796038923624162e-04
6.7622838995112105e-04
7.4224643829000846e-04
4.3206945998772850e-04
8.3633741144873265e-04
3.9152918746112068e-04
8.8207927229560438e-04
5.3678759516172291e-04
6.9873614004695487e-04
7.9137000130622391e-04
3.1328958044213095e-04
9.5394360854695270e-04
3.5030059065108073e-04
8.6937986772446161e-04
6.7923626816229516e-04
5.3925771785818459e-04
9.2243293930004610e-04
2.8273202511039998e-04
9.4312569207699723e-04
5.0927458748907810e-04
7.1315654924863523e-04
8.1313782875090375e-04
3.8389851741187986e-04
9.2478667008863771e-04
3.4283166361209029e-04
8.1438648508894401e-04
6.2931684074028706e-04
6.3821158043663188e-04
7.9146477748239658e-04
4.8592371277765870e-04
7.8459584039621607e-04
4.0597114967103911e-04
8.1694182947976109e-04
6.0628791377402482e-04
7.3917592564358133e-04
6.9103211473470747e-04
4.5669588485431370e-04
9.0580003918490099e-04
3.3921688009196050e-04
9.3284307873260587e-04
5.4567084778430874e-04
7.0565546601236045e-04
8.5932372461696696e-04
3.0858818228712582e-04
9.9773262335318036e-04
3.7628688258528067e-04
8.7043857001497366e-04
7.2519052386514952e-04
5.0421916569373237e-04
9.3750217673094953e-04
2.7514725272845269e-04
9.1871891522780555e-04
5.3528829189715930e-04
6.6771159964582733e-04
8.1057942804273859e-04
4.7988155666633389e-04
8.9179881752472745e-04
3.4555010471242295e-04
7.8130342547870881e-04
6.0335936344896627e-04
7.2788275137945335e-04
7.3417330296554487e-04
5.4177066297783183e-04
7.6410351416484690e-04
3.7117224867717951e-04
8.9378063886610634e-04
5.3347949313438761e-04
7.9050977347039321e-04
7.4383888710925653e-04
4.5340843591380357e-04
9.6372079725274868e-04
2.8633533917178682e-04
9.6023932127606597e-04
6.1031289983669106e-04
6.8715250163884690e-04
9.1038520262217012e-04
3.0133732474820770e-04
1.0154330436359365e-03
4.1263683939467787e-04
8.4671346132482439e-04
7.5372996863595115e-04
4.8287233777827889e-04
9.3316377460780540e-04
3.0468088820572825e-04
8.7371783883931689e-04
5.4913757759406003e-04
6.8513843114440930e-04
7.8328254932337753e-04
5.7742849164031066e-04
8.3514627645261638e-04
3.3537012030539204e-04
8.0504567742222628e-04
5.5926017716424661e-04
8.0557916710384601e-04
6.7531535640376849e-04
5.8130364984507589e-04
8.4317407612561127e-04
3.1628390955347734e-04
9.6160038070793302e-04
4.5589478082659710e-04
8.1287614567211231e-04
8.0137705985827332e-04
4.3512024267695210e-04
1.0076441664102944e-03
3.1646427287469200e-04
9.5980292710140871e-04
6.6926880970412676e-04
6.4422596454456727e-04
9.4300921997791162e-04
2.9141499336927858e-04
1.0072681394722217e-03
4.5059039982731926e-04
7.9687444974194891e-04
7.7047245508730748e-04
5.7182836167611498e-04
9.0757927682022163e-04
3.8256265634895774e-04
8.2114566029866374e-04
5.3911746281544199e-04
7.8682082289719974e-04
7.3393189446103459e-04
6.6097738453384561e-04
7.7514935179710072e-04
3.4612575817451023e-04
8.9144887079286304e-04
5.0099351901516822e-04
8.6820394150296371e-04
6.4418445029587861e-04
5.9000688917278826e-04
9.1867125986251825e-04
3.0706494497764958e-04
1.0081718506682468e-03
4.9504181973030349e-04
8.1352167764532559e-04
8.5055577557885799e-04
4.0475604804369482e-04
1.0277393242979502e-03
3.5736381316694532e-04
9.3859686673537128e-04
7.1040704859611436e-04
6.0127963073057272e-04
9.5249108104773230e-04
3.5001210327545445e-04
9.6807040231748881e-04
4.7828869110124844e-04
7.3274621946918278e-04
7.6394875282178936e-04
6.6321022864460077e-04
8.5973189648698477e-04
4.4371979287765218e-04
8.2214877605731821e-04
5.0400221914329393e-04
8.8324715118813567e-04
6.6375775517300980e-04
7.2255974345112077e-04
7.7560635172196847e-04
3.5022338161151299e-04
9.6987984074511566e-04
4.2952729184914026e-04
9.0709596215668930e-04
6.9884298748710150e-04
5.7976333615296903e-04
9.8129841142971172e-04
3.0674823274922286e-04
1.0294901897582340e-03
5.4180731940198603e-04
7.9411294405975694e-04
8.8866253404336283e-04
3.7017320092047845e-04
1.0316700729909739e-03
3.8856472240695407e-04
8.9870790772346378e-04
7.3139652138365862e-04
5.9207048608403705e-04
9.2748502426054228e-04
4.5118316320677423e-04
9.0349363374762751e-04
4.8739143498678693e-04
8.0407343055083694e-04
7.2951305870868949e-04
7.4443120481023132e-04
7.8732558628894693e-04
4.8159251936842249e-04
9.1153020431106494e-04
4.4407969101541264e-04
9.6467667632236273e-04
5.8427736057859998e-04
7.5630710919129729e-04
8.6378507515307403e-04
3.3869795077870582e-04
1.0418892975299320e-03
3.8834157596929673e-04
9.3082026439902444e-04
7.6723276480844451e-04
5.5083589614813037e-04
1.0221083943004034e-03
3.0125812619443012e-04
1.0192124193025155e-03
5.8842021280222612e-04
7.4563538784619572e-04
9.0987993110593112e-04
4.0116772554647892e-04
1.0036928418262398e-03
4.0697999219759266e-04
8.4990292294826061e-04
7.2544530286205858e-04
6.8695985139609122e-04
8.7314886950018401e-04
5.3286475060375480e-04
8.2096830708961127e-04
4.7158097157722767e-04
8.9176372945315517e-04
6.6826176598281848e-04
8.0840540146296812e-04
7.5127568351809524e-04
4.8892201445429890e-04
9.9843257649204036e-04
3.7038590594296261e-04
1.0202849290140779e-03
6.0653012887889853e-04
7.5983852848662868e-04
9.4454418810228143e-04
3.3240195730736306e-04
1.0853078246249798e-03
4.3204323502747498e-04
9.2542677256171352e-04
8.1930988765314158e-04
5.0320040499025312e-04
1.0361549345187602e-03
2.9481307035472275e-04
9.8277825462425518e-04
6.2864057532668156e-04
6.9504562232092562e-04
8.9991130365637433e-04
5.1358313865819058e-04
9.5944624759289516e-04
4.1615655424598823e-04
8.1624215340166725e-04
6.8717260570239969e-04
7.8948924463464326e-04
7.9186535453609882e-04
5.9925321075087238e-04
8.3215613915515996e-04
4.3099272964843818e-04
9.7593055679006237e-04
5.7911378705854781e-04
8.5597932001323931e-04
8.2718318843840030e-04
4.8381215871489102e-04
1.0659999378346515e-03
3.1745121845828343e-04
1.0473724175291803e-03
6.8823926377374709e-04
7.2968887760666457e-04
1.0112302628699590e-03
3.1970173929242104e-04
1.1040990893300484e-03
4.8469670331001972e-04
8.9003655481458314e-04
8.5287887452596494e-04
5.0957882919200413e-04
1.0198100265995265e-03
3.4176087897549464e-04
9.2185326390047779e-04
6.4282163053411159e-04
7.2057569018144031e-04
8.6510988107071668e-04
6.2194846939026991e-04
8.9082320143747424e-04
4.0127261075388859e-04
8.7153250764981927e-04
6.2874844754227867e-04
8.8076448141673062e-04
7.1097100220326255e-04
6.3007858736247090e-04
9.2278459944587744e-04
3.6380212534263664e-04
1.0507734607420089e-03
5.1583220628355537e-04
8.8051569734916551e-04
8.9902973503188852e-04
4.5489602399470210e-04
1.1138292957308725e-03
3.6341367804095421e-04
1.0412664426874326e-03
7.6104640159851673e-04
6.7029190977595091e-04
1.0488124196841762e-03
3.0677194404668063e-04
1.0856310734465994e-03
5.2544933125406789e-04
8.2717727018041158e-04
8.5994214610756977e-04
6.1793124432351417e-04
9.7772752783597703e-04
4.3300488445699762e-04
8.4624703694692041e-04
6.2907183007133560e-04
8.4042384523181691e-04
8.0605821346356379e-04
7.1661656267745497e-04
8.2579120427468363e-04
3.7412312625529633e-04
9.7282253501325508e-04
5.5284680776776778e-04
9.4552978585512248e-04
6.9102144906509554e-04
6.3818379285398869e-04
1.0127863256477372e-03
3.2687682333250052e-04
1.1011056232741274e-03
5.6941800471564262e-04
8.7018920841705916e-04
9.5630179643344795e-04
4.0975194588798971e-04
1.1331798105260686e-03
4.1575020679304107e-04
9.9965960538103346e-04
8.1236675887076475e-04
6.0432923623385791e-04
1.0547595104829547e-03
3.8500172071997897e-04
1.0369371821460731e-03
5.5425525102799074e-04
7.7693611742059787e-04
8.4672248534532562e-04
7.2786232089995441e-04
9.1243872248286683e-04
5.0107492726230276e-04
8.7448934324075678e-04
5.8321418306704631e-04
9.5656505072422120e-04
7.1959377421076747e-04
7.8308543345312321e-04
8.4469663967479841e-04
3.7266922289859070e-04
1.0612587900266431e-03
4.6919654402471759e-04
9.8538944238298412e-04
7.8286263244147696e-04
6.0713654451988934e-04
1.0843414101267522e-03
3.2499995354770328e-04
1.1168899300361130e-03
6.2678447229082518e-04
8.3394012859592278e-04
9.9347221075463360e-04
3.7641131521781506e-04
1.1232596580768770e-03
4.5956058484281044e-04
9.4072744051482376e-04
8.3856613734474106e-04
6.1154742541808329e-04
1.0249873777849424e-03
4.9645944175275589e-04
9.5182505324453248e-04
5.6772436834993543e-04
8.7089451733267495e-04
8.0228737704350075e-04
8.2007744253865503e-04
8.2617815757386444e-04
5.3837730469176307e-04
9.9058703561294057e-04
5.0973980579475681e-04
1.0472877429896742e-03
6.3500109641339837e-04
8.1794001658838775e-04
9.4110957929145907e-04
3.6523370564029166e-04
1.1305712629249088e-03
4.3490167881763130e-04
9.9160452246381862e-04
8.6257873104183364e-04
5.5746545127834904e-04
1.1299204016009081e-03
3.1979867932717035e-04
1.0984964594519687e-03
6.8563257660588612e-04
7.7771182290785681e-04
1.0111997495904814e-03
4.3504525140462347e-04
1.0829635825813724e-03
4.9325439967293639e-04
8.7734172687063097e-04
8.3009854855498489e-04
7.3940676576174000e-04
9.5343149670452693e-04
5.9646812967624301e-04
8.4742670985406396e-04
5.5170284301139609e-04
9.7615216786066492e-04
7.2539349552042825e-04
8.9091392867849122e-04
8.1952650068107169e-04
5.3853118223173911e-04
1.0953008402467134e-03
4.1030431361139966e-04
1.1116508954978298e-03
6.6538818223854808e-04
8.1383174272331384e-04
1.0389494758047666e-03
3.5522446987514006e-04
1.1790677437330788e-03
5.0236222030708942e-04
9.7404814189143755e-04
9.2691230672955333e-04
4.9062194375651240e-04
1.1405944607224485e-03
3.4920794537075854e-04
1.0528674446531295e-03
7.3112391227432528e-04
7.1435958763049778e-04
9.9676961455611476e-04
5.5985959840023746e-04
1.0203388388692895e-03
5.0562625153281640e-04
8.4646916579187023e-04
7.8288194043085518e-04
8.6239955076518825e-04
8.5016338593596518e-04
6.5763482847595151e-04
9.1030080670537639e-04
4.9700531921355871e-04
1.0703802584391691e-03
6.2084461180883022e-04
9.3315607540320937e-04
9.1649736372549303e-04
5.0601850023639149e-04
1.1777189538415972e-03
3.5262681579748006e-04
1.1401153052857187e-03
7.7023690338907881e-04
7.7067486617511942e-04
1.1160710542364840e-03
3.3679637215593638e-04
1.1909090324093595e-03
5.6749162434909515e-04
9.2594447624307909e-04
9.5982869475441039e-04
5.2738631363096139e-04
1.1129013395237614e-03
3.8740318598186389e-04
9.7073849829798010e-04
7.4825511207990251e-04
7.5641811369509481e-04
9.4933750721080956e-04
6.7743133838670314e-04
9.3954257465201361e-04
4.8732690709922619e-04
9.4253350240253565e-04
6.9951468777309719e-04
9.6038424486398748e-04
7.3968422186396611e-04
6.9490753428645897e-04
1.0158051354640920e-03
4.1266203053424538e-04
1.1495891536151392e-03
5.7599589997608003e-04
9.4348343554914716e-04
1.0065739619332470e-03
4.5735689548519074e-04
1.2322117428511079e-03
4.1319675643129277e-04
1.1233698958344369e-03
8.6029106639540697e-04
6.9314185477275722e-04
1.1580530710876011e-03
3.2121396508243296e-04
1.1661131870239032e-03
6.1348295733770048e-04
8.4198522570840440e-04
9.6400929691896613e-04
6.6904421277479359e-04
1.0496856422531854e-03
4.9354933907788136e-04
8.7792675832881935e-04
7.2708799606559162e-04
8.9868282183228618e-04
8.7478310819697326e-04
7.7758359270227700e-04
8.7154337668584930e-04
4.4066817803509824e-04
1.0615701654800227e-03
5.9960751900883845e-04
1.0345966053497480e-03
7.6283483820964470e-04
6.8689136452953635e-04
1.1154064651801511e-03
3.4513689911771925e-04
1.1985971119874430e-03
6.5119639253685365e-04
9.2472494185040380e-04
1.0742165487731465e-03
4.0002062368150960e-04
1.2457355831377681e-03
4.8091949813503838e-04
1.0654343455328472e-03
9.2428622565229857e-04
5.9614324507036281e-04
1.1648456044129299e-03
4.4285570632314854e-04
1.0971619227030443e-03
6.4804055370925565e-04
8.2438749463518252e-04
9.3238789829674039e-04
8.0221390947525202e-04
9.6077087396545860e-04
5.6878470883933155e-04
9.2654180633059281e-04
6.7190486417733751e-04
1.0295667795890077e-03
7.7399419400584998e-04
8.4983556989666248e-04
9.2455261750599472e-04
3.9485554907602889e-04
1.1633946651115109e-03
5.0150556431481804e-04
1.0658608107826670e-03
8.7242464611550876e-04
6.4239756714188408e-04
1.1978783502448419e-03
3.4125942552177939e-04
1.2116988866141803e-03
7.3049570582394666e-04
8.7969893573457592e-04
1.1158193063320299e-03
3.7119534569158029e-04
1.2207718554407606e-03
5.5003848075913138e-04
9.7658680913383891e-04
9.5562572763873397e-04
6.6056376032572390e-04
1.1207908928275419e-03
5.6020419412170170e-04
9.9655854529926975e-04
6.6597782138000188e-04
9.4789700184629282e-04
8.7315623285350160e-04
9.0559016591709458e-04
8.4785849711463206e-04
6.0430487993847642e-04
1.0680296457437786e-03
5.8200227758094464e-04
1.1389035327287989e-03
6.8730724970774110e-04
8.8126459798949623e-04
1.0353918961426242e-03
3.9134392426079794e-04
1.2356380476511929e-03
4.9274702341215338e-04
1.0636906956878849e-03
9.7246916391205049e-04
5.7092020037074250e-04
1.2463050488196758e-03
3.7126890604890947e-04
1.1813033517570058e-03
7.9927506559534221e-04
8.0568567210512134e-04
1.1232326527532092e-03
4.7230661438750341e-04
1.1625565790612986e-03
5.9231080894199561e-04
8.8824466539257887e-04
9.4383384092449436e-04
8.0491729005948527e-04
1.0359566936931522e-03
6.6025853730676955e-04
8.9830420439837393e-04
6.4187257173131088e-04
1.0698515383147904e-03
7.7848673392646246e-04
9.8397010355811545e-04
8.8054943089701924e-04
5.9581098361297850e-04
1.2012728271841306e-03
4.5935117581989249e-04
1.2106110781978398e-03
7.3257752974801888e-04
8.6739278866584393e-04
1.1408452465308141e-03
3.7806001375384555e-04
1.2726587478406239e-03
5.8407758896550247e-04
1.0210220965221370e-03
1.0422143434919951e-03
4.7286850060872709e-04
1.2515234668953926e-03
4.2053992212842304e-04
1.1158129014573199e-03
8.4981837001891266e-04
7.4012929652352347e-04
1.1051242514402715e-03
6.2318170143074280e-04
1.0776615139069833e-03
6.0740559414285133e-04
8.7580106278639875e-04
8.8472859701869142e-04
9.3993992059829929e-04
9.0562283743750066e-04
7.3720154025178639e-04
9.9710157716404639e-04
5.7642285632652037e-04
1.1759073834778546e-03
6.5061806753334659e-04
1.0200153570528569e-03
1.0113148091634475e-03
5.4371384840511973e-04
1.2953699234058427e-03
3.8978276952366010e-04
1.2351865368913928e-03
8.5876947639164608e-04
8.0941777034774772e-04
1.2275585861609552e-03
3.5339861496829400e-04
1.2803306698982153e-03
6.5975780742302381e-04
9.4744335626886929e-04
1.0823075927203756e-03
5.5495677488800695e-04
1.2112353035709099e-03
4.6589908648571625e-04
1.0183127569589870e-03
8.6409931574511648e-04
8.0335417271271603e-04
1.0399064130676360e-03
7.4720282183356873e-04
9.7988385984335469e-04
5.8540032953988152e-04
1.0202421080413714e-03
7.7989229335415110e-04
1.0569366768016942e-03
7.6476734366523903e-04
7.5661595781657777e-04
1.1179126257305147e-03
4.6496792283728315e-04
1.2543194392426805e-03
6.4795360074352702e-04
1.0222116334456957e-03
1.1220828911333194e-03
4.6855807474649480e-04
1.3542298008642119e-03
4.6713304558388904e-04
1.2116290946738244e-03
9.6812456845216056e-04
7.0676940998934737e-04
1.2794884355278536e-03
3.6159821529873888e-04
1.2373972374632261e-03
7.2681821177258889e-04
8.4651788390014131e-04
1.0767262682198422e-03
7.2570713666475809e-04
1.1269711719503162e-03
5.6132686453615047e-04
9.1108032199309667e-04
8.3596123144121307e-04
9.6369834722661457e-04
9.4569383527539383e-04
8.5002717092389889e-04
9.1277335712861940e-04
5.1948152081467646e-04
1.1619527831340443e-03
6.4372788602098583e-04
1.1285313295236377e-03
8.5083563652690094e-04
7.4283472762631884e-04
1.2315957072559795e-03
3.6338325337366732e-04
1.3088222948369034e-03
7.5697853506805622e-04
9.7595462388532970e-04
1.2047043366726724e-03
3.9102298407286387e-04
1.3730875203128369e-03
5.6368634776822544e-04
1.1291206623684636e-03
1.0441685266708316e-03
5.8983332437265472e-04
1.2739251080095134e-03
5.0786784316271224e-04
1.1554045390520234e-03
7.6658986370468972e-04
8.6833220715320223e-04
1.0295830201591701e-03
8.8111337500437184e-04
1.0035609936320340e-03
6.4655901011058023e-04
9.8322147324221868e-04
7.6687806446243823e-04
1.1144822496896717e-03
8.2488360680885088e-04
9.2274582547180245e-04
1.0121606593789091e-03
4.2817118377095161e-04
1.2754091053628191e-03
5.2349423569894604e-04
1.1629055382698277e-03
9.7676250749359375e-04
6.8774992319417690e-04
1.3241007174993353e-03
3.8073024137898974e-04
1.3072468219363714e-03
8.5555395084453961e-04
9.0437645701587439e-04
1.2545900938766329e-03
3.6616037344803349e-04
1.3280914177491456e-03
6.4904943933324780e-04
1.0103071324613936e-03
1.0813211725549149e-03
7.2023422420003467e-04
1.2229950254144788e-03
6.4381147940265071e-04
1.0248443467506523e-03
7.7266612526635803e-04
1.0274275069920309e-03
9.4046854829146808e-04
1.0085592634989802e-03
8.6057788860325430e-04
6.8266669710847431e-04
1.1550613014675109e-03
6.5951653667738381e-04
1.2369576656579202e-03
7.3651833190060533e-04
9.4761999503817070e-04
1.1482070359236153e-03
4.1789154190863650e-04
1.3557985701009938e-03
5.6491445462263318e-04
1.1357779889312174e-03
1.0900066548851187e-03
5.8179570983043984e-04
1.3730110955216084e-03
4.4578442388919893e-04
1.2604174506139233e-03
9.3478945883181781e-04
8.1213725465071045e-04
1.2538727965317603e-03
5.2637992447290339e-04
1.2359709007791057e-03
7.0878931827990680e-04
8.9234252763728701e-04
1.0655494989717429e-03
8.8150328455573559e-04
1.1114786992264282e-03
7.5270890095412374e-04
9.6265642426742620e-04
7.3978515985949442e-04
1.1818580729401576e-03
8.2112711573104264e-04
1.0921144472545294e-03
9.5155330983999606e-04
6.5833636348185175e-04
1.3044177422224413e-03
5.1491911584819916e-04
1.3138129156726418e-03
8.1675282762354296e-04
9.2158757382295538e-04
1.2626648319270450e-03
3.9914095019101293e-04
1.3840299447821158e-03
6.7420567842800679e-04
1.0718824545006556e-03
1.1771610602949437e-03
4.8068474270482282e-04
1.3726546017835599e-03
5.0733848384812961e-04
1.1834142492083341e-03
9.7953800391087625e-04
7.5782869556290241e-04
1.2175900276628917e-03
6.9318138964161223e-04
1.1192964494721384e-03
7.4095652470998474e-04
9.2867701057025348e-04
9.9293105387615772e-04
1.0388655947506959e-03
9.5935179204094390e-04
8.1472033301373205e-04
1.0996015541381238e-03
6.5471851597222696e-04
1.3026783229942800e-03
6.6963041385427848e-04
1.1213523060590012e-03
1.1129084602254711e-03
5.8458055237975870e-04
1.4285626839248295e-03
4.3264008963734982e-04
1.3395646380265980e-03
9.5851721080438533e-04
8.3849042761731352e-04
1.3534986748721715e-03
3.7173013391666738e-04
1.3653806703309204e-03
7.7736455480216591e-04
9.6323634950082522e-04
1.2135040375709021e-03
5.7893418398860237e-04
1.3160700316222633e-03
5.6833223180250433e-04
1.0616854992619271e-03
9.9573944400264502e-04
8.6340261389621434e-04
1.1354606835917262e-03
8.4401995388150958e-04
9.9810227474397264e-04
7.1720321993794971e-04
1.1107595469455626e-03
8.6381375792632224e-04
1.1594259392501971e-03
8.3113197077761848e-04
8.4348207915116978e-04
1.2385946245846151e-03
5.2435936510627384e-04
1.3837325757738387e-03
7.2349688737649825e-04
1.0978092922373920e-03
1.2515180877973910e-03
4.6854913122799160e-04
1.4940933598412433e-03
5.2656146356395419e-04
1.2963964103484163e-03
1.0839265591022955e-03
7.1321499604274339e-04
1.3998957588411149e-03
4.2826004842341401e-04
1.3093477950966038e-03
8.6096047147717005e-04
8.2869410859212123e-04
1.2042993674201033e-03
7.8518415559529714e-04
1.2078260204392937e-03
6.4782333367350870e-04
9.5160909433317285e-04
9.5339950059426500e-04
1.0492882415321615e-03
1.0187050450563657e-03
9.4002912460488522e-04
9.5316809000989473e-04
6.3448325586743025e-04
1.2724502386768375e-03
6.9013254932345585e-04
1.2438376778486934e-03
9.4621447332583547e-04
8.1030729204072886e-04
1.3614823939664892e-03
3.8355479230011558e-04
1.4186825914861429e-03
8.7141962208769452e-04
1.0381527906527593e-03
1.3511371346460331e-03
4.1220776104031203e-04
1.4994514373735748e-03
6.5572287293586625e-04
1.1968687248030262e-03
1.1773097258584871e-03
6.2675757241699589e-04
1.3947460436314297e-03
5.9454462200739439e-04
1.1936790917631427e-03
9.0843602984429510e-04
9.1930446360149153e-04
1.1401207954158943e-03
9.7911170641033448e-04
1.0606357187691138e-03
7.4082110311558152e-04
1.0369891541722423e-03
8.6622523558285377e-04
1.2112766469746072e-03
8.7388582159332682e-04
1.0030400531905227e-03
1.1137099774000279e-03
5.0348759693944899e-04
1.4053525824725365e-03
5.3803137923629180e-04
1.2575744506192789e-03
1.0926215046612924e-03
7.1507202758964235e-04
1.4615237852632821e-03
4.4434230243653504e-04
1.4170987440156218e-03
9.9783435018048288e-04
9.4247848306424633e-04
1.4086272284264643e-03
3.8069863908418613e-04
1.4490808346858939e-03
7.6633685692737948e-04
1.0372868049784447e-03
1.2184982154705476e-03
7.9068126884125210e-04
1.3165519106407939e-03
7.4229232365441032e-04
1.0432967763005444e-03
8.9736912419194489e-04
1.1232932717628399e-03
1.0162070296744514e-03
1.1188294790782482e-03
9.0147950940370764e-04
7.6729808026795735e-04
1.2391381157639792e-03
7.3310874705114252e-04
1.3419611257304851e-03
7.9124664814387397e-04
1.0210675837068394e-03
1.2741034936254465e-03
4.4326379250400822e-04
1.4860124506308890e-03
6.4807147137400977e-04
1.2260002471874258e-03
1.2298169360028222e-03
6.0243623387337642e-04
1.5164011657050984e-03
5.3702815983779181e-04
1.3466875957992023e-03
1.0919135274821445e-03
8.2735212488952608e-04
1.4134341286159227e-03
5.8857334644474486e-04
1.3178710101677434e-03
8.5515063340712780e-04
8.8070588871307619e-04
1.1937284480895776e-03
9.6911560485011216e-04
1.1885128722741007e-03
8.5477352805331871e-04
1.0332569243990519e-03
8.4074168084856253e-04
1.2988004290796545e-03
8.5878716447499739e-04
1.2121030951512818e-03
1.0260871929487973e-03
7.3553452912757545e-04
1.4280309046372137e-03
5.6868235741843723e-04
1.4282112031536024e-03
9.1846045389563555e-04
9.6980006122450555e-04
1.4037873946921922e-03
4.1938006572184080e-04
1.5129887380358063e-03
7.8159462007800255e-04
1.1301299666350668e-03
1.3210849660980877e-03
4.8423159319883901e-04
1.4975134761837066e-03
6.1889907094938516e-04
1.2312533393623144e-03
1.1403380335987352e-03
7.6501930335587636e-04
1.3447062590550118e-03
7.9416166053753519e-04
1.1596588020244098e-03
8.9238212460570569e-04
1.0021450371549832e-03
1.1032164652071740e-03
1.1445549401415797e-03
9.9453211017362956e-04
9.2886536151204043e-04
1.2070424110058983e-03
7.3454144829748780e-04
1.4433529819464193e-03
6.8090444720437615e-04
1.2432933159395305e-03
1.2222630163347943e-03
6.2590194537255454e-04
1.5645462485906886e-03
4.8086821451279546e-04
1.4396462549082140e-03
1.0833134096226585e-03
8.6676197479296398e-04
1.4948340614349175e-03
3.8906792800139962e-04
1.4601370434243663e-03
9.1619885160414041e-04
9.7543220755761165e-04
1.3652270019503428e-03
6.1636350775553172e-04
1.4213625958596891e-03
6.9634548901821526e-04
1.0859008011443786e-03
1.1375461906033828e-03
9.4666058038019366e-04
1.2237718585991094e-03
9.4895347005290024e-04
1.0122018144631082e-03
8.6432794364038092e-04
1.2086936690720344e-03
9.4685725371351402e-04
1.2910181163463237e-03
9.0655249009003391e-04
9.1917484138227834e-04
1.3826165311201604e-03
5.7035765369735012e-04
1.5384524305004418e-03
8.0980060570870634e-04
1.1911929399452579e-03
1.3875485223693543e-03
4.6808116138624223e-04
1.6351023224000689e-03
6.0404661445193758e-04
1.3883814016381346e-03
1.2190206750429707e-03
7.0108762860611245e-04
1.5384553144506612e-03
5.0306224619694161e-04
1.3662381417244758e-03
1.0224630448084115e-03
8.1867075536934538e-04
1.3485058934585277e-03
8.6487144360317451e-04
1.2985014671113961e-03
7.5344802815259331e-04
9.8711684980221787e-04
1.0808931214893291e-03
1.1516841093969308e-03
1.0691281814135336e-03
1.0666808520998095e-03
1.0173878605052606e-03
7.6035970506060219e-04
1.4056050809852989e-03
7.3202783266244930e-04
1.3603290667636068e-03
1.0661427516742668e-03
8.7188375623911641e-04
1.5249438708158840e-03
4.1415704528923765e-04
1.5547930709507072e-03
1.0018237630759277e-03
1.0850294140979468e-03
1.5199640478328850e-03
4.2779381484409019e-04
1.6479757452990626e-03
7.5657654593437834e-04
1.2488261822877582e-03
1.3226984420711819e-03
6.8413817435979715e-04
1.5055363660846459e-03
7.1591404277944113e-04
1.2287240521183945e-03
1.0632696871704509e-03
9.7065143377182120e-04
1.2564716727045319e-03
1.0760677442921752e-03
1.1108764428501322e-03
8.4175516766537889e-04
1.1095822270920628e-03
9.6298950068558092e-04
1.3338953817605523e-03
9.0077239693935594e-04
1.1008417906677283e-03
1.2219941263305991e-03
5.8800348930644999e-04
1.5480429736980969e-03
6.0772450038198587e-04
1.3811650125951551e-03
1.2330580874407430e-03
7.7702429862336786e-04
1.6240012288552704e-03
5.2372107084548019e-04
1.5186641388415395e-03
1.1596014578339774e-03
9.4560109161968234e-04
1.5918496514883082e-03
4.2728917222179636e-04
1.5617942375911341e-03
9.0676185659056439e-04
1.0660182986701170e-03
1.3634197636090014e-03
8.9202411163669126e-04
1.4174581428141567e-03
8.7848131914461999e-04
1.0293810087180781e-03
1.0466759203670375e-03
1.2164223419655917e-03
1.1098536240380574e-03
1.2554323219288728e-03
9.4200370535449699e-04
8.7373625700723728e-04
1.3459576214078634e-03
8.0949716359228214e-04
1.4672739973473844e-03
8.3509539477522195e-04
1.0919986114199807e-03
1.4143409990122549e-03
4.6810338135548011e-04
1.6407499298043843e-03
7.4616147536126528e-04
1.3205686611842166e-03
1.3780149549522207e-03
6.2630280225717066e-04
1.6616994702096783e-03
6.4436985736381102e-04
1.4297607799475213e-03
1.2701498298425349e-03
8.0104309939162414e-04
1.5729468976983453e-03
6.8428965865385849e-04
1.4125148853972966e-03
1.0182666127802615e-03
9.0688450482825434e-04
1.3393116831843675e-03
1.1041322077918465e-03
1.2425333746133849e-03
9.8572423804760170e-04
1.1045770985904874e-03
9.5356701970064194e-04
1.4460577042993501e-03
8.9843112076710226e-04
1.3560793399633043e-03
1.1020079544062135e-03
8.0957000958616196e-04
1.5551294037626415e-03
6.2078524775356701e-04
1.5426770427756577e-03
1.0417819696939019e-03
1.0251551912023925e-03
1.5708416984228511e-03
4.3607293181633364e-04
1.6439807525939715e-03
9.1125784036924897e-04
1.1810532853609773e-03
1.4920680979470091e-03
4.9757163848683592e-04
1.6435115278028330e-03
7.6301340765427437e-04
1.2955446018198405e-03
1.3226388728043335e-03
7.8812441067598461e-04
1.4898424203369266e-03
9.0454734766121363e-04
1.1983771838103075e-03
1.0621555640697967e-03
1.1018108641259773e-03
1.2194317029561607e-03
1.2819955733151516e-03
1.0240426831430085e-03
1.0336600879607472e-03
1.3411812395649350e-03
8.0699443704910232e-04
1.6068536891387824e-03
7.2615431399421454e-04
1.3674563967174119e-03
1.3408747229695052e-03
6.8278441784868998e-04
1.7137584045880119e-03
5.5308559398120443e-04
1.5547675524488400e-03
1.2278933175162968e-03
8.7647648709547501e-04
1.6580175589865989e-03
4.4911201187819612e-04
1.5810714183915209e-03
1.0859452288257531e-03
1.0111474943825403e-03
1.5389850661459107e-03
6.6114747491763327e-04
1.5408791025659594e-03
8.5949093215730206e-04
1.1235837503482556e-03
1.2980664600992884e-03
1.0351419137104572e-03
1.3283299020777788e-03
1.0955715304468369e-03
1.0032064236256048e-03
1.0217492283483250e-03
1.3320582476269924e-03
1.0378724497841646e-03
1.4231098042754721e-03
1.0058641988018786e-03
1.0417499982427328e-03
1.5359822774449890e-03
6.1205522477764422e-04
1.6984740081874444e-03
9.0861645625805543e-04
1.3102808081546730e-03
1.5527749548903708e-03
4.8508243520008296e-04
1.8049659093674168e-03
7.0521512868590354e-04
1.4624457344369600e-03
1.3825325767209990e-03
6.8369171462461745e-04
1.6833985863272279e-03
6.1307226375848271e-04
1.4290521142163680e-03
1.1943449221955009e-03
8.4003424633623226e-04
1.4999263012988174e-03
9.4611341719156694e-04
1.3640766525667499e-03
9.3361248328107738e-04
1.0101662926673945e-03
1.2200336061837895e-03
1.2880593363432675e-03
1.1317022132640972e-03
1.1940615155630449e-03
1.1057648126225057e-03
8.9790699068897852e-04
1.5470871268723041e-03
7.6979363183822514e-04
1.5188745215396011e-03
1.2094051848060303e-03
9.5571614054181279e-04
1.7005109272653874e-03
4.5833112989714895e-04
1.7217666701812178e-03
1.1437930824108886e-03
1.1542797839001135e-03
1.7019071396042519e-03
4.4432493986400928e-04
1.7847339801772999e-03
8.7712268546840462e-04
1.3077862178680283e-03
1.4812376056792744e-03
7.3775713703546329e-04
1.6342269444675375e-03
8.4021067616432514e-04
1.2388247600062271e-03
1.2473690833909063e-03
1.0357068659859231e-03
1.3962648324172041e-03
1.2132800671299415e-03
1.1513400332209770e-03
9.7508232501845025e-04
1.2131021900133117e-03
1.0685723685223407e-03
1.4762000469055129e-03
9.3120381147743735e-04
1.2450164438873612e-03
1.3568453496449150e-03
6.8614035658275509e-04
1.7222464302652962e-03
7.0093335535275335e-04
1.4989640204399063e-03
1.3975155524756011e-03
7.9445463962614198e-04
1.8118312491297876e-03
6.1078326755859176e-04
1.6515287542450885e-03
1.3341406545093984e-03
9.6587532637143979e-04
1.7720926660588358e-03
4.9837981953556600e-04
1.6959990459499204e-03
1.0695926110809622e-03
1.0625446148405655e-03
1.5338389616570520e-03
1.0020706978543558e-03
1.4954610309934279e-03
1.0390404438483547e-03
1.0058974680789072e-03
1.2082686216941469e-03
1.3417231060321624e-03
1.2167305770263166e-03
1.4012697167681532e-03
9.9399242664367803e-04
9.7620645397185801e-04
1.4714592710006324e-03
8.6611446388624785e-04
1.6181352093034677e-03
9.2708130707007169e-04
1.1811061593117571e-03
1.5803818311947806e-03
4.9051463241531733e-04
1.7998838129450565e-03
8.7105657174306580e-04
1.4149682399728872e-03
1.5562056675603702e-03
6.1724819446726112e-04
1.8414525878383151e-03
7.8416819910518418e-04
1.5027085722144919e-03
1.4691032707982851e-03
7.9176617048970065e-04
1.7697236256201865e-03
7.9073835216299010e-04
1.4834293450818074e-03
1.2004688398264635e-03
9.8202568103319412e-04
1.4792209468706850e-03
1.2579830776067830e-03
1.2983830554485617e-03
1.1663460587669637e-03
1.1878883442756468e-03
1.0872109965069565e-03
1.5839615183033484e-03
9.4792727035287105e-04
1.5024786610085077e-03
1.1895704893384140e-03
9.0973511955895914e-04
1.7013870380309967e-03
6.5063657159243615e-04
1.6823815849679802e-03
1.1746012787875600e-03
1.0622936073961518e-03
1.7502177154936297e-03
4.5299722221458681e-04
1.8079365361412434e-03
1.0757156949365938e-03
1.2688269198222683e-03
1.6845687243680807e-03
5.2837623792135590e-04
1.7746574061045203e-03
9.3474143771260846e-04
1.3036326279438526e-03
1.5310166325447658e-03
8.3605397772210251e-04
1.6309832510804400e-03
1.0627276834849716e-03
1.2227364670101069e-03
1.2441092835714866e-03
1.2243106696015380e-03
1.3562389491588156e-03
1.4633523512153318e-03
1.0140498795197916e-03
1.1967809421387168e-03
1.4681173844376446e-03
8.8919327432830685e-04
1.7935555504681826e-03
7.7275748967093412e-04
1.5248389584902485e-03
1.4731236171429661e-03
7.2101042198652700e-04
1.8862986496304274e-03
6.2910957072564392e-04
1.6550215621367300e-03
1.4102359932878256e-03
8.8889562954642259e-04
1.8545693455156919e-03
5.4059196539787068e-04
1.6930645137606445e-03
1.2660968303007110e-03
1.0470386497811435e-03
1.7222589702434587e-03
7.4102353313177261e-04
1.6452835637175620e-03
1.0780123397915735e-03
1.1086150057623427e-03
1.4884513244730749e-03
1.1614449891467070e-03
1.4235473103878778e-03
1.2468185244134127e-03
9.8533276499472252e-04
1.1957238429653662e-03
1.4921982299794165e-03
1.1096585206499436e-03
1.6090449842572634e-03
1.1059915500989971e-03
1.1318065565026952e-03
1.7361372953052486e-03
6.3882988621068084e-04
1.9021265602704421e-03
1.0042022809193636e-03
1.4148621462517111e-03
1.7144995390365025e-03
5.1038221412408585e-04
1.9590032033688317e-03
8.3706961789074949e-04
1.5533318891942948e-03
1.5662116772101383e-03
6.2766205468991457e-04
1.8468183878621452e-03
7.1599968005904146e-04
1.5081701563700982e-03
1.4054607645740643e-03
8.5485188706201055e-04
1.6870228931076437e-03
1.0632105155952486e-03
1.4563430989051813e-03
1.1394199099380410e-03
1.0530000610367780e-03
1.3683021343330369e-03
1.4332677754108941e-03
1.1506816806183136e-03
1.3790211375495375e-03
1.2136885017372846e-03
1.0365006757963062e-03
1.7292203217560813e-03
8.0890470211645216e-04
1.6580655851779120e-03
1.3654768224954433e-03
1.0346591474175747e-03
1.9212478808978087e-03
5.1177126104403226e-04
1.8841779370537149e-03
1.2963949205814487e-03
1.2386451193926087e-03
1.9043824953231024e-03
4.5277698914340776e-04
1.9524856000673722e-03
1.0421811987899273e-03
1.3312373699176311e-03
1.6642318260490663e-03
8.2009499570463924e-04
1.7609968203024700e-03
1.0301108478590389e-03
1.2498558619192010e-03
1.4404689319966386e-03
1.1065847447985120e-03
1.5443389490956681e-03
1.3501414597299223e-03
1.2061229170662799e-03
1.1494267957253993e-03
1.3223558892939350e-03
1.1899517880364970e-03
1.6667516063127224e-03
9.2284482801486124e-04
1.3721240523118122e-03
1.5043944025901770e-03
7.8659225090191981e-04
1.8973221950801319e-03
7.9640225852889500e-04
1.6548795976700961e-03
1.5883542494831183e-03
8.6228068430731491e-04
2.0116618438588141e-03
7.0819738702115539e-04
1.7911362644001526e-03
1.5371437116794787e-03
9.7419885720931027e-04
1.9961662853372575e-03
6.2658197878166864e-04
1.7989449340830082e-03
1.2529179074418125e-03
1.0647433601142986e-03
1.6958196692672010e-03
1.1564594987525038e-03
1.5850586761255584e-03
1.2379831524926485e-03
1.0124976204889892e-03
1.3898463821457338e-03
1.4463085851337699e-03
1.2933766979771819e-03
1.5699113701224219e-03
1.0288146165434208e-03
1.1193213958290561e-03
1.6332382683839728e-03
9.5288987592051240e-04
1.7835594532168871e-03
1.0295223581001146e-03
1.3152947430932795e-03
1.7612015869964374e-03
5.1247561825897567e-04
2.0017064094925425e-03
1.0167946246116043e-03
1.5394388532557581e-03
1.7730300782400684e-03
6.5160958464557646e-04
2.0281239277220521e-03
9.4400318372164175e-04
1.5944396947115119e-03
1.6944490116116530e-03
7.5827924988912745e-04
1.9425208853384552e-03
9.4050615425960327e-04
1.5737110237432543e-03
1.3968343858162973e-03
1.0563956419351679e-03
1.6546920684358817e-03
1.4319920710114506e-03
1.3084186175671864e-03
1.3467744374755356e-03
1.2744254654002952e-03
1.2457344670173613e-03
1.7798333049430452e-03
1.0113595462758569e-03
1.6901319255862776e-03
1.2977642170233748e-03
9.8350961422446473e-04
1.8784828017474791e-03
6.8890384718224269e-04
1.8379614545818677e-03
1.3446813568294147e-03
1.1182391538817696e-03
1.9685547527709848e-03
4.9734017785806278e-04
1.9557582293946748e-03
1.2682023908490909e-03
1.3055042621632909e-03
1.8861686547928811e-03
5.4337620139254623e-04
1.9529002073317453e-03
1.1532109393353933e-03
1.3571463283175223e-03
1.7523205967167773e-03
9.3682341717858772e-04
1.8124573841518828e-03
1.2203289225164301e-03
1.2376587794539621e-03
1.4462384905633782e-03
1.3585233337588176e-03
1.4579365132312032e-03
1.6591071590080731e-03
9.9753289782005309e-04
1.3886516347480003e-03
1.6409081201767947e-03
9.9686392172766312e-04
1.9921813364672911e-03
8.2815208876163408e-04
1.6642101591026384e-03
1.6113308996221769e-03
7.8374880791347030e-04
2.0493864491075630e-03
7.2951823041196464e-04
1.7840748621319421e-03
1.5934406431970978e-03
8.7810797723562699e-04
2.0507555745286777e-03
6.5935593461231834e-04
1.8348149431602092e-03
1.4906474569200872e-03
1.0506006765411409e-03
1.9511545573844393e-03
8.5471231599633336e-04
1.7601580164805359e-03
1.3223782308799264e-03
1.1120982002371274e-03
1.7257119593917932e-03
1.2902581058869967e-03
1.5125593631561305e-03
1.4624610595469741e-03
1.0678402396993511e-03
1.3700563338394571e-03
1.6674993911015101e-03
1.1927248830019379e-03
1.8099613985451371e-03
1.2142991775162730e-03
1.3023157895362650e-03
1.9204988357324130e-03
6.6957287610334136e-04
2.0958768136035756e-03
1.1213699920872846e-03
1.5613905794483597e-03
1.9155030731793303e-03
5.3827915356072242e-04
2.1542987477540698e-03
9.7690842485452923e-04
1.6068057348403377e-03
1.7960369353728326e-03
6.0820987145997511e-04
2.0532491665924825e-03
8.8618909729564475e-04
1.6044019818835312e-03
1.6256301437428023e-03
9.0090438192138233e-04
1.8484740417650989e-03
1.2176146478447896e-03
1.4880074845916972e-03
1.3975375353801323e-03
1.1041247641868908e-03
1.5533359017834510e-03
1.6325571442630000e-03
1.1800881655783494e-03
1.5485463157012399e-03
1.3633632037678520e-03
1.2059630421350981e-03
1.9347703493512501e-03
8.0233863167694956e-04
1.8740582894416539e-03
1.5473022367039908e-03
1.1202039200740521e-03
2.1561389650668261e-03
5.6268363038801655e-04
2.1009607146723736e-03
1.4683247305232194e-03
1.2868357050797449e-03
2.1250725647858075e-03
4.6648737635182375e-04
2.0814506356540930e-03
1.2579028571806754e-03
1.3700037223630713e-03
1.8961668636823152e-03
9.0922299933189382e-04
1.8861287406905772e-03
1.2035370617374055e-03
1.2754979892654033e-03
1.6727622294745994e-03
1.1864417496359795e-03
1.6799803721053127e-03
1.5233503728514124e-03
1.2048292740467993e-03
1.3514554481750156e-03
1.4790218866516198e-03
1.2923967160469929e-03
1.8565404618952701e-03
9.1019954164218639e-04
1.5775486963138124e-03
1.6755462608463330e-03
8.7439464356393328e-04
2.1300548725753351e-03
9.2647130450420386e-04
1.7825301626658763e-03
1.8176821782595358e-03
8.6756304936603417e-04
2.2798467271926228e-03
8.2666165427399037e-04
1.9157573880180774e-03
1.7376342294053429e-03
9.6461314292106725e-04
2.1970704949483286e-03
7.7649794373502786e-04
1.9369966442116552e-03
1.4630293467513839e-03
1.0051281467959631e-03
1.9079323641667759e-03
1.2911299632827804e-03
1.6578433782842236e-03
1.4745732299167511e-03
1.0444489794056624e-03
1.6074905141455632e-03
1.6153912919865329e-03
1.4256446555252873e-03
1.7666945306893625e-03
1.0904490566312089e-03
1.2953663741314520e-03
1.8054952381634519e-03
9.7759117814283456e-04
2.0159546698245885e-03
1.1656660052031767e-03
1.4438023456059632e-03
1.9850756201460428e-03
5.2981895817173991e-04
2.1784296192902770e-03
1.2054947637530570e-03
1.6323481677977902e-03
2.0302513998235153e-03
6.2699680023765164e-04
2.2328714942821269e-03
1.1256134928745232e-03
1.6696576546572114e-03
1.9336365330587470e-03
7.1830416193694065e-04
2.1722231190654286e-03
1.1468897931605647e-03
1.6083995985589539e-03
1.6183708657474495e-03
1.1613015948228134e-03
1.7840756769223658e-03
1.6740292960229222e-03
1.3280564249381717e-03
1.6111085960575462e-03
1.3801360026566858e-03
1.4211559733927678e-03
1.9491983352625147e-03
1.0834728034513630e-03
1.8592702799771074e-03
1.4434120859665161e-03
1.1031451306637678e-03
2.0955958792491492e-03
6.9424850008265840e-04
1.9932852238797767e-03
1.5109286106529428e-03
1.2044334775135025e-03
2.1843311858826199e-03
5.9746882297229739e-04
2.1619770514498425e-03
1.4939855577429250e-03
1.4036303141908529e-03
2.1447379627790525e-03
5.8626688545888774e-04
2.0909583904544105e-03
1.4195447671744995e-03
1.3405116628530417e-03
2.0283476063084512e-03
1.0616065693297028e-03
1.9407740931415768e-03
1.4623798896563072e-03
1.2357315778608550e-03
1.6511185573829369e-03
1.5576587481772974e-03
1.5902302215653325e-03
1.9202364233151152e-03
1.0035519025688082e-03
1.5718325171994916e-03
1.7707352322092211e-03
1.1060584527850649e-03
2.2209977723862172e-03
8.7795604611937128e-04
1.8632030077799292e-03
1.7797196332131721e-03
8.0497175987923812e-04
2.2680429006187173e-03
8.3902357452065375e-04
1.9112389119818681e-03
1.8337464057575040e-03
8.8097319497626263e-04
2.3073070675222575e-03
8.0119407143847392e-04
1.9842553073853896e-03
1.7186039093670905e-03
1.1013728416522782e-03
2.1470397292973884e-03
9.8455515748482815e-04
1.8663278305192836e-03
1.6082266604714047e-03
1.0851364010034871e-03
1.9314026110182798e-03
1.4803804488616513e-03
1.6401417570422840e-03
1.6645588262604225e-03
1.1758991134558729e-03
1.5993477375884275e-03
1.8980225412424108e-03
1.2152551742877790e-03
2.0302959427178097e-03
1.3485492469625332e-03
1.4688574709366407e-03
2.1731055619639205e-03
7.3736909369712339e-04
2.3462076846842363e-03
1.2340000008627045e-03
1.6531344885894628e-03
2.1205944848341133e-03
5.6985855526469221e-04
2.3055953843475201e-03
1.1693889123168138e-03
1.6939291589373236e-03
2.0332688479780350e-03
6.3006973626791114e-04
2.2295656940335088e-03
1.0526178495905674e-03
1.6446762182164990e-03
1.8899238143350182e-03
9.3422181001969612e-04
2.0775532404624271e-03
1.4103109260196465e-03
1.5626983514384495e-03
1.6733089352077295e-03
1.2040910781761006e-03
1.7723746013555452e-03
1.8250274961223141e-03
1.2089848565033565e-03
1.8140047424969009e-03
1.5296671345115637e-03
1.3320038012054243e-03
2.1552377224392395e-03
8.0535638019247691e-04
2.0736139491655636e-03
1.7432155133544208e-03
1.2207971951825505e-03
2.4209202588339803e-03
6.2479160036002838e-04
2.2678040995503046e-03
1.6404534506439571e-03
1.3871515565577629e-03
2.3429258725616120e-03
5.6457467766816549e-04
2.2669408842097972e-03
1.4782581637735222e-03
1.3433538072962473e-03
2.1277941410435754e-03
1.0093637395516099e-03
2.0753907638431670e-03
1.4642785661706666e-03
1.2996186654963019e-03
1.9341986550607394e-03
1.2934997189167699e-03
1.8468537313271961e-03
1.7463310560520426e-03
1.2308200140273462e-03
1.6226402925233648e-03
1.6341791447000429e-03
1.4303918535505909e-03
2.1218023645249951e-03
9.5065713417319343e-04
1.7618860389581842e-03
1.8760299600304683e-03
1.0089531480065271e-03
2.3503090629786523e-03
1.0563211868224267e-03
1.9922573942541123e-03
2.0513247504456386e-03
9.2451181187745452e-04
2.5109768317991346e-03
9.5806231827476047e-04
2.1118770404078484e-03
1.9835125325802601e-03
9.6360283014236829e-04
2.4530173571792151e-03
9.6348661618147840e-04
2.0000792985344312e-03
1.7402094544768845e-03
9.4623847857281133e-04
2.1398416123479826e-03
1.5194158578422082e-03
1.7444422853091508e-03
1.7368815465876595e-03
1.0582725013387020e-03
1.8196651026405903e-03
1.7666146890789845e-03
1.4833322032148930e-03
1.9595241616634281e-03
1.1705674303211428e-03
1.4597556829444847e-03
2.0414386029417295e-03
1.0495002204169643e-03
2.2163200030204592e-03
1.3215056551802524e-03
1.6012871620099403e-03
2.2049301872362182e-03
5.5061858881297495e-04
2.4468524000498637e-03
1.4340247962003046e-03
1.7609546723781210e-03
2.3128158727295143e-03
6.2697709551286815e-04
2.5062121730733745e-03
1.3536449977067028e-03
1.7492752688214972e-03
2.2162314326298793e-03
7.9804550837623721e-04
2.3295658141349023e-03
1.3712847597176340e-03
1.6765982537949560e-03
1.8550534310695110e-03
1.2792817266414930e-03
1.9744538795161493e-03
1.8913947593493735e-03
1.3267470622336656e-03
1.8620811891488284e-03
1.4747462105143426e-03
1.6033417972033369e-03
2.1835709735257879e-03
1.0913942106931277e-03
2.0990648112369729e-03
1.5945396777003907e-03
1.2400982136660593e-03
2.3138667758466338e-03
6.9564427704363232e-04
2.2456450558684918e-03
1.7378027508878817e-03
1.3289895620372466e-03
2.4663836324318850e-03
7.2192170374729106e-04
2.3259828828802102e-03
1.7575416918593767e-03
1.4302763926809022e-03
2.4571235160697489e-03
6.7316482916351028e-04
2.2832780354731870e-03
1.6763893139091816e-03
1.3346154268905962e-03
2.2919489415886675e-03
1.2084598528497262e-03
2.1395539611785992e-03
1.7338020784480089e-03
1.1822298100806938e-03
1.9227158340187488e-03
1.7107758235103297e-03
1.6510097590830949e-03
2.2099964169768980e-03
1.0425633488142056e-03
1.8713968658351273e-03
1.9992342243284052e-03
1.2750011906328363e-03
2.4627115883879736e-03
9.4940267461942902e-04
1.9935603688488132e-03
2.0086794984969583e-03
8.8869863279809956e-04
2.5136257930744210e-03
9.9395526160469096e-04
2.0297111559009502e-03
2.0567692606234329e-03
9.1637203224796389e-04
2.5181022609587138e-03
9.9727136521565035e-04
2.1026384794530640e-03
2.0099674762431743e-03
1.0822886234316132e-03
2.4370081131767948e-03
1.1968113186169426e-03
1.9448221229549591e-03
1.9115327061647249e-03
1.0220814409010800e-03
2.2453755550094672e-03
1.6881492354975456e-03
1.6817854961144181e-03
1.9838024198537939e-03
1.3080012827636183e-03
1.7554253588044370e-03
2.1693515455861409e-03
1.2696689573135796e-03
2.3639518176901356e-03
1.4643739129012120e-03
1.6315127392034243e-03
2.3874174977548831e-03
8.1676086190777717e-04
2.5627883066629328e-03
1.3725960632649283e-03
1.8218159639266116e-03
2.3339122469088125e-03
5.9275682850169515e-04
2.5406735042201602e-03
1.3672919710340649e-03
1.7453030175849798e-03
2.3129450553456229e-03
6.5977652176931996e-04
2.4893263966612976e-03
1.3188514510590003e-03
1.7843672790544985e-03
2.1795361298056577e-03
9.7561831671986424e-04
2.2222530220594085e-03
1.6286016286688231e-03
1.5482415679280736e-03
2.0164682832485271e-03
1.3350854414096020e-03
1.9239504961472424e-03
2.1045973311970213e-03
1.1900658779802370e-03
2.0143583884019529e-03
1.7262462643482688e-03
1.5411551208661888e-03
2.4755575560752815e-03
8.4821042194801262e-04
2.3243300539852341e-03
1.9445099469598340e-03
1.3086780072800927e-03
2.7027286014153344e-03
6.9025842176654391e-04
2.5351921011711178e-03
1.8422596836805670e-03
1.3933958557571979e-03
2.6071000052781314e-03
6.9401968618422406e-04
2.3751558352541700e-03
1.7761048997878370e-03
1.3321574180373483e-03
2.4426836533967466e-03
1.1473629190853530e-03
2.2375388192558640e-03
1.7025176649392018e-03
1.3531516261331038e-03
2.1728180838150586e-03
1.4402683129955346e-03
1.9714195981324488e-03
2.0144316282948559e-03
1.2003191534085919e-03
1.9108184598248298e-03
1.8466192572190304e-03
1.5564752893016606e-03
2.3464773181171260e-03
1.0748064876493837e-03
2.0172813358140377e-03
2.1494759240767930e-03
1.0512133051930491e-03
2.6422793389481660e-03
1.2181800763964390e-03
2.1338172356491899e-03
2.3654551413764681e-03
9.0201290848333511e-04
2.8383107029105480e-03
1.0988184487904465e-03
2.2127872142218099e-03
2.2299651995535455e-03
9.3486291112861023e-04
2.6445525466223968e-03
1.2326292002154519e-03
2.1266235932802069e-03
2.0128612332965374e-03
9.5944564094680492e-04
2.3341911405074440e-03
1.6700032956067986e-03
1.8264921839963809e-03
2.0413392276206446e-03
1.1133647132451673e-03
2.1034099956322078e-03
1.9644028172116309e-03
1.5993602336917170e-03
2.2343345420556123e-03
1.2706779735279119e-03
1.6942436636596513e-03
2.2551324734909855e-03
1.0492109103384531e-03
2.5334891871500492e-03
1.4881694021665107e-03
1.8047643463822182e-03
2.4949408727000431e-03
5.8136967350262290e-04
2.6370551410235719e-03
1.6805951354382084e-03
1.8595197642365890e-03
2.6523508384351893e-03
6.2196936429089866e-04
2.6871370033941704e-03
1.5778895393737365e-03
1.8575284583321142e-03
2.5119274610758001e-03
9.1933083511716650e-04
2.5896548349116739e-03
1.6926008407793039e-03
1.6439852821276909e-03
2.1583022268542871e-03
1.4058883457056231e-03
2.1687262709535332e-03
2.2172357335753963e-03
1.3432877522503999e-03
2.1994932893706263e-03
1.6026057458282434e-03
1.8323667698016751e-03
2.4122700085229469e-03
1.1541259615812270e-03
2.2864852505159196e-03
1.8156847495018756e-03
1.3343628957067078e-03
2.6210131130836680e-03
7.5996103366732031e-04
2.4324684616454182e-03
1.9411587911613334e-03
1.3876165955096708e-03
2.7055923794367170e-03
8.7322678553835621e-04
2.5641145814768005e-03
2.0567853641046473e-03
1.4933040295636946e-03
2.7305486653673283e-03
8.2924309857231287e-04
2.4950534521980009e-03
2.0048263749286436e-03
1.3298657604286748e-03
2.6272583278751688e-03
1.4355165922789544e-03
2.2103448947736219e-03
2.0246055393788511e-03
1.1229938590124426e-03
2.1619826178576667e-03
1.9998749318007603e-03
1.7703935052282922e-03
2.5278776248520607e-03
1.0718893229804895e-03
2.1049987345857922e-03
2.1535852726204418e-03
1.3637530058266080e-03
2.7122618080756360e-03
1.0573929437898537e-03
2.2376288252874011e-03
2.2523121059766305e-03
9.1301642633488255e-04
2.7313435040057159e-03
1.1447334726587680e-03
2.2434570733308938e-03
2.3617672337085940e-03
9.3798328838556389e-04
2.8456006353300952e-03
1.2253008020441461e-03
2.2752522939660062e-03
2.3394065498719783e-03
1.0912229011200711e-03
2.7222235139400296e-03
1.3841148199476327e-03
2.0578087295298462e-03
2.2743312121371565e-03
9.9044344096527290e-04
2.4538999743923175e-03
1.9290363851196819e-03
1.7987479676690266e-03
2.2740268999500231e-03
1.4353110403202826e-03
2.0354005425168823e-03
2.4381276258686213e-03
1.2675981829586697e-03
2.6505492874992604e-03
1.6100563791302308e-03
1.8987299646571025e-03
2.6864881925087215e-03
8.5164739781363563e-04
2.8509799476767804e-03
1.5645826532685026e-03
1.8713735580170871e-03
2.6131694920890642e-03
6.1612766310302871e-04
2.7785150709067085e-03
1.6556807652534180e-03
1.8415810157636995e-03
2.6428423057155122e-03
6.9497535015465431e-04
2.6858888398083266e-03
1.6383522697344846e-03
1.8228751615981804e-03
2.5079475846873115e-03
1.0399483459942764e-03
2.5052557200260926e-03
1.9456826721960950e-03
1.5716972293507039e-03
2.3539220188818796e-03
1.5020738910877717e-03
2.2093810080044854e-03
2.3770172252822012e-03
1.1739761889013036e-03
2.3950304891076262e-03
1.9647813528406548e-03
1.6284821995811315e-03
2.7934896286992985e-03
8.9293267846328017e-04
2.6385942730144129e-03
2.1908302551562672e-03
1.4439922206734475e-03
3.0007304038946504e-03
7.8835560771503956e-04
2.6835301674970665e-03
2.0634231262056093e-03
1.4859559246030269e-03
2.8380887761661911e-03
8.9048043211231438e-04
2.5646339949369603e-03
2.0407841274137366e-03
1.3124103361318727e-03
2.6857398095993588e-03
1.2740694900457254e-03
2.4053726000652950e-03
2.0303662090656129e-03
1.3386274729761177e-03
2.5495168269096275e-03
1.6422747449962847e-03
2.1199587165994442e-03
2.2968545798926622e-03
1.1503275359163044e-03
2.3035224184535215e-03
2.0583233316224065e-03
1.6681786300820969e-03
2.7129528317131422e-03
1.2342503481980519e-03
2.2477073852876618e-03
2.4407658092738785e-03
1.1808400752293319e-03
2.9834956268526085e-03
1.3727748195280340e-03
2.3754642918717129e-03
2.6418379907558430e-03
9.2865712052373395e-04
3.0991004366613282e-03
1.2565104320211729e-03
2.4479662466877238e-03
2.5241717904152514e-03
8.7693783722445984e-04
2.9429526087146963e-03
1.4713392249846935e-03
2.1528423157947734e-03
2.3772581290090813e-03
9.7337541312987001e-04
2.6725718162396010e-03
1.9816771070696047e-03
1.9745343764787653e-03
2.3837410691075972e-03
1.1393704490634269e-03
2.3319036808587151e-03
2.2173526484863160e-03
1.6240555411422873e-03
2.5583056505540272e-03
1.4371825762035315e-03
1.9595932047728965e-03
2.5769524960228933e-03
1.0615471248625783e-03
2.7438908801551963e-03
1.7257959331940429e-03
1.9545510442264278e-03
2.8330263664573603e-03
6.6863703681240276e-04
2.9735363043640745e-03
1.9432187890324837e-03
1.9693085795624943e-03
3.0015275430237925e-03
5.8695636760777562e-04
3.0431693923749933e-03
1.8573773090140779e-03
1.8880489383929239e-03
2.8393780076795445e-03
1.0864559778187141e-03
2.6957478367155654e-03
2.0575376118197393e-03
1.6577958686687301e-03
2.5315468870858830e-03
1.5721980948474846e-03
2.3418785298699738e-03
2.4850807277096167e-03
1.3925344179052271e-03
2.5495211573637873e-03
1.7285301097833823e-03
1.9995815810655120e-03
2.6705518056644693e-03
1.1478725488707653e-03
2.5814841348380589e-03
2.0012534631342971e-03
1.4821249792589350e-03
2.8646707210593756e-03
8.8855881554506129e-04
2.7471552567215618e-03
2.2196906009226578e-03
1.5680480091646246e-03
3.0780359703341080e-03
1.0514771126166481e-03
2.7116581265439724e-03
2.4165833332791308e-03
1.4882907542054561e-03
3.1459590654346376e-03
1.0277701750889725e-03
2.6213325273574764e-03
2.3158636567086259e-03
1.2523347745170682e-03
2.8978464824919560e-03
1.7063837897654326e-03
2.4183313520576076e-03
2.4580016248073465e-03
1.0801473418592161e-03
2.4722616627723400e-03
2.1677984160996672e-03
1.8778490581894355e-03
2.8935276930402353e-03
1.1175388560954707e-03
2.4606195570977141e-03
2.4162404584206656e-03
1.5561051212861128e-03
3.0110902675856968e-03
1.1638787551130321e-03
2.3857433336883127e-03
2.5415635489955280e-03
9.8090855975014745e-04
3.1009314371372647e-03
1.3376526113316211e-03
2.4425832191568553e-03
2.6775617928358666e-03
1.0436144472967658e-03
3.0333779113069707e-03
1.5184608118171943e-03
2.3766259010683812e-03
2.7577229283329047e-03
1.0817239619331706e-03
2.9846153943828323e-03
1.6997409218923762e-03
2.1395074607360280e-03
2.6718683977423720e-03
1.1189534293150085e-03
2.8126318382489437e-03
2.2883169414138296e-03
1.7898141799241650e-03
2.6700529842418942e-03
1.6152407868615256e-03
2.2318853431430347e-03
2.8169269238644658e-03
1.2481105496629193e-03
3.0544972885472640e-03
1.7333398132807541e-03
2.0961524609399568e-03
2.9365204643743768e-03
9.8715117113339079e-04
3.0583076813945642e-03
1.8066464421779532e-03
2.0694183370035492e-03
2.9435384533288613e-03
6.3111120791496721e-04
2.9604929433446020e-03
1.8869530778986693e-03
1.9057931956492321e-03
2.9258754124013406e-03
8.0136538198726708e-04
2.9762795760260928e-03
2.0062584343940211e-03
1.9109160622464455e-03
2.8837087883693290e-03
1.1682499033134732e-03
2.7078331395118246e-03
2.2659114466348851e-03
1.5127971168604935e-03
2.8096826385691021e-03
1.7034292136007944e-03
2.3115589462748424e-03
2.7248705847992684e-03
1.1062077519950562e-03
2.6566630924786563e-03
2.2489863622571736e-03
1.8448706490184238e-03
3.1800100678561444e-03
9.6393525104233500e-04
2.8630692894446685e-03
2.3790323134691978e-03
1.5981515802295308e-03
3.3195630026222390e-03
9.1548696843706749e-04
2.9863553216315994e-03
2.3186169919356069e-03
1.4704044658506758e-03
3.1596138227388540e-03
1.0823726089619376e-03
2.7529666277973396e-03
2.4320264219810503e-03
1.3149155454240669e-03
3.0983673165905345e-03
1.4728920688655610e-03
2.6181348009353448e-03
2.4108845615241946e-03
1.3641971127436973e-03
2.8619065789341337e-03
1.8722964176650593e-03
2.2401654915708692e-03
2.7074760221054493e-03
1.1182075641953766e-03
2.6659991072478175e-03
2.3344624031839825e-03
1.8169042579554129e-03
3.0041333059696389e-03
1.3720526487571280e-03
2.5659542252487711e-03
2.7839210170475664e-03
1.2053644101359159e-03
3.2855382269234624e-03
1.5789118259437870e-03
2.6230596706200999e-03
3.0260224439049728e-03
9.4289810019147833e-04
3.4589756434554733e-03
1.4649468962772102e-03
2.4818683514347150e-03
2.8447371975904531e-03
7.9339308321387653e-04
3.1592487233000469e-03
1.8685803051410510e-03
2.2424515074577571e-03
2.7658124288251888e-03
1.0127728000106425e-03
2.9120944666950494e-03
2.1980272995069088e-03
2.0215468532092684e-03
2.7894134901155004e-03
1.2218660542999639e-03
2.6709961381129262e-03
2.5102496571459709e-03
1.6876661206023423e-03
2.8601674086665392e-03
1.5906749816530586e-03
2.2948301887382827e-03
2.8546856620002385e-03
1.0814766730424797e-03
3.1838312083144562e-03
1.9810855302384058e-03
2.2207991777657035e-03
3.1733259909929477e-03
7.4598873643980232e-04
3.2749217494426946e-03
2.2476946533751718e-03
2.0840713459528179e-03
3.3793649701492835e-03
6.7466598772502153e-04
3.2160987463845303e-03
2.1014982977367517e-03
1.9887320498660080e-03
3.1458312012023547e-03
1.2904092870381937e-03
2.9813156851847670e-03
2.4392762382247726e-03
1.6149669631640654e-03
2.9381746150669310e-03
1.7015734614710613e-03
2.5988072232488134e-03
2.8745936045629530e-03
1.3853100252170499e-03
2.9080938339620336e-03
1.8990311143452286e-03
2.2551766053807648e-03
3.0024557659082333e-03
1.1356728040283664e-03
2.9033886550888753e-03
2.2935881410715646e-03
1.6952448816735393e-03
3.2873174207626687e-03
1.0497566583878059e-03
2.9884285341876789e-03
2.5233397654484411e-03
1.6667957779727685e-03
3.4142351659778524e-03
1.2502268467579391e-03
3.0105457917776507e-03
2.7788354025470043e-03
1.5057222562058002e-03
3.4703378572949928e-03
1.2604107345920035e-03
2.9085529241396689e-03
2.7393420231032451e-03
1.2279917956988478e-03
3.2787180814750853e-03
1.9773245822326418e-03
2.4469060908123988e-03
2.8843437901714441e-03
1.0985720811423950e-03
2.8517666943963247e-03
2.5445067810929770e-03
2.0432187290061877e-03
3.2689927938555673e-03
1.1490854544249718e-03
2.8171583200632590e-03
2.6526881074806713e-03
1.6513386693324378e-03
3.2777575650842412e-03
1.3564313541941321e-03
2.6389618051086746e-03
2.8627983230349935e-03
1.0330642018396407e-03
3.3144632735354999e-03
1.6018894045407189e-03
2.6259358377872114e-03
3.0432998629228796e-03
1.0814979401996482e-03
3.4689802469720561e-03
1.8649456524151289e-03
2.5413703578429582e-03
3.1968356534705141e-03
1.0155757825847384e-03
3.4036783788165435e-03
2.0158031515763878e-03
2.2385942376412400e-03
3.1043512722050718e-03
1.3024390204792451e-03
2.9887488797942742e-03
2.6506786232154446e-03
1.8526704227827659e-03
3.1220471339530377e-03
1.7644271666217922e-03
2.4953693709083083e-03
3.1214400933278095e-03
1.2971869951985491e-03
3.3923447601183587e-03
1.8880639609205072e-03
2.3965984157071252e-03
3.2681140806475636e-03
1.0378663868665121e-03
3.4088313520469430e-03
2.0039787005737206e-03
2.1414630303918328e-03
3.2507485356296825e-03
7.4109387348514637e-04
3.3369080719294203e-03
2.2586979225949298e-03
2.1098681029096352e-03
3.3808116079440203e-03
9.0833006355683921e-04
3.1831592952160908e-03
2.4420942561853161e-03
1.9324565426706685e-03
3.3786172310157157e-03
1.3736220241930030e-03
2.9494684427098564e-03
2.6680198529336887e-03
1.4875362467227980e-03
3.2286758220541282e-03
1.9496981576268293e-03
2.6373415395512657e-03
3.1573845196265523e-03
1.0204447934297938e-03
3.1170566258161719e-03
2.4818659797999259e-03
1.9656193794974708e-03
3.5886662120565888e-03
1.0052581573998431e-03
3.3125973694722241e-03
2.7235006962860160e-03
1.7106750145457646e-03
3.6530638799715303e-03
1.0290044744000236e-03
3.0876424876247789e-03
2.6891293757602013e-03
1.4982691865075644e-03
3.5265359976657034e-03
1.3647494621707539e-03
2.9169216892858288e-03
2.7923522631157806e-03
1.3983500438381020e-03
3.3344401715276009e-03
1.6594445606446706e-03
2.7485255476298823e-03
2.8954317694637553e-03
1.3496570002379548e-03
3.2765853253720811e-03
2.1610814598948453e-03
2.3413439216080178e-03
3.1794622862670618e-03
1.0892636674672354e-03
3.0824041820381276e-03
2.6807337226175819e-03
1.8904172522383989e-03
3.4602927800423283e-03
1.5899997717562962e-03
2.8371573570582691e-03
3.2015327487110389e-03
1.3318821212456779e-03
3.7630021731393615e-03
1.7426266656983028e-03
2.8109327474094628e-03
3.3233803869138481e-03
9.5335467957225297e-04
3.7255349790464667e-03
1.7057049047944986e-03
2.7444888268543339e-03
3.1758348217716596e-03
8.2750697344092475e-04
3.4590180091794418e-03
2.1441511378685043e-03
2.3325424123541868e-03
3.2560307404543368e-03
1.0492550396431965e-03
3.2974164061911914e-03
2.5544604641207975e-03
2.1830034406527831e-03
3.1857925295351928e-03
1.3115109911638382e-03
2.8770271919929019e-03
2.8319524853100192e-03
1.6718381915787250e-03
3.3398300691807087e-03
1.7914752518135217e-03
2.6294338732957201e-03
3.2630554525059840e-03
1.0298418823194151e-03
3.4100435956061692e-03
2.2842012971036763e-03
2.3689970821315540e-03
3.6302089502187225e-03
8.4977256751360441e-04
3.5809201159156786e-03
2.5118836689706713e-03
2.1977282455549548e-03
3.7834761953436172e-03
8.0128456558550278e-04
3.6066912907400561e-03
2.4757936807560765e-03
1.9841664658845461e-03
3.5411268915158155e-03
1.5156917247730914e-03
3.1393446184936574e-03
2.9520004106508152e-03
1.5548991082222452e-03
3.3587180821119732e-03
1.9177564816856751e-03
2.8596659796930454e-03
3.2058876691839610e-03
1.4695793307644425e-03
3.3637739633276425e-03
2.1597857382456278e-03
2.4053595623104366e-03
3.3737625339662026e-03
1.1512569398775142e-03
3.2392644005655421e-03
2.5450756322471417e-03
1.9494356667492741e-03
3.5900820404140867e-03
1.1983836786160877e-03
3.3387129508015991e-03
2.9664380279231049e-03
1.8186751769914951e-03
3.7959687648326111e-03
1.4832963245763797e-03
3.2128451604557834e-03
3.2704841844370877e-03
1.4600706994631382e-03
3.9393550377213237e-03
1.5965541944689690e-03
2.9798261632563404e-03
3.1152987927722479e-03
1.1098507573081094e-03
3.5192603146690080e-03
2.3930650100782926e-03
2.6247155124166826e-03
3.4055055104300434e-03
1.1610975757199997e-03
3.3031771669130854e-03
2.7480767934665380e-03
2.1090851319080081e-03
3.6843463386401101e-03
1.2180428074581660e-03
3.1269590558596211e-03
2.9244871535623073e-03
1.8003297026813062e-03
3.6577547859756834e-03
1.5080899348981385e-03
2.9104137442714532e-03
3.1948647185501508e-03
1.1118590726260274e-03
3.8207213114851597e-03
1.8559477181698803e-03
2.9160433608878327e-03
3.4419529267716588e-03
1.1609370154186775e-03
3.7583714439341008e-03
2.2636683628541416e-03
2.6431574455343643e-03
3.6874750395446947e-03
1.0316113065514489e-03
3.6237781306389110e-03
2.4359136732664921e-03
2.3370587436654499e-03
3.5400948139535727e-03
1.4703661024877189e-03
3.3833152841929721e-03
3.0880407685869964e-03
1.8323460059506895e-03
3.5391511088883189e-03
1.9598049053658616e-03
2.8269904439803223e-03
3.5833696825868996e-03
1.3370871837472672e-03
3.8484189061155903e-03
2.0725460544310944e-03
2.6863065509005924e-03
3.5898310636008359e-03
1.1095491192932678e-03
3.6684432695962082e-03
2.3697478025808010e-03
2.2742270255432114e-03
3.7069610596127726e-03
8.7713731442299247e-04
3.5735750255527759e-03
2.5663185287636966e-03
2.1930887947249080e-03
3.7498460680023631e-03
1.1536796570817615e-03
3.5248719922571360e-03
2.9203537335438356e-03
1.9687320717579984e-03
3.7880333583448392e-03
1.5809113626433923e-03
3.2519197952466643e-03
3.1797552682187175e-03
1.4425747205764601e-03
3.6947422008137814e-03
2.2694177002845696e-03
2.7238913104782481e-03
3.5797840592509391e-03
1.0738578304151389e-03
3.5285208110089191e-03
2.8973031858801762e-03
2.1351591419994818e-03
4.0132780639956962e-03
1.1001363847987211e-03
3.5445482747862318e-03
2.9606548885233539e-03
1.9800358495247732e-03
3.9811121465229979e-03
1.2353302622376348e-03
3.4443401351054812e-03
3.0367895397764269e-03
1.5213156615574593e-03
3.8116940981495597e-03
1.6000669849204490e-03
3.1794831538734191e-03
3.2495928493171617e-03
1.4241743532265355e-03
3.8769107115179699e-03
1.9176138678856131e-03
2.9979257233617800e-03
3.4266018316418934e-03
1.3260529676402085e-03
3.7290178667219059e-03
2.4702733279039833e-03
2.5064632918684491e-03
3.6191369830694139e-03
1.2730831978943725e-03
3.5276132864559967e-03
3.0324662195295431e-03
2.0238317560137722e-03
3.8960572839994113e-03
1.7541794692813627e-03
3.2124189754662935e-03
3.5726937917888077e-03
1.3245157921462864e-03
4.1344336105637747e-03
1.9590829073065654e-03
3.1751167842151737e-03
3.7599626239133406e-03
1.0778361165318245e-03
4.1302970322890011e-03
2.0557843364074906e-03
2.7931444711271000e-03
3.6147588432912689e-03
9.0078041843848450e-04
3.8252690776784722e-03
2.6586473768165637e-03
2.5130070115402191e-03
3.6930529738066261e-03
1.1333399323187254e-03
3.5810416738969735e-03
2.8805718964510525e-03
2.2491573956417402e-03
3.6826233289643960e-03
1.5174744765309243e-03
3.2991926711292956e-03
3.2542063070453934e-03
1.6777289693310118e-03
3.9146035091578357e-03
2.0590864322901441e-03
2.9663823170497121e-03
3.6917134623138653e-03
1.0491091129926856e-03
3.9582731425036235e-03
2.5955138633725269e-03
2.6609800328237241e-03
4.1013547688902099e-03
9.3198621383348455e-04
4.0358399140997666e-03
2.9529613011776545e-03
2.3764676379132788e-03
4.1949125123749709e-03
1.0951852931731668e-03
3.7369586440519106e-03
2.8514414375837732e-03
2.0329594196195357e-03
3.9003503697990494e-03
1.7891196011120018e-03
3.3635368739367870e-03
3.3718854491265682e-03
1.6000021685468133e-03
3.9822640135833707e-03
2.0840689783566740e-03
3.0745375603703422e-03
3.6521920055069038e-03
1.4962627803753476e-03
3.7086700094116835e-03
2.4168460977146652e-03
2.6614525756417508e-03
3.7639334441871793e-03
1.0993957819813505e-03
3.6660499398744563e-03
2.8965147618288853e-03
2.1178912468574097e-03
4.1017699079233068e-03
1.4557869822953331e-03
3.6097779818843158e-03
3.4223975514910453e-03
1.9329710956000113e-03
4.3145628493811540e-03
1.7079821581916124e-03
3.5018864518602893e-03
3.6553547594428155e-03
1.4876690385416584e-03
4.2892248998689982e-03
1.9602818120067695e-03
3.3121946879653879e-03
3.5830078444417804e-03
1.0401700207883693e-03
3.9746728219948952e-03
2.6925268675386540e-03
2.7092420765756735e-03
3.9618415459592733e-03
1.1774106593489628e-03
3.6619280822393309e-03
3.1835711939647007e-03
2.4000910662335326e-03
4.1193997503852610e-03
1.3246837183187676e-03
3.5644426421625954e-03
3.3011494285742978e-03
1.8930912119594803e-03
4.0897190623665047e-03
1.7543271301289427e-03
3.1953164141089543e-03
3.6359668062452824e-03
1.2389490194541011e-03
4.1228687299861531e-03
2.2214714396295160e-03
3.0707326460098910e-03
3.9939456750543376e-03
1.2391761539471365e-03
4.1940315859682479e-03
2.6155170237309299e-03
2.7818380361707812e-03
4.2183536809680964e-03
1.0217517200328801e-03
4.1444927536065258e-03
2.8884162190896874e-03
2.4081221862771269e-03
4.0282606175593401e-03
1.7257352891772973e-03
3.5492216639549001e-03
3.6100409870210232e-03
1.7862037553154663e-03
4.1819637341104646e-03
2.1811460565972149e-03
3.2361596720979898e-03
3.9155345778905870e-03
1.5093044602696643e-03
4.1909115210389579e-03
2.3034575146530290e-03
2.9687111037279483e-03
3.9450724691796760e-03
1.1993269102310361e-03
4.0273883498510334e-03
2.6355743287929342e-03
2.4613522154293614e-03
4.0890939226278268e-03
1.0653521271540550e-03
4.0061422055095251e-03
3.0814651451456444e-03
2.4025551860973227e-03
4.2606966503841558e-03
1.4489276033310195e-03
3.7058187974179889e-03
3.5284654426216903e-03
1.9772472168570437e-03
4.3919357797649597e-03
1.8519566238157535e-03
3.4269127921247046e-03
3.6866646259464384e-03
1.3790648219197893e-03
4.1938167419864076e-03
2.6828576632925826e-03
3.0289679206909523e-03
4.1569710041558187e-03
1.1738131213333131e-03
3.9649718421321603e-03
3.1313422076351409e-03
2.4271717851652537e-03
4.4923996447742741e-03
1.1615305849292583e-03
4.0566708824485900e-03
3.3439646914989692e-03
2.0613087840966964e-03
4.3873636071805455e-03
1.4874163417853306e-03
3.6449835135470509e-03
3.4996270320856861e-03
1.5418282407646078e-03
4.3504352581234954e-03
1.9436112854281963e-03
3.4742225488500148e-03
3.7646461211803752e-03
1.5549538690651317e-03
4.2238420334352921e-03
2.3550054640945530e-03
3.1170007948716316e-03
4.0496546641120446e-03
1.3666476654577053e-03
4.0884076007183523e-03
2.8570429912850781e-03
2.6252872394943671e-03
4.2625753181476959e-03
1.4477721498755355e-03
3.9021234083689792e-03
3.5344230699176030e-03
2.0869917645466437e-03
4.3635004442992660e-03
2.0289067542117243e-03
3.5058459862264057e-03
4.1134240836932815e-03
1.4403092317608493e-03
4.6712632942619509e-03
2.2159004633252447e-03
3.3295443890468111e-03
4.1093581340223926e-03
1.2066563152267312e-03
4.3617156771115911e-03
2.5507086366077041e-03
2.9955873117835925e-03
4.0726222064981334e-03
1.0524273134369809e-03
4.1267389676292888e-03
2.9810715656011033e-03
2.5832352413884068e-03
4.3231421792815023e-03
1.2838493023920436e-03
4.0119825113435819e-03
3.2636232238760230e-03
2.3613267019657099e-03
4.2301533627296080e-03
1.7077501556334983e-03
3.6230833891967803e-03
3.7535972159842340e-03
1.6465851545266266e-03
4.2860527157569800e-03
2.3635694507165191e-03
3.3512444871076738e-03
4.1108489965514501e-03
1.0909452808071662e-03
4.3033817751808113e-03
3.0874191955366607e-03
2.8218945890572896e-03
4.6030783996508055e-03
1.0613487770455366e-03
4.2816829669553320e-03
3.2367181700580019e-03
2.5132509680904982e-03
4.6359279138354489e-03
1.3672951219687417e-03
4.1834439578187586e-03
3.4117495211182331e-03
2.0564057988077720e-03
4.3613560165684639e-03
2.0231166745678414e-03
3.6869826061885938e-03
3.9988828463535910e-03
1.6395836088863509e-03
4.3484101945884153e-03
2.3615461164738301e-03
3.4300650049273666e-03
4.0792543360979958e-03
1.5405600882907825e-03
4.2416108272975385e-03
2.7665216890791705e-03
2.8407457678979635e-03
4.2891140996862897e-03
1.1572898111077709e-03
4.2734911950845231e-03
3.2518994701367120e-03
2.5007019154702011e-03
4.5364366407458657e-03
1.6532760340948322e-03
4.0338732087748840e-03
3.8999859484867895e-03
2.0440470885327430e-03
4.7326788296206158e-03
2.0183233481407144e-03
3.8384696908330008e-03
4.2336155964142501e-03
1.4659969204640262e-03
4.7953274520880704e-03
2.4111529445699892e-03
3.3872214745947291e-03
4.0896015523291581e-03
1.1125688252829299e-03
4.3277787790567427e-03
3.2352623787278191e-03
2.8575835032934845e-03
4.5189964990983208e-03
1.2689498164192904e-03
4.3155081758888989e-03
3.4580926248102980e-03
2.5429823326302212e-03
4.5519904476343754e-03
1.5117888618982290e-03
3.8265436984377958e-03
3.6737538907646774e-03
1.9918735726176719e-03
4.6066089712591685e-03
2.0241986304381631e-03
3.6063261505630512e-03
4.0927987565180061e-03
1.4194341708547785e-03
4.6741917385415208e-03
2.6312622981783228e-03
3.4319852656810460e-03
4.5062400609180301e-03
1.2969697246482394e-03
4.6445790672835765e-03
3.2119086493999586e-03
2.9633792580508454e-03
4.7344190014506054e-03
1.2243681964162619e-03
4.3540128730024949e-03
3.3621944484690789e-03
2.4964374899410563e-03
4.5217842067587066e-03
1.9839075340195187e-03
3.9591065383236430e-03
4.0787850467648764e-03
1.8487624483280193e-03
4.7058555848573640e-03
2.3760790918184184e-03
3.6425094289924929e-03
4.4533263984978082e-03
1.6008328239954142e-03
4.7144397744423340e-03
2.5628875814888577e-03
3.2475463413823469e-03
4.4161408945517676e-03
1.2346424445379197e-03
4.4583902475868976e-03
3.0860601461330981e-03
2.7377519937159798e-03
4.6334282993821486e-03
1.3177385087005957e-03
4.4060621312890904e-03
3.5890589060318897e-03
2.5450366087361527e-03
4.8025598541804023e-03
1.7370427584061528e-03
4.1427868245612221e-03
4.0304534526443454e-03
1.9885374711538510e-03
4.8567677523341434e-03
2.1896904830595908e-03
3.8444197073225408e-03
4.1903284933260589e-03
1.3681425840117122e-03
4.6259776374630692e-03
3.0391945137040154e-03
3.1941868278901960e-03
4.7287945818001572e-03
1.1871371299883575e-03
4.5553661704793580e-03
3.6543134014064855e-03
2.6926522612616146e-03
4.9590268080762657e-03
1.2841759034849672e-03
4.4082346416036335e-03
3.6985509478702277e-03
2.3789655577322578e-03
4.7486443584406936e-03
1.8651588641036925e-03
3.9244517595693048e-03
4.0671462916711835e-03
1.6823847436084312e-03
4.9112840439690586e-03
2.2296807385479827e-03
3.7128617696965465e-03
4.3427365115634685e-03
1.6552062758854701e-03
4.7896636400393050e-03
2.8151175242707317e-03
3.3915852217995639e-03
4.7001686288011017e-03
1.3251729173812293e-03
4.7048878224434263e-03
3.3059874622689365e-03
2.8377244777720570e-03
4.7718372770312999e-03
1.7238873415355920e-03
4.4205573197325897e-03
4.0598131409297260e-03
2.3170743373916399e-03
4.9806070523367562e-03
2.2985290653706864e-03
3.9466931012202729e-03
4.4999186716529957e-03
1.6282033372249966e-03
5.0606233349374443e-03
2.4420072564343199e-03
3.7436211980366976e-03
4.5874921572921397e-03
1.3923984310468356e-03
4.8480973454453156e-03
2.9756055826916901e-03
3.1594148190881503e-03
4.7354864656709642e-03
1.1593892009972039e-03
4.6196903452330939e-03
3.5493512031785635e-03
2.9107448612465041e-03
4.8350254823115776e-03
1.4503088233945700e-03
4.4151426067725024e-03
3.8666299642891649e-03
2.4644614093776011e-03
4.9315093970387887e-03
2.0220352476255830e-03
3.9769886881671004e-03
4.3132179558693128e-03
1.7207398453118472e-03
5.0538333918151929e-03
2.7644371642486197e-03
3.7113100321853471e-03
4.7573144706071100e-03
1.3016815101033611e-03
4.8483055057007615e-03
3.3983785192738167e-03
3.1096570163360918e-03
5.1700821334302758e-03
1.1566338563764511e-03
4.8958954138781678e-03
3.7561764596914507e-03
2.6919553433057326e-03
5.0941684486140717e-03
1.7191514089103320e-03
4.3778284184730933e-03
4.0867687321762443e-03
2.1477957213025078e-03
4.8811279223234683e-03
2.3899527033563609e-03
3.9963391410778063e-03
4.4462660915929042e-03
1.8568191386702506e-03
5.1064079851839668e-03
2.6310275496086526e-03
3.6944313677766305e-03
4.5496769580845742e-03
1.6343525439145123e-03
4.7397121071041789e-03
3.2314115060459235e-03
3.0702827696832058e-03
4.9883852637361125e-03
1.3222692698249832e-03
4.6141640935344784e-03
3.8270638121979577e-03
2.6354192900069975e-03
5.0729979896089600e-03
1.9808992587394356e-03
4.3649333599827568e-03
4.5193231093596182e-03
2.1663119114105280e-03
5.3719315607884512e-03
2.3824623434548675e-03
4.0688253219271654e-03
4.6418008305866149e-03
1.5228342105155016e-03
5.1418973348139720e-03
2.9485715672923720e-03
3.7030171411015981e-03
4.7516945374732099e-03
1.3057452830249081e-03
4.8415789237317352e-03
3.5525373117992246e-03
3.0445713473943822e-03
5.1574006848392195e-03
1.3782645870416145e-03
4.6507732121772033e-03
3.9219437081121277e-03
2.7937219827301072e-03
5.0560908084271326e-03
1.7822850162620997e-03
4.3152648964550075e-03
4.2639752491751065e-03
2.0916110621852281e-03
5.0775920496527148e-03
2.3332928134778270e-03
4.0819168944889470e-03
4.6444095524719098e-03
1.6491967697644240e-03
5.1813555374605772e-03
3.1931384756919050e-03
3.6130682008338167e-03
5.1285649975611816e-03
1.4524674207239581e-03
5.0311543431730520e-03
3.5576947418923281e-03
3.0815627342959768e-03
5.3176444935427768e-03
1.4705512780060618e-03
4.9280437236675296e-03
3.9959979940209188e-03
2.6028467094032976e-03
5.0820220992210197e-03
2.2353608460304567e-03
4.2709581168093253e-03
4.7364498870058978e-03
1.9444361101756448e-03
5.3451801418723304e-03
2.6970651455821963e-03
4.0957750565526387e-03
4.8485885871659981e-03
1.7919305449364464e-03
5.1867944501466107e-03
3.0578688558714671e-03
3.5493245733706504e-03
4.9581269742238364e-03
1.3949187277895450e-03
5.0351379943724120e-03
3.6230379860939378e-03
3.0909100066452539e-03
5.2677016330382265e-03
1.5347676402048048e-03
4.8033543842332027e-03
4.1878547412674732e-03
2.7251534207277080e-03
5.2874685335990738e-03
2.1034604100282745e-03
4.4540658102344170e-03
4.7506548374014477e-03
2.0057474676787117e-03
5.4890133386812029e-03
2.6407666077266044e-03
4.1008596444867349e-03
4.8304837365360032e-03
1.4340878055808541e-03
5.1955231764936206e-03
3.6049960132253458e-03
3.4842202453804986e-03
5.3202291704639235e-03
1.3505186405353706e-03
5.1198812358769696e-03
3.9272904348919297e-03
3.1109197240776439e-03
5.4871014933071532e-03
1.5497143889273211e-03
4.8297655810485684e-03
4.1270361505535060e-03
2.4910877519214451e-03
5.2920889801411570e-03
2.2228123074752516e-03
4.3232484327815198e-03
4.6922575610096433e-03
1.8757509557864895e-03
5.3297299918378662e-03
2.6629803635777887e-03
4.1313837649329934e-03
4.9152810963215806e-03
1.7661645241275681e-03
5.2270546166880609e-03
3.5105127338333174e-03
3.5412345286506826e-03
5.3245347171516060e-03
1.3914319008561566e-03
5.1880447801353645e-03
3.8705429384433298e-03
3.1080200664643592e-03
5.4012535186823765e-03
1.9660216912282271e-03
4.7218323584809832e-03
4.5970413252588455e-03
2.3786940770140082e-03
5.4981440138521824e-03
2.5576367389455665e-03
4.3869613396327360e-03
5.1301802800555810e-03
1.8650775540753407e-03
5.6448522425144917e-03
2.8075600243424211e-03
4.0805224497698182e-03
5.0522528678410335e-03
1.5688436051977193e-03
5.2146942835270193e-03
3.6687466070584565e-03
3.3594362832354016e-03
5.3328504668170131e-03
1.3604366527666220e-03
5.2561759260085841e-03
3.9738749655158258e-03
3.1032527646272373e-03
5.4428673365085100e-03
1.8192121888396201e-03
4.8277702629884308e-03
4.4843002327607179e-03
2.5520249428009319e-03
5.5628923253796952e-03
2.3643934361796434e-03
4.4480534163706537e-03
4.8992816751707241e-03
1.8433364213077011e-03
5.4517137254832355e-03
3.2110170637296796e-03
4.0459068246077494e-03
5.3372995628270196e-03
1.4813215129039490e-03
5.3916608303913411e-03
4.0125637490364191e-03
3.3843729882221682e-03
5.6931145920959192e-03
1.3280203866868408e-03
5.2957618014312985e-03
4.1152248549022772e-03
3.0752655292043346e-03
5.5523350473185842e-03
2.1420412145751384e-03
4.7973521431641727e-03
4.6778757778764331e-03
2.2301051943385440e-03
5.6806832675760401e-03
2.6648557182223087e-03
4.4534669907786185e-03
5.1173948097010197e-03
1.9908131199998552e-03
5.4735729951399179e-03
3.0585257180252771e-03
4.0554956394988108e-03
5.2631046266842984e-03
1.6762803395786764e-03
5.3561473360017268e-03
3.8261828209292816e-03
3.3907323454309300e-03
5.5645699541678473e-03
1.6085185818819280e-03
5.3368788037953105e-03
4.3572262113167563e-03
3.0357781789437776e-03
5.7071369725363637e-03
2.3320680587491250e-03
4.8412868734800411e-03
4.9969659777085208e-03
2.2835957540953923e-03
5.8497567356210114e-03
2.6845348097444656e-03
4.5465509113149028e-03
5.2687297614845297e-03
1.7957857184932645e-03
5.7012083599434302e-03
3.4104962284713428e-03
3.9232367195741399e-03
5.4566621982190620e-03
1.4731402758417227e-03
5.3376935813110645e-03
4.1830392924900334e-03
3.4246700036432852e-03
5.7076585243047550e-03
1.5783508321416920e-03
5.3496683556531208e-03
4.3195519772571888e-03
3.0039175861335784e-03
5.5835837763308022e-03
2.2296621300336920e-03
4.7177692835057763e-03
4.8964229467854704e-03
2.2218796133609883e-03
5.9042764608975579e-03
2.7376972981966881e-03
4.5280811472364259e-03
5.2598692955452596e-03
1.8789621234616264e-03
5.6673180232165036e-03
3.6098496252506555e-03
3.9764282008409096e-03
5.7803931491110794e-03
1.4808274719721377e-03
5.6641161642517661e-03
4.2057261865831594e-03
3.4001303689397463e-03
5.8431844031192701e-03
1.8189867445317530e-03
5.3607792547759447e-03
4.6302589731816264e-03
2.9090725053032666e-03
5.7549436692738874e-03
2.6420754163514262e-03
4.7226452834473387e-03
5.1984954468338269e-03
2.1732520910980771e-03
5.9799495929339008e-03
2.9581872877692881e-03
4.5357421764161956e-03
5.3987182494847413e-03
1.9707438673183422e-03
5.6323741362319596e-03
3.5464381400104271e-03
3.8021111917273072e-03
5.6582651529580178e-03
1.4562443451530357e-03
5.4713062792678992e-03
4.1721968123293006e-03
3.3641262134965584e-03
5.8395429003905890e-03
1.9074974238778276e-03
5.3500027421283722e-03
4.8570887912505259e-03
2.9216653887014338e-03
6.0321224582629632e-03
2.5810822399383627e-03
4.8560956198516331e-03
5.2254646952455295e-03
2.1314968963511605e-03
6.0645190452122836e-03
3.1405512071800497e-03
4.5254501924763980e-03
5.4742844068019665e-03
1.7332511026192160e-03
5.6154359049324911e-03
3.9651841130068158e-03
3.6795935167076728e-03
6.0085778358249780e-03
1.5111575751734516e-03
5.6676384698212956e-03
4.5034247356946456e-03
3.3338544402876746e-03
5.9695054136324859e-03
1.9229981756311927e-03
5.3229587560048907e-03
4.8629375244266162e-03
2.7357540141153091e-03
5.8987305793890979e-03
2.6910312337257210e-03
4.8486470701162975e-03
5.3068671736878339e-03
2.1731985337661163e-03
6.1233250825601711e-03
3.2627362513541714e-03
4.5202093571907968e-03
5.6589805026475782e-03
1.9489619326289200e-03
5.7944287425812247e-03
3.9149088558967987e-03
3.8186554867201518e-03
6.0588569544950156e-03
1.5087190996128927e-03
5.7313465172061746e-03
4.3990892944577214e-03
3.2374900646609346e-03
5.9964151529622919e-03
2.2883625096669913e-03
5.2875551512417164e-03
5.2814564696383268e-03
2.6128246206166749e-03
6.2343054276879049e-03
2.9584820431771395e-03
4.8893890263927596e-03
5.5357191418268581e-03
2.1566305152440550e-03
6.1631410472172965e-03
3.3968166653410270e-03
4.4741233473072914e-03
5.6299745257761416e-03
1.8082883629872684e-03
5.8146130774984883e-03
4.0608975499695716e-03
3.7411334112730774e-03
6.0536836552631222e-03
1.5653193862571312e-03
5.5840092058069288e-03
4.5182606614156554e-03
3.4036723055382821e-03
6.0495829938218074e-03
2.2197728945895553e-03
5.2424606633299595e-03
5.2809985014383061e-03
2.7025981316548815e-03
6.2445327585921003e-03
2.8099718275308092e-03
4.9278100144321104e-03
5.5522264672418480e-03
2.0480363912185819e-03
6.2092901824200375e-03
3.7922940503706667e-03
4.4317164258747526e-03
6.0152541409882465e-03
1.7504326439210165e-03
5.9195394102205057e-03
4.3212988943559863e-03
3.7781460647134482e-03
6.3376385636541603e-03
1.6136298051578227e-03
5.8039545442606080e-03
4.6458764781710333e-03
3.1851027038309497e-03
6.1051293829552265e-03
2.4961703043936889e-03
5.1830869476814142e-03
5.4483734058755036e-03
2.4143248961403883e-03
6.2502141217678732e-03
3.0606127888751482e-03
4.9598560348274737e-03
5.6460139945593195e-03
2.2524712151394842e-03
6.2252438047222256e-03
3.7800138002567216e-03
4.3709535646883615e-03
5.9909985265760544e-03
1.8779209896750766e-03
6.0167563016313213e-03
4.3019430729383523e-03
3.8071586588416992e-03
6.2424948471549446e-03
1.8434675284334586e-03
5.6536352487980461e-03
4.9802051631238674e-03
3.2027605143986454e-03
6.2226393537845202e-03
2.6753398310022441e-03
5.2116042299863545e-03
5.7122277143580287e-03
2.4189583890869238e-03
6.5196276375998003e-03
3.1006455552594044e-03
4.9608929601156031e-03
5.7524545442415066e-03
2.0580108846541558e-03
6.2158290185707179e-03
4.0831174521751964e-03
4.2839577924051178e-03
6.1602614439798652e-03
1.7179597279672412e-03
6.1135632521739222e-03
4.5116586481528369e-03
3.8278189927745069e-03
6.3548433636524786e-03
1.9039383316355127e-03
5.6513616296674021e-03
4.9692959554196482e-03
3.2318870966347190e-03
6.2651364049003547e-03
2.6573450924569316e-03
5.1864675509771235e-03
5.6506505612742763e-03
2.4216723162488228e-03
6.3929053967114119e-03
3.2638285465934700e-03
4.9574247990175173e-03
5.8617169537477556e-03
2.1184691374212862e-03
6.2188792677309217e-03
4.2900980628166000e-03
4.2022361412515788e-03
6.4022310195588662e-03
1.7073142291174821e-03
6.1799689736039450e-03
4.5787096042613721e-03
3.8263745155114525e-03
6.4410772013214542e-03
2.1962453312072850e-03
5.7452307075621205e-03
5.2620912947971936e-03
3.0230648004355202e-03
6.4089494608967259e-03
2.9614928502571429e-03
5.2181290607930635e-03
5.9239313409230202e-03
2.4144399300118258e-03
6.5367600144476592e-03
3.3306162529787423e-03
4.9298407996878615e-03
5.9573779465944407e-03
2.1643673391531499e-03
6.2053843702820433e-03
4.3152220757745070e-03
4.1071673630923757e-03
6.3348298771334103e-03
1.6927841624517030e-03
6.2585246541036043e-03
4.7144836301528485e-03
3.8245350731407526e-03
6.4370000347538587e-03
2.3209130022868395e-03
5.7263392278667068e-03
5.4496842523307316e-03
3.0794395866900917e-03
6.6020797051724277e-03
2.9532711065075969e-03
5.3503972942489661e-03
5.9726972190214857e-03
2.4032097313310000e-03
6.6033723785685079e-03
3.6404493251718127e-03
4.8996496598690551e-03
6.1452934817019236e-03
1.9844348039920311e-03
6.2494251291628795e-03
4.6325701094133741e-03
4.0415826553645640e-03
6.5851538136384958e-03
1.7352091983411407e-03
6.3105277462131631e-03
4.8404109704702743e-03
3.8052421860221642e-03
6.5119034039946566e-03
2.4346327795906836e-03
5.6179212488484788e-03
5.4785920633179516e-03
2.9154479792129402e-03
6.7006724500927213e-03
3.0619137647776109e-03
5.3564801843379722e-03
5.9772255451715911e-03
2.3957335032635664e-03
6.5336359487079276e-03
3.7707764778826462e-03
4.8553588546637666e-03
6.3404558137456369e-03
2.0938518770498844e-03
6.4358864289658455e-03
4.6606021286947777e-03
4.1658531470604625e-03
6.6228727509593964e-03
1.7300405547169440e-03
6.3560649836246694e-03
5.0067660247623633e-03
3.7608832033955487e-03
6.5906726825751688e-03
2.7358278319256106e-03
5.6629637681492231e-03
5.7983366166091520e-03
2.8126220499209275e-03
6.8177238914392483e-03
3.2600177105315689e-03
5.3983878345658905e-03
6.2027053356148668e-03
2.4076703032876526e-03
6.6614205945916029e-03
3.9041444108278444e-03
4.7742627076507232e-03
6.4103210416510924e-03
1.9568148263798745e-03
6.3701626697836491e-03
4.7872596584033148e-03
4.0934809559011152e-03
6.6771231349306683e-03
1.8507687040749639e-03
6.3788095623866555e-03
5.1627992323528106e-03
3.7031686289483831e-03
6.7300079654959042e-03
2.7555542620847067e-03
5.7425436604331371e-03
5.8185593385793408e-03
2.8640604460971964e-03
6.9271581677357421e-03
3.2125058145538086e-03
5.4313402578484082e-03
6.1302034296495641e-03
2.3597541907196843e-03
6.5839111541682550e-03
4.2135547796663536e-03
4.7007638286916476e-03
6.7220230385939836e-03
1.9459056820873935e-03
6.5775483084265863e-03
4.9962593174287528e-03
4.0513940710183152e-03
6.8428162477480068e-03
2.0183674767164676e-03
6.3778933490334826e-03
5.3455926219213466e-03
3.6268802918331699e-03
6.7614662314692594e-03
2.9756964871790197e-03
5.6553381922020635e-03
5.9646724419293593e-03
2.7039608356349801e-03
7.0240308995533872e-03
3.4104866485924743e-03
5.4508111554009290e-03
6.2501527784901111e-03
2.5013050481910012e-03
6.6249878858968391e-03
4.2523930383170866e-03
4.7171217790514305e-03
6.7766045240980873e-03
1.9314307775072589e-03
6.5965307398729144e-03
4.9688903275449635e-03
4.0333348333386745e-03
6.8815430748499704e-03
2.2618361112256369e-03
6.3757623863999156e-03
5.6748049068522143e-03
3.5391258805022000e-03
7.0150428119436434e-03
3.1278291091294055e-03
5.7230619498005227e-03
6.1709805549241296e-03
2.6644303503319793e-03
7.1060357473024050e-03
3.5561509246837455e-03
5.4420037022978032e-03
6.3423900114986682e-03
2.3896764348954507e-03
6.6534939284805380e-03
4.4871383885043171e-03
4.5340943809866622e-03
6.9299126718140782e-03
1.9074050273109539e-03
6.6045443707580679e-03
5.1608694168286872e-03
4.1303579793807539e-03
6.9666852644240593e-03
2.3280930878818067e-03
6.3462630611084443e-03
5.7559690497553904e-03
3.5024520142545538e-03
7.0332130730550689e-03
3.1485953609540207e-03
5.7877829880033788e-03
6.1920263186234798e-03
2.6892943947598455e-03
7.1792207051288434e-03
3.8502446010531687e-03
5.4324513958864742e-03
6.5993017595108007e-03
2.4154184574599960e-03
6.7768640349748699e-03
4.6590279994375618e-03
4.5825375469984546e-03
7.1259384069371611e-03
1.8842371060288634e-03
6.7704393485740772e-03
5.2124003693721863e-03
4.0019371992089173e-03
7.0489958838303871e-03
2.6058528756609557e-03
6.3034566892292039e-03
6.0157753151980839e-03
3.3204956340584968e-03
7.1651309741826118e-03
3.3788311160736599e-03
5.8350546083791310e-03
6.3607059238110185e-03
2.7929467294145458e-03
7.2275258601680742e-03
3.9773096213337987e-03
5.3937542605232165e-03
6.6605426581318799e-03
2.4180913379265073e-03
6.8372108984858584e-03
4.7112265762242036e-03
4.5593952919017380e-03
7.1230328003733731e-03
1.9185617831165556e-03
6.6802865187190067e-03
5.2634697036126705e-03
4.0771065884902275e-03
7.1204237131518343e-03
2.7386257411639117e-03
6.2597984690511256e-03
6.2157574771585372e-03
3.3368989411123448e-03
7.3367376216144434e-03
3.4008514251125093e-03
5.8733986794709389e-03
6.4574641120021224e-03
2.7097323613023069e-03
7.2638229141386507e-03
4.2913876857902664e-03
5.3382993180694357e-03
6.8918439465734090e-03
2.3090294167540343e-03
6.9521985911986418e-03
4.9508553472064638e-03
4.6015578538839514e-03
7.3049967680517015e-03
2.0595730171115291e-03
6.7442516852138854e-03
5.4154001664094599e-03
4.0385647368762828e-03
7.1796702135215823e-03
2.8700567705548337e-03
6.1983670949799247e-03
6.3050039805193818e-03
3.1859937458892725e-03
7.3280607343210839e-03
3.4934359688021614e-03
5.9095443438420357e-03
6.5822244679461630e-03
2.7949704220379089e-03
7.2986993144052307e-03
4.4720293488496694e-03
5.2886170451940358e-03
7.0494047203298344e-03
2.3730356475257864e-03
7.0663107034443463e-03
5.0103610267436677e-03
4.6408713206228924e-03
7.3506170533055321e-03
2.1085747205406391e-03
6.7628617639984932e-03
5.6675853248857383e-03
3.9381859813707896e-03
7.2465379390308825e-03
3.1146621840381678e-03
6.1413928788041404e-03
6.5558270175067037e-03
3.1058342803324335e-03
7.4866561577240061e-03
3.6517864051761450e-03
5.9261407443123052e-03
6.6908581716224481e-03
2.7718223876361720e-03
7.3089596125541440e-03
4.6462890020353871e-03
5.2102647029496005e-03
7.1318503073241196e-03
2.2809127973927113e-03
7.1737098699226612e-03
5.1302103316784890e-03
4.6709291216467689e-03
7.3690880885860866e-03
2.2621055347929486e-03
6.6670614465580928e-03
5.8209518711756017e-03
3.9857065473135091e-03
7.3397892636839525e-03
3.1760866130602031e-03
6.1908718071197015e-03
6.6315781183555371e-03
3.1121098623015258e-03
7.5363797887937622e-03
3.7055797307009941e-03
5.9236324193567324e-03
6.8116228140620129e-03
2.7041137685998372e-03
7.3156764669673538e-03
4.9218956342664544e-03
5.1160511936786373e-03
7.3619206208714195e-03
2.2137061122317284e-03
7.2463331961764047e-03
5.3045636879361299e-03
4.6687560815997248e-03
7.4948309553829421e-03
2.4503378000695075e-03
6.7359529874107408e-03
5.9897574543289096e-03
3.8458397582127727e-03
7.4220292974529738e-03
3.3648936117278427e-03
6.1803290924401103e-03
6.7664071034416167e-03
3.1120095356558506e-03
7.5548604188836995e-03
3.8630291779550036e-03
5.8991284725398944e-03
6.9118873568983167e-03
2.7789465420943469e-03
7.2997715609831220e-03
5.0207278068992132e-03
5.0290623995726761e-03
7.4236350321342159e-03
2.2103122042517313e-03
7.3194613894112092e-03
5.4104964644664773e-03
4.6715619987491635e-03
7.4609356765575835e-03
2.7113286366883633e-03
6.6721431229616462e-03
6.2574299289984208e-03
3.7843563909111038e-03
7.6382360914536828e-03
3.5086935353013508e-03
6.2689209361718049e-03
6.9233381297872081e-03
3.1049233578428616e-03
7.6686833227123533e-03
4.0982694219922674e-03
5.8536342016188882e-03
7.0569837700401117e-03
2.6852159198894219e-03
7.2820426404396951e-03
5.2306981091603351e-03
4.9388013129580523e-03
7.5491306936155576e-03
2.1801460009033724e-03
7.3709117809509783e-03
5.5589450415048014e-03
4.6544264276862368e-03
7.5223041409697303e-03
2.8353908033045242e-03
6.6935901290879557e-03
6.3562788566616920e-03
3.7257930892026004e-03
7.7030021622621859e-03
3.5687927799977195e-03
6.3174583407917357e-03
6.9410601092861259e-03
3.0982183252445594e-03
7.6312427466757454e-03
4.3431537132827842e-03
5.8015955517691066e-03
7.3098762383831195e-03
2.6721887522083172e-03
7.4531038753844888e-03
5.3964976895692863e-03
4.9838897684136851e-03
7.6921946750440071e-03
2.1762328918866376e-03
7.4179005665615163e-03
5.6971936755283916e-03
4.6068339147033498e-03
7.5881190304901936e-03
3.0817009855761712e-03
6.6610899997526507e-03
6.5593777358969527e-03
3.5931481656477820e-03
7.8373143990657420e-03
3.7530032110764076e-03
6.3860945924887639e-03
7.0879523372096472e-03
3.0762928074991331e-03
7.6784324540150909e-03
4.4851783086110450e-03
5.7302592694064725e-03
7.4370555053479611e-03
2.6457542564386673e-03
7.4930570006602739e-03
5.4805130018786077e-03
4.9338254546001867e-03
7.7166313412479794e-03
2.2917323154804897e-03
7.4517867461429176e-03
5.9489030215810913e-03
4.5613826015321844e-03
7.7854090209355234e-03
3.2373802558847030e-03
6.7397327428611346e-03
6.7259982769328867e-03
3.5852766424377606e-03
7.9535506314087415e-03
3.8165884592750929e-03
6.4145612074734499e-03
7.1471854003743712e-03
3.0529605953226332e-03
7.7142220247298169e-03
4.7379624721384890e-03
5.6459378379516206e-03
7.6564201163706498e-03
2.5415343099147300e-03
7.5890823888983584e-03
5.6677554428387518e-03
4.9376167327482082e-03
7.8411719515835698e-03
2.4477226088216175e-03
7.4570475183997099e-03
6.1225959026576455e-03
4.4823447680526181e-03
7.8627569208205624e-03
3.3790109181140024e-03
6.7015058560914208e-03
6.8220219998474984e-03
3.4831259283354308e-03
8.0638431060861496e-03
3.9236591861199757e-03
6.4352464724116223e-03
7.1761466819606030e-03
3.1180484262798955e-03
7.7278251740248343e-03
4.9081976402207336e-03
5.6359118332921900e-03
7.8145249496541901e-03
2.5353761076804112e-03
7.6863143553695954e-03
5.7441026926941998e-03
4.9112028401791458e-03
7.9287452436481633e-03
2.6206587809018034e-03
7.4552195776954374e-03
6.4012229404764075e-03
4.3860254408460315e-03
8.0349611611003000e-03
3.5750617831760223e-03
6.7541088414459025e-03
7.0043300926085749e-03
3.4349086243123414e-03
8.1600036997899923e-03
4.0709872926795289e-03
6.4392437412891254e-03
7.2929650757333113e-03
3.1175099025129065e-03
7.7376180575947952e-03
5.0850014145127024e-03
5.5352003748762096e-03
7.9244911808366118e-03
2.5250031662394016e-03
7.6923207769159473e-03
5.8485944853314663e-03
4.9758711777406865e-03
8.0177322609362705e-03
2.7982472561758750e-03
7.4459464887986389e-03
6.6033799602217723e-03
4.3146559705738241e-03
8.1542740783608729e-03
3.6568521265916178e-03
6.8266125772668334e-03
7.0830779604811323e-03
3.4382016491447073e-03
8.2354741877526966e-03
4.3335952082145012e-03
6.4270984179662111e-03
7.4739130823636216e-03
3.0899910823144008e-03
7.7727836423365608e-03
5.3028497698341965e-03
5.4800388946938238e-03
8.1234600449470139e-03
2.5031975655042632e-03
7.7788712660461197e-03
5.9686056950022425e-03
4.9441671655656994e-03
8.0973332916526412e-03
2.9869700145673033e-03
7.4049278149912207e-03
6.7923602658883616e-03
4.1983942230411457e-03
8.2227344340595927e-03
3.8147355285689062e-03
6.8730812379764724e-03
7.1981089558094454e-03
3.5248475092488811e-03
8.2996730975889079e-03
4.5541026122904709e-03
6.4002043461979831e-03
7.6396455784037715e-03
3.1155645088612985e-03
7.9006620401683818e-03
5.4248771025844798e-03
5.4957745380361071e-03
8.2045673590352749e-03
2.4841571780731793e-03
7.7868440405668990e-03
6.0233489364858173e-03
4.9303669813970533e-03
8.1894526669700572e-03
3.1932496802874648e-03
7.3629810812168503e-03
7.0401287545190034e-03
4.1274066194310552e-03
8.3772494464284149e-03
3.9414261105723304e-03
6.9172248125038416e-03
7.3244214663244185e-03
3.5159429033274716e-03
8.3361411473111009e-03
4.8000794565655914e-03
6.3535788590308043e-03
7.7955349817249000e-03
3.0311175998020924e-03
8.0164643345758037e-03
5.6012477352892099e-03
5.5440172430428246e-03
8.3097010477805183e-03
2.5564960406658163e-03
7.8180776665950358e-03
6.1498583222097244e-03
4.9406921565036685e-03
8.2622467992313781e-03
3.3246014849702210e-03
7.3010132041502482e-03
7.1849958795811349e-03
4.0509381725445381e-03
8.4231376524439780e-03
4.0083687920549381e-03
6.9438681009143391e-03
7.4673911023155140e-03
3.5332716769832704e-03
8.3731281487613388e-03
5.0486434126731277e-03
6.2965519301082674e-03
8.0104087615315792e-03
3.0103722680123440e-03
8.1335321622273259e-03
5.7514881249149073e-03
5.5856041264190316e-03
8.4209907200809859e-03
2.6159686282718605e-03
7.8499338112843695e-03
6.3382109074750972e-03
4.8578003858497070e-03
8.3332601681400699e-03
3.5303069161860229e-03
7.2417551603605797e-03
7.3665993465840043e-03
3.9379918676929141e-03
8.5118347182040182e-03
4.1411831994229136e-03
6.9684835757414434e-03
7.6013615501909016e-03
3.5628231743495636e-03
8.3921325570041061e-03
5.2274625153243340e-03
6.2203013694802295e-03
8.1259202096983282e-03
2.9899703741695723e-03
8.2448780787521738e-03
5.8543205914113649e-03
5.6137165235393962e-03
8.4432740619368469e-03
2.7557643033512577e-03
7.7990490746835490e-03
6.5641620656218848e-03
4.8497175945352187e-03
8.4009183187767223e-03
3.6784013049173179e-03
7.2232280679302811e-03
7.5066791421252469e-03
3.9447045382647247e-03
8.6026031261634758e-03
4.2094423466419902e-03
6.9692128456534993e-03
7.7210126711022417e-03
3.5085609086425410e-03
8.4036316107764502e-03
5.4695878095827079e-03
6.1386635212804692e-03
8.2933188313436546e-03
2.9195986420559677e-03
8.3420169131209788e-03
6.0224533611559867e-03
5.6335328066873880e-03
8.5134754957496873e-03
2.8897842751942743e-03
7.7958050306496472e-03
6.7424834371804035e-03
4.7931477621188925e-03
8.5054651408128634e-03
3.8135817823736866e-03
7.2514475760526364e-03
7.6205135163753008e-03
3.9594870242339458e-03
8.6250605023769234e-03
4.4195205342505879e-03
6.9526603312624830e-03
7.8482388289313233e-03
3.5110116626228698e-03
8.4002969723182743e-03
5.6440494211523317e-03
6.0515461731743981e-03
8.4387344729261234e-03
2.8998083036808906e-03
8.4204095308983429e-03
6.1188639985248041e-03
5.6382874908556700e-03
8.5549627490541895e-03
3.0398855004936443e-03
7.7690135103114649e-03
6.9779193886703771e-03
4.6909866188894599e-03
8.6756709941116575e-03
3.9819834443322105e-03
7.2989145179738523e-03
7.7758336080361911e-03
3.9674126261412448e-03
8.7125418783876047e-03
4.6251679686388691e-03
6.9158899848349087e-03
7.9900011590411154e-03
3.4897049304025950e-03
8.3911140582549112e-03
5.8262510902377246e-03
5.9503132681487944e-03
8.5432594109292864e-03
2.8161477007654931e-03
8.4680995396119209e-03
6.2296699104299035e-03
5.6211735258423039e-03
8.5844990756560983e-03
3.2216721373052371e-03
7.7572489406931419e-03
7.1617552995185086e-03
4.6271606858704888e-03
8.8135608823893211e-03
4.0930801003173922e-03
7.3456959705617197e-03
7.8778026729305912e-03
3.9554312938655687e-03
8.7623294362783339e-03
4.8779267944737883e-03
6.8636808709838021e-03
8.2321999554032851e-03
3.4471509865811011e-03
8.4949291928725305e-03
6.0305426069830219e-03
5.9574360143242492e-03
8.6819612612324577e-03
2.8553781951156875e-03
8.5242856409982210e-03
6.3867515150799921e-03
5.5904590101666330e-03
8.6384215484250817e-03
3.4342668782202041e-03
7.7546934465510418e-03
7.3231770552365204e-03
4.5185027295643262e-03
8.9035192660601621e-03
4.2438785996710649e-03
7.4072827354367803e-03
7.9801356051057218e-03
3.9464403835492920e-03
8.8144141366963587e-03
5.0928751834172356e-03
6.8005813459871139e-03
8.4272964575596333e-03
3.4397543710051894e-03
8.5920580109498830e-03
6.1573150177096437e-03
5.9501030575375069e-03
8.7570586294474489e-03
2.9088130572323592e-03
8.5649638101329660e-03
6.6528928865195666e-03
5.5443791250075923e-03
8.8030245842074563e-03
3.6467745023732595e-03
7.8017845513961232e-03
7.5106288707026169e-03
4.4609746726190901e-03
9.0277299122295887e-03
4.3731574089409270e-03
7.4558189214165467e-03
8.0733359567070912e-03
3.9167992625214251e-03
8.8562280785945014e-03
5.3174490021620745e-03
6.7272080499664773e-03
8.5981244371558640e-03
3.3608762913052352e-03
8.6685612561646606e-03
6.3074768396390972e-03
5.9143984887887165e-03
8.8375185130714178e-03
3.0541382976945141e-03
8.5796661959121282e-03
6.8722717680765634e-03
5.4823967434466962e-03
8.9330001172476785e-03
3.8001425094697219e-03
7.8112659079598969e-03
7.6449930248206769e-03
4.4072099345129692e-03
9.0846989709749467e-03
4.4762631896381197e-03
7.4843353333779172e-03
8.1192524632919504e-03
3.9004018942389268e-03
8.8861338490038525e-03
5.5406494466791042e-03
6.6382273815872445e-03
8.7811078292458350e-03
3.3001607721451251e-03
8.7685777306026128e-03
6.4366053352063433e-03
5.9183172085614869e-03
8.9407021611628088e-03
3.1558681984175151e-03
8.5832639428454014e-03
7.1140205906918700e-03
5.3948078752358635e-03
9.0730707505735659e-03
3.9815316168164269e-03
7.8553097222283704e-03
7.7976869254666632e-03
4.3202315599924178e-03
9.1740069256139468e-03
4.6247425143629102e-03
7.5025780808255105e-03
8.2033138535308886e-03
3.9349561881495054e-03
8.9071459329940900e-03
5.7304484611091014e-03
6.5878694037689997e-03
8.9204900404614360e-03
3.2597326414937752e-03
8.8179031538051754e-03
6.5322988867821960e-03
5.9406687903303433e-03
9.0455500025410206e-03
3.3182822963991657e-03
8.5684189663743845e-03
7.3538064759560724e-03
5.2999282822719061e-03
9.2221311007222480e-03
4.1347007722049058e-03
7.9222553157635225e-03
7.9267901506931415e-03
4.3407249389437724e-03
9.2535885757762566e-03
4.8291968746353234e-03
7.4982080358277133e-03
8.3251888461011378e-03
3.9175000083092526e-03
8.9208452513731967e-03
5.9324658456084371e-03
6.5192798116556552e-03
9.0833243897343457e-03
3.2623928447059686e-03
8.8668165849473402e-03
6.6636932045539485e-03
5.9601307964885905e-03
9.1501300352976756e-03
3.4991282014039818e-03
8.5394722161669986e-03
7.5575546346829505e-03
5.1865777742847218e-03
9.3152022872403043e-03
4.2682162665875177e-03
7.9835801482338615e-03
8.0236029236493041e-03
4.3988815413308026e-03
9.3285715475279491e-03
5.0889448075542593e-03
7.4792900002827421e-03
8.5222037831764914e-03
3.9318935979384328e-03
8.9586491602755662e-03
6.1137319070068740e-03
6.5354108229747545e-03
9.2214796961039239e-03
3.2582100077230042e-03
8.9129789218114399e-03
6.7540105362682836e-03
5.9374607489462369e-03
9.2376456546056952e-03
3.6583730493514838e-03
8.5121085130131103e-03
7.7846877356188091e-03
5.0804730254814011e-03
9.4320078528797088e-03
4.4149850387192411e-03
8.0413389333549388e-03
8.1565810475670679e-03
4.4354720364123612e-03
9.3911550585763035e-03
5.3269348841313352e-03
7.4433304960667629e-03
8.7034758839534283e-03
3.9033116047772075e-03
9.0934050004486625e-03
6.2845664814615192e-03
6.5914674566831515e-03
9.3205592420566273e-03
3.2475298831201337e-03
8.9167283398697925e-03
6.8588738879125323e-03
5.9379680592113512e-03
9.3238555270823802e-03
3.8259250265857952e-03
8.4726270345061652e-03
7.9792748921697215e-03
5.0145576331740551e-03
9.5422433039344112e-03
4.5239210283915610e-03
8.0867039758473029e-03
8.2871447959626081e-03
4.4452922460695866e-03
9.4391141351757024e-03
5.5921949287020172e-03
7.3903793956862805e-03
8.8966529340146865e-03
3.8556306167967153e-03
9.2172130215832267e-03
6.4624970799941053e-03
6.6315262764122572e-03
9.4359193093508792e-03
3.3048667870976506e-03
8.9513129505056372e-03
7.0083634186871571e-03
5.9028764706748069e-03
9.4026261090240527e-03
3.9860157321509222e-03
8.4188409802865381e-03
8.1549872250695557e-03
4.9078149220796903e-03
9.6132776163081902e-03
4.6413304617788399e-03
8.1112897354594787e-03
8.4282733579566071e-03
4.4702782693427628e-03
9.4645162191136726e-03
5.8155535842269492e-03
7.3339124214733698e-03
9.0646367361090774e-03
3.8201176863863497e-03
9.3260197054026595e-03
6.5874009598059016e-03
6.6759817605029853e-03
9.5019183615229711e-03
3.4086277179433814e-03
8.9439588753201169e-03
7.2396556637963133e-03
5.8684155386908134e-03
9.4821674296558366e-03
4.1653079104353929e-03
8.3548660382807595e-03
8.3245033899503659e-03
4.9241799104075045e-03
9.6932940875837977e-03
4.7486709830281484e-03
8.1165539669295749e-03
8.5660164611489290e-03
4.4646592956915105e-03
9.4858717324976232e-03
6.0361774825541384e-03
7.2523338987461345e-03
9.2182509744059404e-03
3.7538306511867908e-03
9.4305363675303913e-03
6.7395730203636886e-03
6.7039203047049457e-03
9.5609060717324577e-03
3.5580243268495608e-03
8.9134579486431845e-03
7.4332699857920523e-03
5.8297783592430753e-03
9.5969036301337095e-03
4.3158188198215656e-03
8.3839981280638982e-03
8.4579786755129456e-03
4.9463601283592342e-03
9.7412564071985182e-03
4.9506605718031014e-03
8.0987128161230538e-03
8.7110810507784360e-03
4.4484671326657822e-03
9.4931721171486409e-03
6.2507315626319209e-03
7.1745191152886544e-03
9.3641824040300720e-03
3.7153519472205602e-03
9.5201620990885520e-03
6.8805704254880544e-03
6.7157036668643389e-03
9.6188072921989144e-03
3.7056726015821089e-03
8.9284319429363615e-03
7.6483426145137357e-03
5.7498764298470496e-03
9.7444108645114488e-03
4.4841059670327615e-03
8.4342916211402920e-03
8.6019387106261464e-03
4.9680899673148057e-03
9.8183407885445318e-03
5.1965420767451642e-03
8.0723071998351353e-03
8.8974011642637789e-03
4.4260174842309522e-03
9.4979650677096353e-03
6.4375145858984019e-03
7.0766182546622503e-03
9.4958438802250425e-03
3.6781217656777342e-03
9.5890450693448814e-03
7.0068213849884663e-03
6.7082444736407997e-03
9.6580782293912409e-03
3.8360996500541350e-03
8.8855126532550264e-03
7.8665987540130766e-03
5.6865306219569395e-03
9.8992600048102529e-03
4.6201427690367777e-03
8.4892051056068979e-03
8.7203768104300791e-03
4.9671216433050756e-03
9.8849306278457200e-03
5.4498112776363433e-03
8.0211084898536948e-03
9.1128505301980248e-03
4.3805325874862952e-03
9.5919773842852631e-03
6.6390550180034317e-03
7.0370462128719249e-03
9.6378740415781483e-03
3.6295118584189034e-03
9.6545668236671239e-03
7.1378700351068551e-03
6.6863102044518339e-03
9.7019387538005049e-03
3.9543258183240993e-03
8.8814558705953266e-03
8.0364482926716854e-03
5.5847020025571121e-03
1.0007621748302064e-02
4.7442789293469416e-03
8.4952837557487389e-03
8.8300328334971357e-03
4.9624092028646965e-03
9.9466534797881812e-03
5.6770120488780157e-03
7.9720732501277810e-03
9.3293421652527880e-03
4.3599108932420175e-03
9.6928322308554322e-03
6.7973713560915356e-03
7.0459692423572298e-03
9.7238650276694136e-03
3.7221525670841178e-03
9.6981507969633989e-03
7.3162005199395325e-03
6.6522318880976074e-03
9.7956521376818800e-03
4.0805409372382008e-03
8.9111497288349648e-03
8.2298979046141023e-03
5.5009605630267650e-03
1.0124108272008277e-02
4.8878176176195328e-03
8.5244656421820560e-03
8.9381669234640197e-03
4.9546938061637690e-03
1.0005553380754166e-02
5.8993632910844694e-03
7.9018982292244407e-03
9.5154353417872921e-03
4.3192237049473866e-03
9.7657553209384105e-03
6.9567883920199905e-03
7.0241332745125508e-03
9.8194756718693616e-03
3.8188030464544566e-03
9.7283966838818143e-03
7.5745326573899655e-03
6.6059956236727765e-03
9.9564837750894392e-03
4.2219541849818441e-03
8.9374660206010918e-03
8.3810349251596510e-03
5.4442500737108780e-03
1.0211141743977836e-02
5.0208052085167895e-03
8.5646642515516559e-03
9.0213881991151757e-03
4.9318292489885802e-03
1.0047839389022335e-02
6.1399065836833851e-03
7.8183241180855116e-03
9.7087453786503918e-03
4.2643413967171544e-03
9.8608488167323503e-03
7.0966516807106266e-03
7.0109304589346232e-03
9.9170282389281165e-03
3.9145045254470089e-03
9.7233650788870196e-03
7.8150688457245369e-03
6.5247487130639182e-03
1.0096597510167742e-02
4.3921613709750999e-03
9.0122302621204499e-03
8.5335933041424967e-03
5.3808399313822362e-03
1.0275216454755631e-02
5.1606538454071430e-03
8.5953606387568250e-03
9.1021994273671400e-03
4.8974767222363580e-03
1.0088773997716087e-02
6.3487171718950262e-03
7.7205580915076658e-03
9.8766670051182049e-03
4.2146939446379844e-03
9.9402216395563098e-03
7.2176734774459040e-03
7.0248458415586874e-03
1.0034434811491553e-02
4.0382198553094968e-03
9.7213420419414685e-03
8.0669088003970484e-03
6.4492563729306026e-03
1.0245647522976414e-02
4.5680938576845038e-03
9.0897347223341095e-03
8.7065412881345890e-03
5.3866209087385644e-03
1.0338914321183485e-02
5.3208761204803249e-03
8.5968860962266913e-03
9.1908909443286519e-03
4.8607873341390039e-03
1.0114387955487870e-02
6.5651020058538102e-03
7.6298802315537427e-03
1.0034855054805761e-02
4.1416854331859662e-03
9.9967740958069647e-03
7.3360980142103327e-03
7.0424269723571090e-03
1.0136162726426715e-02
4.1612638261113791e-03
9.7035392800903422e-03
8.2832905438801063e-03
6.3444339412064097e-03
1.0386800146080852e-02
4.7269907210553963e-03
9.1464454232858504e-03
8.8392714685851456e-03
5.4186424887314819e-03
1.0381965912376291e-02
5.6056958767120102e-03
8.5872171718694122e-03
9.3501593269560077e-03
4.8801915570656929e-03
1.0133402345519692e-02
6.7724574603741147e-03
7.6532538033500606e-03
1.0161409082159610e-02
4.1420307217022671e-03
1.0052549114005150e-02
7.4583618126960339e-03
7.0375129144925139e-03
1.0234601854015807e-02
4.2871705470021448e-03
9.6818711606826476e-03
8.5103003200948327e-03
6.2266597403466076e-03
1.0502970513948093e-02
4.8728608031011573e-03
9.2040790427619854e-03
8.9652375139489329e-03
5.4739866606836841e-03
1.0402293511326471e-02
5.8608846881458374e-03
8.5765535487111848e-03
9.5383399162437682e-03
4.8816702815419645e-03
1.0144353765794336e-02
6.9499926105870717e-03
7.7336811259225511e-03
1.0281859588337204e-02
4.1574314216620851e-03
1.0075499481254611e-02
7.5634150267079696e-03
7.0505485567779851e-03
1.0344796388171876e-02
4.4408756699504844e-03
9.6417721061969851e-03
8.7175622561646657e-03
6.1257054838130560e-03
1.0598879284359946e-02
5.0074878255343055e-03
9.2488971321799795e-03
9.0733238244577064e-03
5.5084051528171982e-03
1.0430021122988528e-02
6.1143294132906343e-03
8.5394486158466704e-03
9.7241698503690837e-03
4.8512225971944871e-03
1.0261893006121719e-02
7.1182789597591225e-03
7.7862953768093558e-03
1.0396072396596741e-02
4.2244454761911250e-03
1.0097855518904254e-02
7.7247487369785130e-03
0.0000000000000000e+00
8.9719340533390690e-15
8.1610284666644211e-15
1.4850563660725276e-14
2.1079889336760456e-14
2.4683474814168978e-14
2.8346239074697068e-14
2.9882856476126073e-14
3.3161028287236750e-14
3.8388420489215474e-14
4.2635518219971965e-14
4.7425208324772871e-14
5.6655586913563811e-14
6.2449007721200656e-14
6.2309519828938314e-14
7.1107796668153971e-14
7.2185539274796448e-14
7.4647320441965525e-14
7.8961539237901244e-14
8.2722239041723050e-14
8.4170682985768501e-14
8.7911457460848146e-14
9.1653008271094682e-14
1.0284068552800056e-13
1.1601610278092322e-13
1.1698233546487211e-13
1.5869355918599497e-13
1.4504746806814418e-13
1.3215241582465668e-13
2.3091915400667326e-13
1.9814101579440881e-13
1.3976306153328012e-13
2.5964876606996557e-13
3.6551370493950038e-13
4.5761937187512113e-13
4.5773307090654282e-13
1.0693514206786820e-12
1.1743583352952182e-12
1.1249961261787428e-12
2.3909557003996802e-12
2.5756049265838785e-12
2.2870031863490085e-12
3.4240959755931519e-12
4.9127057761624638e-12
4.1434975221289676e-12
3.7074240922606836e-12
5.9120112504513675e-12
1.2706583072108026e-11
1.4756018709446692e-11
1.7488677454382878e-11
3.1641553069391333e-11
3.6123258340220543e-11
4.0441730128097443e-11
5.8119925011674702e-11
7.2829488057779843e-11
7.4077461936537462e-11
9.0460109681259046e-11
1.0194824304189444e-10
1.1782510423256047e-10
1.1221992760139340e-10
2.3087517902533072e-10
4.2060855823078977e-10
4.5542586690802297e-10
6.6577173744789373e-10
9.6490632791322279e-10
1.0562644524450659e-09
1.2416298212171299e-09
1.7221246430413918e-09
1.9910551272272351e-09
2.0178198028023811e-09
2.3512268516332361e-09
2.9852144277785618e-09
3.2279987078565077e-09
5.1098305593361863e-09
9.3139322568604017e-09
1.2742392102240912e-08
1.5683539953481122e-08
2.2380566976473145e-08
2.7722283546875400e-08
3.0864818013943096e-08
3.8253995216394969e-08
4.9748467285254329e-08
5.2261897582230316e-08
5.7412475813927797e-08
6.7914119114555042e-08
8.2887716833032574e-08
1.3669319108531040e-07
2.1185164787119729e-07
3.1713828881053030e-07
4.0586270059868385e-07
5.1529750682440893e-07
6.6540236579033173e-07
8.0056853922837810e-07
9.4069361045915365e-07
1.1654037752519039e-06
1.3117467592144077e-06
1.4500843460381199e-06
1.6083128221459472e-06
1.9045971493536791e-06
3.4770666062158281e-06
5.2129567209912950e-06
7.5620140385670412e-06
1.0310407520446741e-05
1.2704075887170234e-05
1.5876671947698318e-05
1.9739260887934362e-05
2.3673837371456919e-05
2.8055175921593717e-05
3.2078812977998764e-05
3.6197064422536146e-05
4.0073058675541423e-05
4.6350953663997911e-05
8.4396843281679101e-05
1.3045269545978788e-04
1.8364930486968088e-04
2.5079052194398291e-04
3.1784024353856887e-04
3.9160151806554591e-04
4.7755809449181552e-04
5.7904183730573698e-04
6.9082136726634645e-04
7.6956337397222289e-04
8.8169946518943656e-04
9.6674298721602240e-04
1.1539797903940701e-03
1.9828024429016074e-03
3.1700142533947384e-03
4.3927056768699605e-03
5.9155305469193800e-03
7.6106179182623464e-03
9.3959103808650690e-03
1.1255429694117549e-02
1.3281034279228525e-02
1.5964167946697590e-02
1.5745684055749169e-02
1.8678482320055839e-02
2.0496126837430573e-02
3.2633319515439824e-02
3.0812620756902127e-02
5.5608867466476419e-02
6.4607149744759021e-02
7.3604697442371081e-02
0.0000000000000000e+00
8.7898310562730189e-15
9.1132494442127985e-15
1.2371468236177462e-14
1.9271587888307596e-14
2.2944267853480844e-14
2.6736365381111577e-14
3.3258103117503983e-14
4.1460373155840049e-14
5.3329300353069647e-14
5.2953697099090441e-14
5.6346739895506741e-14
6.2216318854133774e-14
6.0539684470878010e-14
6.3978743417249032e-14
6.6672610052207526e-14
7.9939280682324800e-14
8.7832699466835240e-14
9.9003191097097425e-14
1.0031222261958658e-13
1.0694231451572180e-13
1.1016797234978066e-13
1.1594150387714920e-13
1.3078934169736877e-13
1.1910973034192586e-13
1.3500927499954459e-13
1.3744014781726270e-13
1.1906695721372226e-13
1.7951901575058657e-13
3.2225102904596166e-13
3.3119758738948169e-13
2.8784969519416522e-13
7.2044313018810194e-13
8.8860952212056896e-13
6.2690453833494096e-13
1.2087929967261777e-12
1.8684660399053941e-12
1.5567675592445809e-12
1.4686885772814304e-12
2.8950474327344150e-12
3.0399530620157305e-12
1.5652751529887710e-12
3.3251859589991047e-12
9.4177897798797059e-12
6.3186027227189381e-12
1.0278191931804081e-11
2.2696334247106356e-11
1.9995177749736228e-11
1.8844916637963077e-11
3.5876859662578481e-11
4.3192133517721448e-11
3.4090555577998320e-11
5.2510505833374892e-11
6.7749462610108734e-11
6.2569257355814184e-11
7.1822552291996815e-11
1.6188151399872071e-10
2.4508697906260297e-10
2.5784865528121747e-10
4.2597866214734581e-10
5.4915901154182809e-10
5.5820085166262927e-10
7.0470497497346217e-10
1.0195749936941284e-09
1.0305669099473137e-09
1.0968400343358194e-09
1.4315755236968991e-09
1.6639895610100455e-09
2.4364911369534597e-09
3.3163061547261065e-09
5.7836228894469030e-09
7.7124791824711102e-09
9.1981746814718244e-09
1.2649164907236040e-08
1.5637265966519777e-08
1.7266869293994912e-08
2.1698119356761097e-08
2.7520101551135040e-08
2.9245015557228515e-08
3.2256194495713383e-08
3.7270808244713061e-08
6.2318375057447561e-08
8.8769931209282142e-08
1.2967324980993084e-07
1.9549753866058126e-07
2.3830398026759965e-07
2.8686205154431279e-07
3.7930731566264311e-07
4.5419347814250036e-07
5.2258966585480191e-07
6.4401884214506620e-07
7.3289877347758460e-07
8.0977306905998263e-07
8.7476979828362379e-07
1.4096632884107716e-06
2.3119278240768161e-06
3.2149900525792406e-06
4.5914452143339475e-06
6.0737339939513408e-06
7.2287035162943503e-06
9.0300176443666433e-06
1.1064970827587215e-05
1.3316771541231238e-05
1.5374820419848284e-05
1.7845742742962714e-05
2.0180359865183913e-05
2.2051562491297063e-05
3.3480662426288788e-05
5.6179943498976794e-05
8.1827627933483518e-05
1.1087994670867675e-04
1.4705437194747112e-04
1.8081153109932144e-04
2.2211739228380990e-04
2.6725883691605770e-04
3.3067406622725495e-04
3.8072270200427394e-04
4.2534249180846000e-04
4.8690784603637477e-04
5.5239134858844473e-04
8.2452131454013161e-04
1.3473459145124293e-03
1.9882748673788701e-03
2.7113571311238502e-03
3.5198315947235779e-03
4.3663879017613134e-03
5.2760374504559008e-03
6.4692107070694824e-03
8.0252279584271061e-03
8.5465206390722154e-03
9.7481090304161275e-03
1.0151081909892818e-02
1.3022433580051514e-02
1.4030836958456560e-02
2.9596007415358287e-02
3.3846533725800369e-02
5.0669660052471033e-02
6.8148469977863890e-02
8.5128349305310713e-02
1.2403825307051468e-01
1.8346535962692884e-01
0.0000000000000000e+00
6.6109988495666382e-15
1.0189093509300936e-14
1.4733425703181949e-14
1.8861891851578510e-14
2.3816596747527759e-14
2.5977663179753731e-14
2.8834856366053263e-14
3.3358879630321853e-14
3.9703673962944633e-14
4.1166418804210356e-14
4.9999232726157565e-14
5.0438264222252006e-14
5.3626548308223383e-14
6.4013893086363769e-14
6.0468241274443158e-14
6.7928994198333931e-14
7.2012151221681979e-14
7.5652626103317358e-14
7.8224277433182330e-14
9.4518900984477388e-14
9.3150801507417991e-14
1.0504079961217997e-13
9.9642138469908814e-14
1.0018483518242005e-13
1.0303943156988093e-13
1.0472529369521665e-13
1.1017137727110562e-13
1.1653948447396911e-13
1.1758947504140412e-13
1.2111276657440617e-13
1.2784029848758225e-13
1.3602730168951260e-13
1.3726744056587854e-13
1.3943796058677279e-13
1.4678875877789683e-13
1.4532456467949067e-13
1.5361332743856842e-13
1.5298110539375202e-13
1.5881558996035521e-13
1.6092551152929839e-13
1.6728212117237728e-13
1.7257802860745244e-13
1.7549406703278690e-13
1.8315154383728448e-13
1.8551328538398885e-13
1.8771170375868559e-13
1.9343117109026759e-13
1.9393211271852222e-13
2.0344687556609625e-13
2.0343625510473921e-13
2.0962896857109018e-13
2.1444865190652546e-13
2.1448616115548429e-13
2.1973911145189966e-13
2.2920113642140906e-13
2.3093321095958340e-13
2.4028441279679869e-13
2.4247441647202729e-13
2.4882703482114925e-13
2.5267691451227746e-13
2.5045617013803142e-13
2.6104958179449072e-13
2.5709151844486076e-13
2.6116894664055582e-13
2.6544513640759679e-13
2.8021870813862363e-13
2.7879219963446243e-13
2.9202363242027273e-13
2.8714648650194993e-13
2.9549437999304028e-13
3.0090004137287859e-13
3.0094307782750683e-13
3.0882823039851454e-13
3.0537123777548189e-13
3.0847201447988285e-13
3.1732970416426056e-13
3.1607083868576817e-13
3.2766061615844924e-13
3.2985559161876905e-13
3.3438287842847530e-13
3.4198649023345558e-13
3.4283137649158411e-13
3.4902195226871951e-13
3.5219847181490458e-13
3.5744651990235828e-13
3.6154154584594938e-13
3.6111460818442971e-13
3.6142092146293906e-13
3.6624307291262449e-13
3.7649731806623766e-13
3.7677220358569944e-13
3.8056934629209519e-13
3.9005651149183961e-13
3.9568308169783994e-13
3.9835785548669804e-13
4.0434747359314349e-13
4.0241851307625960e-13
4.1276839161478067e-13
4.1372463841121541e-13
4.1358605760744524e-13
4.2351035592741939e-13
4.2461332393575171e-13
4.3434827155012267e-13
4.3506177636950315e-13
4.4508044688841322e-13
4.4704387610051084e-13
4.4969410912685402e-13
4.5680629569765979e-13
4.5571012052464628e-13
4.5905947505133565e-13
4.6253546022173989e-13
4.7144347535026509e-13
4.7450348495958772e-13
4.7930880635663089e-13
4.7896937806517710e-13
4.8605276785727726e-13
4.8955649048076773e-13
4.9050363492527116e-13
4.9620095544159886e-13
4.9986221121857063e-13
5.0704518993271091e-13
5.1447786242582125e-13
5.1945170229096621e-13
5.2453280497369777e-13
5.2960685350785710e-13
5.3588119896051379e-13
5.3399226786827851e-13
5.3213827495378805e-13
5.3652216018564170e-13
5.4538668908802882e-13
5.5082750237343155e-13
5.5480387936144310e-13
5.5990885099985207e-13
5.5724575935670090e-13
5.6222810997421706e-13
5.6920855352993664e-13
5.6980331295585927e-13
5.7497644338777224e-13
5.8405478937377700e-13
5.8856253421910060e-13
5.9586619723113133e-13
5.9768266587833200e-13
6.0294026198927787e-13
6.1487663739538728e-13
6.1883703605006621e-13
6.1962970408472993e-13
6.1183450486270775e-13
6.1505966731246805e-13
6.1903332483594373e-13
6.2359485798136652e-13
6.2940105613476656e-13
6.3055597949722417e-13
6.4002839699850289e-13
6.4651210513287667e-13
6.4592053033134337e-13
6.5936491334530612e-13
6.5857648896011262e-13
6.5995550215548442e-13
6.6212979266807846e-13
6.6716862081202362e-13
6.7401073088060488e-13
6.7833806527706262e-13
6.8567918484730851e-13
6.8489001807146283e-13
6.9996623946944105e-13
6.9869732218710792e-13
7.0906249334007923e-13
7.1533260075657171e-13
7.1880436276291835e-13
7.2829412025037626e-13
7.2078079590639699e-13
7.2966387380433633e-13
7.2447094855176092e-13
7.2913569945644742e-13
7.3903842150169956e-13
7.3548669141902173e-13
7.4201720713019561e-13
7.4238436777449941e-13
7.5055196521604672e-13
7.6232179946974558e-13
7.6305862539261150e-13
7.5988150456138252e-13
7.7025356869620258e-13
7.6999079459954628e-13
7.7441253033260770e-13
7.7721055576626281e-13
7.7778398687579784e-13
7.9047252627411796e-13
7.9354979959666794e-13
8.0199732002605108e-13
7.9883668953062194e-13
8.2072416231595750e-13
8.1272261102409904e-13
8.1592084144335587e-13
8.1592271304121631e-13
8.3255794770216220e-13
8.3333420015308218e-13
8.4102538026086986e-13
8.4290500167484862e-13
8.5677370239130686e-13
8.5565399748470136e-13
8.6132410950135786e-13
8.7347580531819450e-13
8.7139574679763284e-13
8.8173848822020206e-13
8.7160769798208809e-13
8.7560515142197090e-13
8.8493962908620725e-13
8.7406531028642141e-13
8.8320016183351801e-13
8.8493997786889980e-13
8.9000065028726938e-13
9.0575399294084645e-13
8.9256432500553031e-13
8.9400952776137352e-13
9.0342126054907748e-13
9.0995763821171151e-13
9.1064498224373017e-13
9.1646013274100617e-13
9.2307829468721256e-13
9.2992850178198958e-13
9.3280100321145764e-13
9.4619320104557190e-13
9.5426150840945584e-13
9.6348652571409515e-13
9.4533336803737956e-13
9.5542235104403131e-13
9.6336483503227245e-13
9.7827331575829485e-13
9.7904920493365323e-13
9.6309195493807176e-13
9.8268464549584048e-13
9.8765943158155900e-13
9.8724023549535008e-13
9.8548383410406023e-13
9.8730982830541641e-13
1.0083453633628071e-12
9.9905053801686487e-13
9.9850373029517889e-13
1.0051387007416372e-12
1.0185078452233973e-12
1.0169955664843918e-12
1.0117837454384795e-12
1.0291134793670659e-12
1.0421515099041796e-12
1.0321963151860571e-12
1.0322268788233764e-12
1.0403975970181223e-12
1.0522054165629179e-12
1.0573018186050218e-12
1.0533498042093869e-12
1.0588831374326113e-12
1.0620093547706342e-12
1.0703881723299801e-12
1.0654611587637811e-12
1.0759666085590246e-12
1.0777535205149352e-12
1.0883904124878556e-12
1.0777214982489932e-12
1.0974184396379990e-12
1.1076682679247998e-12
1.0984977330536315e-12
1.1013657105812374e-12
1.1077023004188504e-12
1.1261720032203274e-12
1.1162357342516727e-12
1.1137769098446765e-12
1.1209555454046356e-12
1.1382671633815271e-12
1.1473555491244900e-12
1.1326990006517497e-12
1.1459368392944707e-12
1.1605356517336780e-12
1.1626922976807601e-12
1.1530991140519652e-12
1.1520158434181697e-12
1.1688817182761458e-12
1.1654231450147439e-12
1.1739584660493980e-12
1.1637135847645007e-12
1.1789032003819777e-12
1.1962329553495044e-12
1.1830916264040065e-12
1.1910757970646918e-12
1.2077343623597436e-12
1.2200440259954695e-12
1.2101639420844252e-12
1.2111144124147836e-12
1.2353544843776833e-12
1.2287297279041334e-12
1.2281030065111266e-12
1.2394190575925107e-12
1.2392981830516781e-12
1.2443102663975512e-12
1.2433778221539032e-12
1.2304356744866348e-12
1.2557316814168493e-12
1.2792472418619302e-12
1.2707849032889238e-12
1.2471957359088278e-12
1.2824764354152455e-12
1.2866693701288552e-12
1.2907507500063183e-12
1.2652064138627497e-12
1.2888651583804895e-12
1.3100017439208599e-12
1.3011887947416338e-12
1.2890518288044881e-12
1.3005317275018668e-12
1.3252801997908985e-12
1.3140749121978073e-12
1.2970315566824996e-12
1.3172189012473921e-12
1.3417440828856132e-12
1.3329315118885402e-12
1.3131389923290314e-12
1.3408820779939496e-12
1.3558243780548738e-12
1.3656303587467073e-12
1.3375035544014276e-12
1.3578308875835252e-12
1.3803633319386342e-12
1.3924640726404344e-12
1.3554403888056270e-12
1.3734876602173215e-12
1.3787501217921752e-12
1.3989009928650175e-12
1.3748061421460387e-12
1.3706375591295598e-12
1.4006412259588157e-12
1.4133673981028041e-12
1.3963094781198044e-12
1.3982795361605390e-12
1.4417254670568097e-12
1.4448419608007713e-12
1.4344093534763353e-12
1.4105712079277406e-12
1.4617285780312565e-12
1.4469283330383837e-12
1.4403794131093361e-12
1.4345616085583457e-12
1.4714355872094176e-12
1.4691755513510386e-12
1.4601984772600829e-12
1.4449585963830295e-12
1.4949142744651078e-12
1.5026423650955517e-12
1.4887969804702146e-12
1.4697066377575697e-12
1.5041472427123819e-12
1.5358777782253709e-12
1.4925229907526621e-12
1.4788030247540031e-12
1.5049722702320030e-12
1.5468112631174575e-12
1.5168500356913076e-12
1.4841615356709248e-12
1.5274866449129488e-12
1.5518156855272080e-12
1.5440985427968598e-12
1.4967951542879127e-12
1.5581519585197490e-12
1.5759345813346678e-12
1.5667581015157624e-12
1.5238736152372926e-12
1.5538660861524069e-12
1.6027617888676817e-12
1.5858112517052195e-12
1.5423740338234671e-12
1.5926655152176924e-12
1.6220739279749607e-12
1.6120075876149166e-12
1.5545304201295402e-12
1.5939276863971919e-12
1.6276777163638363e-12
1.6330299376859653e-12
1.5738666983268725e-12
1.6119208746693182e-12
1.6563058353979485e-12
1.6584157730681309e-12
1.6092557636940911e-12
1.6351657135539999e-12
1.6842677460553218e-12
1.6921059252260499e-12
1.6222023448490428e-12
1.6379421513915353e-12
1.6774123543504661e-12
1.6969015314910523e-12
1.6347838586956159e-12
1.6431867723698873e-12
1.6997957135743863e-12
1.7207847469701727e-12
1.6796832164742270e-12
1.6709917715504670e-12
1.7267220184785615e-12
1.7611142949839972e-12
1.7069691987660665e-12
1.6873505488224195e-12
1.7496663799742525e-12
1.7845806856363839e-12
1.7160778860588251e-12
1.6850524438009182e-12
1.7626898208492072e-12
1.7997098218197970e-12
1.7427462090314900e-12
1.6950335651415017e-12
1.7610754778838085e-12
1.8276332301805330e-12
1.7707304154130529e-12
1.7267012708376379e-12
1.7904689188814770e-12
1.8440402788140172e-12
1.8079533204237205e-12
1.7313883285231062e-12
1.8217488574412378e-12
1.8537987761432199e-12
1.8344469167250366e-12
1.7353426821621531e-12
1.8265925865942171e-12
1.8776142746198606e-12
1.8583835998732726e-12
1.7673246607459961e-12
1.8458634433102458e-12
1.8955695689199470e-12
1.8990835460011101e-12
1.7891434216390599e-12
1.8768788513395072e-12
1.9179124813617323e-12
1.9433641174392908e-12
1.8202170578893676e-12
1.8908295455594070e-12
1.9434295044168145e-12
1.9564620128564990e-12
1.8450687730694784e-12
1.8858538433365039e-12
1.9712719910688993e-12
1.9578045347362403e-12
1.8631942664572614e-12
1.8735773896313572e-12
1.9863936588362160e-12
1.9909265532394476e-12
1.9134583635912803e-12
1.9074159041889804e-12
2.0179231590564751e-12
2.0527857276658267e-12
1.9645549796786081e-12
1.9211677818163099e-12
2.0381367411287563e-12
2.0458124204415990e-12
1.9603412693701518e-12
1.9077805769824612e-12
2.0264129198991404e-12
2.0663475637778557e-12
1.9738616039077074e-12
1.9186184131121517e-12
2.0845655024539392e-12
2.1238402327289823e-12
2.0632510032681259e-12
1.9318483621058835e-12
2.0963748121635748e-12
2.1537104980949938e-12
2.0935537520755668e-12
1.9325335819347091e-12
2.1018564169382271e-12
2.1554772623676754e-12
2.0957144183348322e-12
1.9693502495917258e-12
2.1149839414353136e-12
2.1927206721959728e-12
2.1299267102301503e-12
1.9745187335706659e-12
2.1408577472417955e-12
2.2236368858942193e-12
2.1761204072954996e-12
1.9979072479790810e-12
2.1424271165872777e-12
2.2806041448744490e-12
2.2251171872888703e-12
2.0795532811718327e-12
2.1608432917283068e-12
2.2912005984467734e-12
2.2452045219172311e-12
2.0711322122876064e-12
2.1440735361719076e-12
2.2858662402340049e-12
2.2599186785423997e-12
2.0963332717579792e-12
2.1764262410361524e-12
2.3588962544059976e-12
2.3363062212276073e-12
2.1698358973969567e-12
2.2170794203620804e-12
2.4095472293595564e-12
2.3949103263522098e-12
2.2280284879093927e-12
2.1787571817489871e-12
2.3667539930483237e-12
2.3842473107084162e-12
2.2159003335418641e-12
2.1698988743069951e-12
2.3824427243717245e-12
2.4188983328338608e-12
2.2912849299831868e-12
2.2279712927311800e-12
2.4597230426853974e-12
2.4973211638888774e-12
2.3538711210897615e-12
2.2042404853034180e-12
2.4762170469687042e-12
2.5297553970297625e-12
2.3787835994967504e-12
2.1740082259191795e-12
2.4769646956803811e-12
2.5498331539112359e-12
2.4206624839027908e-12
2.1966446662114153e-12
2.4811354667076382e-12
2.5768406947993339e-12
2.4832925237088703e-12
2.1890676012700679e-12
2.5322091938823856e-12
2.6349756257148566e-12
2.5426247726804796e-12
2.2291433114587184e-12
2.5521558314333301e-12
2.6993175110949853e-12
2.5756922942684785e-12
2.2388834375148834e-12
2.5382941488406551e-12
2.6955609688141281e-12
2.6239351278491322e-12
2.2834640406795849e-12
2.5126958624266588e-12
2.7338749714964910e-12
2.6991247159679780e-12
2.3656228348526749e-12
2.5527940854415582e-12
2.8022012088174479e-12
2.7527019023676159e-12
2.4312402245293595e-12
2.5853638181382032e-12
2.8361349507599932e-12
2.8069745197086144e-12
2.4782135523365674e-12
2.6472540165917050e-12
2.9588328202785276e-12
2.8358564526299274e-12
2.5205956668798813e-12
2.5406751205111477e-12
2.9539964194842665e-12
2.9114628337875034e-12
2.6281327761731820e-12
2.5451517470674906e-12
2.9316433980669586e-12
3.0077321308177504e-12
2.7217691316339048e-12
2.6353619744657675e-12
3.0932858212103214e-12
3.0313318346138182e-12
2.7197501149325294e-12
2.6599074678910966e-12
3.0976351999500555e-12
3.0394414662395247e-12
2.7785003096705262e-12
2.4891456167154356e-12
3.1540226421097142e-12
3.1902726046772522e-12
2.9428044827402825e-12
2.5271282777557903e-12
3.2089773179090378e-12
3.2715981463604554e-12
2.9697513802593419e-12
2.5208928800795560e-12
3.2660273765850017e-12
3.2790383201261698e-12
2.9916130185919434e-12
2.5937691188841776e-12
3.3658031741269305e-12
3.4546336461086280e-12
3.1324704826993965e-12
2.6362880553344477e-12
3.4354106991427139e-12
3.5127013780628181e-12
3.2692717930984041e-12
2.6559262050391639e-12
3.2947296794737876e-12
3.6284755518065566e-12
3.3307385291803826e-12
2.7391091115419277e-12
3.4021567198897111e-12
3.8000118224485375e-12
3.4019585116590911e-12
2.8569013870479087e-12
3.4466960977362486e-12
3.9042031169587095e-12
3.3991623837162174e-12
2.9018609443530379e-12
3.4182051822519464e-12
3.8455879000434326e-12
3.6181146757427412e-12
3.0341370749344966e-12
3.4548540938245469e-12
4.2164079262270290e-12
3.7027291876973155e-12
3.1416487004205972e-12
3.4987776366993772e-12
4.2381734832148739e-12
3.8375873167580569e-12
3.0878491981600986e-12
3.4788705780448167e-12
4.1952139317430912e-12
3.8954115649454823e-12
3.3216721064583761e-12
3.7215284304784702e-12
4.3581984993427611e-12
4.1482157794605665e-12
3.4489179902505087e-12
3.5106603307902470e-12
4.5030054151023869e-12
4.3115550402636563e-12
3.5445152935142340e-12
3.2803093621777588e-12
4.7519151493498541e-12
4.6486150724403276e-12
3.6502822202307526e-12
3.6067562107995345e-12
5.0031392714604392e-12
4.6979348837923620e-12
3.7805174877410859e-12
3.5931067948308227e-12
4.9259262587123235e-12
4.7323587884385684e-12
3.9525484566459358e-12
3.3869922741187651e-12
5.1595602149145321e-12
5.1385990575917597e-12
4.1344223673333272e-12
3.5563267472843630e-12
5.6788138154894896e-12
5.3543848156310479e-12
4.2096070638890824e-12
3.5701246838601876e-12
5.4208212754367334e-12
5.5122167413737743e-12
4.4333985000362037e-12
3.5524794994713507e-12
5.3843115846537182e-12
5.5784269859434541e-12
4.6157000760943869e-12
3.7956357538397960e-12
5.4796115844271614e-12
5.9543757824823684e-12
4.8520235261397577e-12
3.9688779525320560e-12
6.0445948511962306e-12
6.5895786442616452e-12
5.2463717802669843e-12
3.9121932574809055e-12
6.2053509173675505e-12
7.0290617961694245e-12
5.2281723949154808e-12
4.0406795578763074e-12
5.8571334846712585e-12
6.5795670332162068e-12
5.6435475423848270e-12
4.1768791590818884e-12
5.9531655385864937e-12
7.2805060366115819e-12
6.1647025520187392e-12
4.3196582271059639e-12
6.7540014360828814e-12
7.9193008110248026e-12
6.4945703748573340e-12
4.4366857352484004e-12
6.4399618761982380e-12
8.1470721694790731e-12
6.6262153977350270e-12
4.9614518850414438e-12
5.8526217378155076e-12
8.0713659307688790e-12
7.2231417154660371e-12
4.9840706138846387e-12
5.8266506690767854e-12
8.5893284517806788e-12
7.3389318320991810e-12
5.0080129833541274e-12
6.4864375417826733e-12
9.0167884183655299e-12
8.2710927355991394e-12
5.4931565884491611e-12
6.5090955554983479e-12
1.0035922035061669e-11
8.5722639259722974e-12
5.8958093518295156e-12
5.5394305145010911e-12
9.3839467169748394e-12
8.7281112989997258e-12
6.1902323834404736e-12
5.0300246605629097e-12
9.4861283554838023e-12
9.8460677443955866e-12
7.1002667900887079e-12
6.5931477489474437e-12
1.0807036987398908e-11
1.0915981822074979e-11
6.9088137650017101e-12
5.8163840971672932e-12
1.0407908010905010e-11
1.0552314596714541e-11
7.5801000029829692e-12
5.3756488677765288e-12
1.0483085881894076e-11
1.1614814850563581e-11
8.6302659864626241e-12
5.7134638311396794e-12
1.0909185075681534e-11
1.2564298783062236e-11
8.6488350057458309e-12
5.8827307236984381e-12
1.1346675601220442e-11
1.2723804291727531e-11
9.0297878816556515e-12
5.9151153246185123e-12
1.1891132505045218e-11
1.3405161748449515e-11
1.0150176157402203e-11
6.1833859170884678e-12
1.1458151078734365e-11
1.3650524200609033e-11
1.0929942336944604e-11
6.4161322977742417e-12
1.0517141011578091e-11
1.4792952290157352e-11
1.2546663992975987e-11
6.8894576168775245e-12
1.2044493465641585e-11
1.6166548210313823e-11
1.3474672156763373e-11
7.2547185395965365e-12
1.1133584702063241e-11
1.5749987866210742e-11
1.2731066352087028e-11
7.7476494684070394e-12
1.1332187710359120e-11
1.6967209186361122e-11
1.4943280158410780e-11
9.2552706467088640e-12
1.1123489371656938e-11
1.8434317604985352e-11
1.6365230007008453e-11
9.8054245012107402e-12
1.1483233052942436e-11
1.7878473701473029e-11
1.6724435771691983e-11
9.8658193175711912e-12
1.0313927410379936e-11
1.8365652704778960e-11
1.7880173411485707e-11
1.1252189661457533e-11
1.1100237640283454e-11
1.8467103979075100e-11
1.9848842749220842e-11
1.2221276275737697e-11
9.2566134643200543e-12
2.0066467982736697e-11
2.0996089108240182e-11
1.3822776596733104e-11
9.3440200197941695e-12
2.0282357771591542e-11
2.2582056654160874e-11
1.4068456913818025e-11
8.5576129718328030e-12
2.0417663970063346e-11
2.2151773779032770e-11
1.4724662316524896e-11
9.2519960276294859e-12
1.9744567482427557e-11
2.3840724878741888e-11
1.7545554286423742e-11
9.8446528667271455e-12
2.2711709506579226e-11
2.6229167530768298e-11
2.0653033094788857e-11
9.4547046169793316e-12
2.1001417676664976e-11
2.6616619264970004e-11
1.9649467153749786e-11
1.0784278479257517e-11
2.0137342900055662e-11
2.7807271809361588e-11
2.2330318503468102e-11
1.1474632390558595e-11
2.0584632975490061e-11
2.9414959533013711e-11
2.4176995985985947e-11
1.1829786947892936e-11
2.1408498626869243e-11
3.1060253398109238e-11
2.7107660500392521e-11
1.3298981072191623e-11
2.1079122696491782e-11
3.2645626234605140e-11
2.8176072706866650e-11
1.5867483103877122e-11
2.0548582378920932e-11
3.3429464715809566e-11
2.9451786085713698e-11
1.6838965870734680e-11
1.8072092707683104e-11
3.2806442341378397e-11
3.2414927853340860e-11
1.8743947369539318e-11
2.1872457010927548e-11
3.6611611220719268e-11
3.6677323651080816e-11
1.9310815848354932e-11
1.8895787031315635e-11
3.4724505067458595e-11
3.6513880227182805e-11
2.1309707279022226e-11
1.5853846777453612e-11
3.6688172252153631e-11
3.9328705040479147e-11
2.5147913473150670e-11
1.5746254603526248e-11
3.8072267272739207e-11
4.2705859517026438e-11
2.7301424186839292e-11
1.5187879771378603e-11
3.8859871302835060e-11
4.3136981364569071e-11
2.8289783116538673e-11
1.5020792840373253e-11
3.8807939575103162e-11
4.6896337237841561e-11
3.4384768222762351e-11
1.5737862108250263e-11
4.0840496388046626e-11
4.7777200333325994e-11
3.6760904302717113e-11
1.6352531291563127e-11
3.6675925000510677e-11
5.0266888171558084e-11
4.0165673739622283e-11
1.8510678587703282e-11
4.0845484015017151e-11
5.5169041233621671e-11
4.3418277185902792e-11
1.8578324297577664e-11
3.7111701207388456e-11
5.6726730472347291e-11
4.5162816600013125e-11
2.0517990073046020e-11
3.7972147019619274e-11
5.6860168392403256e-11
5.1353432043696668e-11
2.7469101508376168e-11
3.8743915207865413e-11
6.3649232437982419e-11
5.6057900296487278e-11
2.9858870892426746e-11
3.8847704057521028e-11
6.0544744426307682e-11
5.5043159413884517e-11
2.8327250571496409e-11
3.5423433222478481e-11
6.5632157681904932e-11
6.3056338456823889e-11
3.3949989741935795e-11
3.7977106704235399e-11
6.5726255317497063e-11
6.8417308862037336e-11
3.8279738382623921e-11
3.1554515445761944e-11
6.7972125621467687e-11
6.9721256750639000e-11
4.4679628175612764e-11
3.1155081597956195e-11
6.8609120843815362e-11
7.5709263263810384e-11
4.8777764023661256e-11
2.8118917539591208e-11
7.3410651032652725e-11
7.8615074701463359e-11
4.8686959758301520e-11
2.6285250022487450e-11
6.7088791814008502e-11
8.3410704307936535e-11
5.9140160631830399e-11
2.7674686384098836e-11
7.6925493045123183e-11
9.2421123669733877e-11
7.0158531594107901e-11
2.8412273394290453e-11
7.1206200094228482e-11
8.8850939893685147e-11
6.9133079780921892e-11
2.9865548559720342e-11
7.2679573205960186e-11
9.6867112228074307e-11
7.7043889030749731e-11
3.5252485729532472e-11
7.2768994987742352e-11
1.0513027005338676e-10
8.3853609882472036e-11
3.4368541572083376e-11
7.3117283170002318e-11
1.0825430942941736e-10
9.0682121160455093e-11
4.0128877062565091e-11
6.7844965614406377e-11
1.1019110149588222e-10
1.0074473826945765e-10
5.1085747232272434e-11
7.4706244639731814e-11
1.1582708378169379e-10
1.0051233508445738e-10
5.4316000319128107e-11
6.4518458449675559e-11
1.1480946032999317e-10
1.1003818858550348e-10
6.0109886869300713e-11
7.0677567225475896e-11
1.2709278939849493e-10
1.2477422415983498e-10
6.3837708734361595e-11
6.2984419895099479e-11
1.2091304796759238e-10
1.3230470817651530e-10
7.5939439526799024e-11
5.5194806680152956e-11
1.2411353923188616e-10
1.3450787214708245e-10
8.8395806757632606e-11
5.5326448422851229e-11
1.3501781263730168e-10
1.4699630388884729e-10
9.5315521236298171e-11
5.0100911391609483e-11
1.3680785796367988e-10
1.4922226524245275e-10
9.3257504673463678e-11
4.9251849770485530e-11
1.3177453088726473e-10
1.6639184148983793e-10
1.2054099496719900e-10
5.1643646434377161e-11
1.3899354840729816e-10
1.6665547299600098e-10
1.3261665084825709e-10
5.2380925080820621e-11
1.3083802948588158e-10
1.7358612322939175e-10
1.3465303940842257e-10
5.7339716586931661e-11
1.3980119494088132e-10
1.8861871260386594e-10
1.4753153890015857e-10
6.0409156500913248e-11
1.3420820263587520e-10
2.0417664827672918e-10
1.5896975436643087e-10
6.5173703159381268e-11
1.2873712223964008e-10
1.9229586365821666e-10
1.7819314612532360e-10
8.7933675252030180e-11
1.3419118045165505e-10
2.1809662269715990e-10
1.9358775796060008e-10
9.9818954318216163e-11
1.3537764671689241e-10
2.0797470605830160e-10
1.8823476632704354e-10
9.7925213646815367e-11
1.1734584595223790e-10
2.2741677744212726e-10
2.2030076114705345e-10
1.1420495882269392e-10
1.2622745819230802e-10
2.2781551474571253e-10
2.4217676149435536e-10
1.3186349082772018e-10
1.1106176714822577e-10
2.2968546876286986e-10
2.4509327639621758e-10
1.5260801462808660e-10
1.0187764635326728e-10
2.3253308251554826e-10
2.6232905473223801e-10
1.7407039988192697e-10
1.0489598773638177e-10
2.5910074597207264e-10
2.7429131581801199e-10
1.6899206796453107e-10
8.4877918940996020e-11
2.3660654903930650e-10
2.9030281877267017e-10
2.0582104321880399e-10
9.4431344657668187e-11
2.6192556151492728e-10
3.1684335180781325e-10
2.4174795661804475e-10
9.5034332464229153e-11
2.4325741243559939e-10
3.1003032221458945e-10
2.4877517706792072e-10
1.0208083217278508e-10
2.5138098415572028e-10
3.3097823487986279e-10
2.5794582516439505e-10
1.1662540983731269e-10
2.5609362302230898e-10
3.6993380298292290e-10
2.8983486744997723e-10
1.1786705486031240e-10
2.4452784553091574e-10
3.7436824037084398e-10
3.0743387138596140e-10
1.3428371421344117e-10
2.2999978478232567e-10
3.8350085040601264e-10
3.4908593968830091e-10
1.8077723242570406e-10
2.5761569970298980e-10
3.9902991196399781e-10
3.5010264509500785e-10
1.9089224243196009e-10
2.3609104686951841e-10
4.0708332190986280e-10
3.7380932385190807e-10
1.9567320785625581e-10
2.3509444556670621e-10
4.3202722961806907e-10
4.3437719591437167e-10
2.2750609423936529e-10
2.1819555605016835e-10
4.2676611449321635e-10
4.6113070213058224e-10
2.6173921105471025e-10
1.9385015629030456e-10
4.1993323508105750e-10
4.4734015001726060e-10
3.0657607255628821e-10
2.0069755302547754e-10
4.6950206917349230e-10
5.1117847219066625e-10
3.3333336043906571e-10
1.6664082499180017e-10
4.6598141327566444e-10
5.1386134360712154e-10
3.3116428824206765e-10
1.6756255610050489e-10
4.5370745735874110e-10
5.7943266456043645e-10
4.2503090889410047e-10
1.7686054639845837e-10
4.7355308557301001e-10
5.7866751004223988e-10
4.6375822262587021e-10
1.8465129437656807e-10
4.5676518797729596e-10
5.9430420495688354e-10
4.5482240798301801e-10
1.9552041792777238e-10
4.7504832095565685e-10
6.4575080046524692e-10
5.1643691165503436e-10
2.1781761085528173e-10
4.7610617948774045e-10
7.1209411239982598e-10
5.5637829414579762e-10
2.3433982256250091e-10
4.2608393216920580e-10
6.6213974092027476e-10
6.2473943186086645e-10
3.0396745657109342e-10
4.6914701320613054e-10
7.4206473859811988e-10
6.7166442791394078e-10
3.4733675018541099e-10
4.6082369249807880e-10
7.2487476087960423e-10
6.6874757432136980e-10
3.4681056002656085e-10
4.1158819719266736e-10
7.9223789145851149e-10
7.5140721211874556e-10
3.9994788657719937e-10
4.0956731588773250e-10
8.0241823664329045e-10
8.5711526032748568e-10
4.6082135079900775e-10
3.8584710412857302e-10
7.8648982881423226e-10
8.4711278010244101e-10
5.0918200056178572e-10
3.4516698700831643e-10
8.1216691404192179e-10
9.0219520121047508e-10
6.1487798983151064e-10
3.6223294502019276e-10
9.0694645375544451e-10
9.4855487073466809e-10
6.1253235269215958e-10
3.0133187778363979e-10
8.4539142240082631e-10
1.0186980105868754e-09
6.9615058012162835e-10
3.2512124807242773e-10
8.7082375469140463e-10
1.1029767849423843e-09
8.3331477404017639e-10
3.3258749477625069e-10
8.5610299648595457e-10
1.1001003276824508e-09
8.7901539624643058e-10
3.6023981409331264e-10
8.6272339679389886e-10
1.1281467891614687e-09
8.8440433627420850e-10
3.9808363959142387e-10
8.8661407385627935e-10
1.3097368977786341e-09
1.0157197586465332e-09
4.2384322220658745e-10
8.2744457651794560e-10
1.3036933604189988e-09
1.0602540851657499e-09
4.5514327176077422e-10
7.9645715095519279e-10
1.3058175623818722e-09
1.2262743663844427e-09
6.0910018934838787e-10
9.0147584297878559e-10
1.3585221686712476e-09
1.2454044298309602e-09
6.8021017767024006e-10
8.3215891862020814e-10
1.4135852239228241e-09
1.2872006403447093e-09
6.5995676916629050e-10
7.4752153723919367e-10
1.4862311683629153e-09
1.5010759220518750e-09
8.2576883972587290e-10
7.7130854213593420e-10
1.5069066408825649e-09
1.6382773326257560e-09
9.0894341925482101e-10
6.5875107288394591e-10
1.4136006261684203e-09
1.5278570406261188e-09
1.0720350149922437e-09
6.9366572578693375e-10
1.6464220591599680e-09
1.7613122775554865e-09
1.1662286212356472e-09
5.6342679266609158e-10
1.6366452501789887e-09
1.8008183457944776e-09
1.2214977507495740e-09
5.8043628268702507e-10
1.5204387795949844e-09
1.9920453929071659e-09
1.4347503301924074e-09
5.9749169226010533e-10
1.5975527248569250e-09
2.0426566708311055e-09
1.6595521950158987e-09
6.5261530008474591e-10
1.6082798216897534e-09
0.0000000000000000e+00
8.7897223516507979e-15
9.1110523638161761e-15
1.9129268527588872e-14
2.0796449680999375e-14
2.6264473822569543e-14
3.5677873004179161e-14
3.8619999963212403e-14
4.4540682356994865e-14
5.0838070673951319e-14
5.7162948230732669e-14
5.3718401779517594e-14
5.9753684539452386e-14
5.9957163160318552e-14
6.1077058842713918e-14
6.5290240579525519e-14
7.0699214194686196e-14
7.2160138421438847e-14
8.0032512252006958e-14
9.7933067619258463e-14
1.0477081100080396e-13
1.0918586542842460e-13
1.1196201488320632e-13
1.1628909289124537e-13
1.1707766245692706e-13
1.2477390074298185e-13
1.5177811457479729e-13
1.3291818138289016e-13
1.3880459263336282e-13
3.2326212484792745e-13
2.8638074699650014e-13
2.6698254999971066e-13
5.0890992440970117e-13
6.0849525934941907e-13
4.5599546875999774e-13
6.7116435181366127e-13
9.8716761296950695e-13
8.5531958167785392e-13
9.6503371647345568e-13
2.6127751489346876e-12
2.9901249173812326e-12
3.1619892041615956e-12
6.4170027102199326e-12
7.4917699566509316e-12
7.0885161678403168e-12
1.0098594704655131e-11
1.4740942661399837e-11
1.3156906937330530e-11
1.3722590126530981e-11
2.0447827995944322e-11
2.3129176027603238e-11
2.9728692349823946e-11
4.8429305852503610e-11
7.6825705991468599e-11
9.6239330390494632e-11
1.3357085550614049e-10
1.8082009117560192e-10
2.0321817659374247e-10
2.3257922961289955e-10
3.1522458726581750e-10
3.6420738410253133e-10
3.8009008147330589e-10
4.5025654734873594e-10
5.3049319900592751e-10
8.0602845898181348e-10
1.1814109489549047e-09
1.7590552337811726e-09
2.5604689962995720e-09
3.2422104608421432e-09
4.0641675881342956e-09
5.1602739261369999e-09
6.0871108769479197e-09
7.3014022606460985e-09
8.7774690415135318e-09
9.7228916264564709e-09
1.0870992620764754e-08
1.2145882817186891e-08
1.8607416921304921e-08
3.0298945625878294e-08
4.2702764957852186e-08
6.2162862210078730e-08
8.2060304474109407e-08
9.7347186449746058e-08
1.2371812065696244e-07
1.5076150575924665e-07
1.8203922063566528e-07
2.0980906767751500e-07
2.3830754679100038e-07
2.6875278458779662e-07
0.0000000000000000e+00
5.2160470449186225e-15
1.1869616750825800e-14
1.7553042936368778e-14
3.3962151999474939e-14
9.3825902663428975e-14
2.3552405397800694e-13
5.7823482113783254e-13
1.4750933896942980e-12
4.0225272278725432e-12
1.0855377984020662e-11
2.9070814830095162e-11
7.6558771522814530e-11
1.9922591909847055e-10
5.1019346230250519e-10
1.2875195940656034e-09
3.2028347449681032e-09
8.4409598305065861e-09
2.2064539840629396e-08
5.6098574322238678e-08
1.3876282780320346e-07
3.3322657293259146e-07
7.7173000299265532e-07
2.0726748313876179e-06
6.0331025184579423e-06
1.8307709450051894e-05
7.4395371972355704e-05
3.9373490687616300e-04
2.6047401242100432e-03
1.5484650185389795e-02
5.6777479796577146e-01
0.0000000000000000e+00
4.9291837203861729e-15
8.4419639991543156e-15
1.2712545751390656e-14
1.7104253835529748e-14
2.1297470090348308e-14
2.5386604165185349e-14
3.0048204722876796e-14
3.3350968708107588e-14
3.8135781966565782e-14
4.2662965491190132e-14
4.6821399023662372e-14
5.1732526801421619e-14
5.5223592849713043e-14
5.9078904743181082e-14
6.3140870729569720e-14
6.7353897734665502e-14
7.0146483331598179e-14
7.4227556208194025e-14
7.7572313575561384e-14
8.1860657444785583e-14
8.5231632881969302e-14
8.9985959617343453e-14
9.4246788059755936e-14
9.9291983375431882e-14
1.0210495743570564e-13
1.0666517944044290e-13
1.1098049994902003e-13
1.1571995180846131e-13
1.1996615605521706e-13
1.2476385688980183e-13
1.2837127297270930e-13
1.3292416990584111e-13
1.3704485918015521e-13
1.4230548361095794e-13
1.4673308021744349e-13
1.4936930413405889e-13
1.5299858206542196e-13
1.5753259709012358e-13
1.6160787693750051e-13
1.6635237565580282e-13
1.7195231653299464e-13
1.7541473250018667e-13
1.8060579711873966e-13
1.8415008261458192e-13
1.9094667138897972e-13
1.9489605792657671e-13
2.3676789724944777e-13
2.8213330316436587e-13
3.3696332663935990e-13
3.9607027079286197e-13
4.6922158624597127e-13
5.5331934938705315e-13
6.4221568624722799e-13
7.5736110401883251e-13
8.7222065298901075e-13
1.0137464175800685e-12
1.1566667433348475e-12
1.3333938909217046e-12
1.5050386290810311e-12
1.7098725319097090e-12
1.9031745299260488e-12
2.1249505957386439e-12
2.3210856791244999e-12
2.5408614374404763e-12
2.7216455962768489e-12
2.8888852978570565e-12
2.9993170761059737e-12
3.0287958851524213e-12
2.9976677908994652e-12
2.7716185265720105e-12
2.4690108731275671e-12
2.4863879342534214e-12
2.6562319930678006e-12
2.9069578657307142e-12
4.1707194165091327e-12
5.9552388250392072e-12
8.4302916631687515e-12
1.2459569039911094e-11
1.7746330944677678e-11
2.4405406234848041e-11
3.2903035165169678e-11
4.3270627951253720e-11
5.6164851610617864e-11
7.1730285744669382e-11
9.0752134451505294e-11
1.1350811008142643e-10
1.4093922546215324e-10
1.7341657788477197e-10
2.1200977740273035e-10
2.5723607374264594e-10
3.1031206116037384e-10
3.7190095550818388e-10
4.4332981436817894e-10
5.2523361531874591e-10
0.0000000000000000e+00
0.0000000000000000e+00
4.9291837203861832e-15
9.6816135119333507e-15
1.3818330049193113e-14
1.9184711011408529e-14
2.2610165741538319e-14
2.7129551053631639e-14
3.1434839624136289e-14
3.5519291726833250e-14
3.9090949286283258e-14
4.3853327286602606e-14
4.7313234452083242e-14
5.2393546138686635e-14
5.6527603106290408e-14
5.9722481966742929e-14
6.2998545757025874e-14
6.7871519840671311e-14
7.2086617870785343e-14
7.5836897640127561e-14
8.0254013749012526e-14
8.4976686233017620e-14
8.7521678268822317e-14
9.2376454029736801e-14
9.6541627911661597e-14
1.0018936695339814e-13
0.0000000000000000e+00
4.9291837203861729e-15
9.4055621383300447e-15
1.4090812486647947e-14
1.8818149868438714e-14
2.3599851501974030e-14
2.8588588548861918e-14
3.2441675697957162e-14
3.7090578574383862e-14
4.0446795713939677e-14
4.4547325159026652e-14
4.8471175500122634e-14
5.2300673115121628e-14
5.7112789868263092e-14
6.0727810598437191e-14
6.4860940057486107e-14
6.9525501129871689e-14
7.2441369743450946e-14
7.5707284049036398e-14
7.9738296759013047e-14
8.4949126986948839e-14
8.9158451379299523e-14
9.3916440087832470e-14
9.8635404599950558e-14
1.0209144357555058e-13
1.0570120551957947e-13
1.1025357234508421e-13
1.1448256858355595e-13
1.2056578472068392e-13
1.2265013278368672e-13
1.2904894027812659e-13
1.3225439343743423e-13
1.3738814686383374e-13
1.4192259872326841e-13
1.4633896146930606e-13
1.5268547518237022e-13
1.5662380912592218e-13
1.6196180110331485e-13
1.6576024920162925e-13
1.7067182588134987e-13
1.7614341768853580e-13
1.7926233956279218e-13
2.0144899648048247e-13
2.3635814060209007e-13
2.7087224843779411e-13
3.1888518980212045e-13
3.5559723862535846e-13
4.2656824752379972e-13
4.7638691943663593e-13
5.5649869728110787e-13
6.2172970542161199e-13
7.1623071977111153e-13
8.0042808075010539e-13
9.0759773945655589e-13
1.0052963613493123e-12
1.1086793349654747e-12
1.2187679717013002e-12
1.3299356324056301e-12
1.4170192767752139e-12
1.5302335050873547e-12
1.6400618400738983e-12
1.7276558401488421e-12
1.8569735359966933e-12
2.0015666809708619e-12
2.1862915593045048e-12
2.6099416483301770e-12
3.1289852168281212e-12
3.7750389913409040e-12
4.9476281424776516e-12
6.4238199580397751e-12
8.2304388026277185e-12
1.0686533075707810e-11
1.3839452666669623e-11
1.7871210167131865e-11
2.2873392073455581e-11
2.8869232026615750e-11
3.6238516849650113e-11
4.4910270594410170e-11
5.5378364980683911e-11
6.7703454494512067e-11
8.2442542645186204e-11
9.9987458354373559e-11
1.2025707874925889e-10
1.4400618184336876e-10
1.7121169544194009e-10
2.0323213686185507e-10
2.4094364583736796e-10
2.8379295033331534e-10
3.3263461009795967e-10
3.8739318158797108e-10
4.4878534863139460e-10
5.1653564982225410e-10
5.9108377545413679e-10
6.7249849653727817e-10
7.6169903349916588e-10
8.5654649900269762e-10
9.5525674376215848e-10
1.0560253843635014e-09
1.1555559822887705e-09
1.2500479178332530e-09
1.3448688615620969e-09
1.4279984664286318e-09
1.5444250113646678e-09
1.6528812906181334e-09
1.7769866918113721e-09
1.9048465398805547e-09
2.1817763109155713e-09
2.5819099745009361e-09
3.1022732877807855e-09
3.9144032242497218e-09
5.0759785862275661e-09
6.5666941121751360e-09
8.4045204014821331e-09
1.0994313627244685e-08
1.4261802176249890e-08
1.8330162690530526e-08
2.3357620803753926e-08
2.9442309362791638e-08
3.6760699464119065e-08
4.5510305956439240e-08
5.5911009744082316e-08
6.8299756501557455e-08
8.3096603495770722e-08
1.0044849189719844e-07
1.2067967041194170e-07
1.4413113466851140e-07
1.7114993463304200e-07
2.0329055109608117e-07
2.4044582190796759e-07
2.8279729213349249e-07
3.3074163613244574e-07
3.8460146837789789e-07
4.4461833021862550e-07
5.1086356196862369e-07
5.8323794088913987e-07
6.6288839276547264e-07
7.4914166262146033e-07
8.4025206935232368e-07
9.3455628786932130e-07
1.0298862060190498e-06
1.1229177384422440e-06
1.2117134831515531e-06
1.2994296190555257e-06
1.3871679363474811e-06
1.4953397852781499e-06
1.5970753244084776e-06
1.7209050207095448e-06
1.8567349804998727e-06
2.1716559690470960e-06
2.5932112655212231e-06
3.1131858452173909e-06
4.0226353625520321e-06
5.2282460403960806e-06
6.7334233575136718e-06
8.6454265104267954e-06
1.1334840370154062e-05
1.4636019168047790e-05
1.8783731221484475e-05
2.3843223407772379e-05
2.9964505362668718e-05
3.7294066248693928e-05
4.6070901629297920e-05
5.6434127908348120e-05
6.8873715259458381e-05
8.3680031080417860e-05
1.0084607011621130e-04
1.2106475179079969e-04
1.4409378620310815e-04
1.7109552727414970e-04
2.0335827561406613e-04
2.3941937545276555e-04
2.8199847592864496e-04
3.2776308645438430e-04
3.8239756683315358e-04
4.3854288314685533e-04
5.0659166531066726e-04
5.7796997612060785e-04
6.5429652460681487e-04
7.4257885501946314e-04
8.2089442065602257e-04
9.2666870217701061e-04
1.0119351233577704e-03
1.1163427238997253e-03
1.2143592062834915e-03
1.3037059477236574e-03
1.4044040434357827e-03
1.5724034855743019e-03
1.7320233464359555e-03
1.8677258860020161e-03
2.1103824675664227e-03
2.4245604587501165e-03
2.9843818402140276e-03
3.6422147338117713e-03
4.3616069253360193e-03
5.6100425867213416e-03
7.1790256664814329e-03
0.0000000000000000e+00
0.0000000000000000e+00
0.0000000000000000e+00
0.0000000000000000e+00
0.0000000000000000e+00
0.0000000000000000e+00
0.0000000000000000e+00
0.0000000000000000e+00
0.0000000000000000e+00
0.0000000000000000e+00
0.0000000000000000e+00
1.1946340435603465e-15
6.0117489751220923e-14
6.7020657768525036e-12
6.9752966759163454e-10
6.8689200859311813e-08
6.3275559714656604e-06
5.6790885104428441e-04
5.3580222388523217e-02
nan
0.0000000000000000e+00
1.1946340435603465e-15
6.0117489751220809e-14
6.7020657768525060e-12
6.9752966759163454e-10
6.8689200859311747e-08
6.3275559714656706e-06
5.6790885104428571e-04
5.3580222388523412e-02
nan
0.0000000000000000e+00
1.1946340435603465e-15
6.0117489751220809e-14
6.7020657768525060e-12
6.9752966759163454e-10
6.8689200859311747e-08
6.3275559714656706e-06
5.6790885104428571e-04
5.3580222388523412e-02
nan
0.0000000000000000e+00
1.1946340435603465e-15
6.0117489751220809e-14
6.7020657768525060e-12
6.9752966759163454e-10
6.8689200859311747e-08
6.3275559714656706e-06
5.6790885104428571e-04
5.3580222388523412e-02
nan
0.0000000000000000e+00
1.1946340435603465e-15
6.0117489751220809e-14
6.7020657768525060e-12
6.9752966759163454e-10
6.8689200859311747e-08
6.3275559714656706e-06
5.6790885104428571e-04
5.3580222388523412e-02
nan
0.0000000000000000e+00
1.0951551657394760e-15
1.1465437450965376e-15
2.7379383429544789e-15
2.3777870527914652e-15
2.7377371774107991e-15
3.6819648471464293e-15
4.2161723231410568e-15
4.0712997563917255e-15
4.4764226596030813e-15
4.9291837203861729e-15
5.2797116149646768e-15
5.8241340001136483e-15
6.6523055830206827e-15
6.8784193174796079e-15
6.7441745911199482e-15
7.1833263259863118e-15
7.4809189091441540e-15
7.9867550542183893e-15
8.2696441194453504e-15
8.7288320998026758e-15
9.7426957756093788e-15
9.7113565206261086e-15
1.0248644861167860e-14
1.0805108560820881e-14
1.0909439052323720e-14
1.1529766655075364e-14
1.2025031685703078e-14
1.1900243126399239e-14
1.2300078474237551e-14
1.3218731229677246e-14
1.3748788468547163e-14
1.4725049822526585e-14
1.4314779423404079e-14
1.4708076810067099e-14
1.4634460227669342e-14
1.5328052071856977e-14
1.5952176424834711e-14
1.6548716152751075e-14
1.6042899303307336e-14
1.6371718198833297e-14
1.6759422525320800e-14
1.7247669165303773e-14
1.7819638351282707e-14
1.8452426694292388e-14
2.0348927198826822e-14
1.9409530763548838e-14
1.9880498876273220e-14
2.0259194179401510e-14
2.0489476776408735e-14
2.1329885229473637e-14
2.2509272902889151e-14
2.1710217943379854e-14
2.2782488580236862e-14
2.2953035340194882e-14
2.3134687054862269e-14
2.4188475907161953e-14
2.4148343392134412e-14
2.4738710014799020e-14
2.5480916249945392e-14
2.5623401145155246e-14
2.6273667732502505e-14
2.6935930111329996e-14
2.6640700107309201e-14
2.8361996425739546e-14
2.8343732360035621e-14
2.8024107657504684e-14
2.9053312515924154e-14
3.0046625173262207e-14
2.9616054429346365e-14
3.0468271340740716e-14
3.1020034757863875e-14
3.1125530329251236e-14
3.2578018421720265e-14
3.3141861238847636e-14
3.2973479031276204e-14
3.3442374720192024e-14
3.4739177291722557e-14
3.4275550655830797e-14
3.4601850825278644e-14
3.4633873486794424e-14
3.4997415575614593e-14
3.5707008988677463e-14
3.6146396940877861e-14
3.6471166977193141e-14
3.7501377287432296e-14
3.7266642756236143e-14
3.8253381003969123e-14
3.7965727306411752e-14
3.8181309225906784e-14
3.8971130288498804e-14
3.9456306294750878e-14
3.9982718642998031e-14
4.0095017833761298e-14
4.0347421563540070e-14
4.0950113792907412e-14
4.1869208817692818e-14
4.2449254073152637e-14
4.2661317326393883e-14
4.3351481440607200e-14
4.2686270584638551e-14
4.3037178161669112e-14
4.3526493479234848e-14
4.3738445193443778e-14
4.4430654770681999e-14
4.4453276394934566e-14
4.5054547325334116e-14
4.5679310428356992e-14
4.5618562571581809e-14
4.5954077260154715e-14
4.7183312008692677e-14
4.6832473136878427e-14
4.7309980670946066e-14
4.7756327771573083e-14
4.9148486499550288e-14
4.9255717612034323e-14
4.9612307515416766e-14
4.9849051057744578e-14
5.0155451447100155e-14
5.1952267177568479e-14
5.1229647969934807e-14
5.2200841053374639e-14
5.2379594617847344e-14
5.1946469695967839e-14
5.2304940009477869e-14
5.3568657127957146e-14
5.3593831455782658e-14
5.3915260403042454e-14
5.4384227431008860e-14
5.5370450121164513e-14
5.5390311082809353e-14
5.6335428426409668e-14
5.6301388351505148e-14
5.7369503716526671e-14
5.8014135079945427e-14
5.7388067344124764e-14
5.8039910843821099e-14
5.8699500127077988e-14
5.8608529774067676e-14
5.9415835836558628e-14
5.9422330495887833e-14
6.1040481796373227e-14
5.9547762713539628e-14
6.0076009553315912e-14
6.0616833018038946e-14
6.2016353035519836e-14
6.1675898692114451e-14
6.2367050289533754e-14
6.3641109402970474e-14
6.2957678882689024e-14
6.3950083870593760e-14
6.4133295773387311e-14
6.5194828118309218e-14
6.5619106893844811e-14
6.5950640407343068e-14
6.5498676382156052e-14
6.6455247590924552e-14
6.7762305588809101e-14
6.7449456075945018e-14
6.7742874952630408e-14
6.8149700741006932e-14
6.9327072630974437e-14
6.9061522773975632e-14
6.9184438067476471e-14
6.9633746000112785e-14
7.1244902098544954e-14
7.0854355296626847e-14
7.2035905407009755e-14
7.1714017074250978e-14
7.1805435458401967e-14
7.2303523600334327e-14
7.2820654777659239e-14
7.2827590272062496e-14
7.3536844752074146e-14
7.3280710331308216e-14
7.3993627447891713e-14
7.4514899125104565e-14
7.4721641274999383e-14
7.4754649106317333e-14
7.5430171403487637e-14
7.7573719350506889e-14
7.6736514126315241e-14
7.7119928609923161e-14
7.7246163563634644e-14
7.7441128309790721e-14
7.8161149982336091e-14
7.8238195650542027e-14
7.9991028047629187e-14
7.9508510034123028e-14
7.9307083668422829e-14
7.9324469153548967e-14
8.0477025180014045e-14
8.1406688318588627e-14
8.0891234254092276e-14
8.2239491954470181e-14
8.1428882640030317e-14
8.2302728586631819e-14
8.2476495521415171e-14
8.3711196760643884e-14
8.4245015921933626e-14
8.3435973410696898e-14
8.3620976903642088e-14
8.4431995904301536e-14
8.5710839654505071e-14
8.4521640063002405e-14
8.4895160262816846e-14
8.5735634406767315e-14
8.7176882185844491e-14
8.6617672306537859e-14
8.7031220839425000e-14
8.7420533641886974e-14
8.7813842613841028e-14
8.8367217686294128e-14
8.8008717927874472e-14
8.8493406141761096e-14
8.9200296358775629e-14
9.0414090581236765e-14
8.9931332632836248e-14
9.0438873015841815e-14
9.1146945195391275e-14
9.1699043116771159e-14
9.1678218531744655e-14
9.2499131863197713e-14
9.2719116519809736e-14
9.2347610625935349e-14
9.2894571104885671e-14
9.3475477364635476e-14
9.3768894363785994e-14
9.5028804964960131e-14
9.5175827836868826e-14
9.5358627061851085e-14
9.5556121172028762e-14
9.6737231815071724e-14
9.6198384340601308e-14
9.6294372347290354e-14
9.7056588062398040e-14
9.8332579556019514e-14
9.7864724084985014e-14
9.8118503747275908e-14
9.8673902956001865e-14
9.8977014481069146e-14
9.9197218487659769e-14
9.9609778311342087e-14
9.9973229840148194e-14
1.0004534375931738e-13
1.0108996389522377e-13
1.0101817353780962e-13
1.0179872525053018e-13
1.0174478181832788e-13
1.0206500509467146e-13
1.0263441339701603e-13
1.0330389189949155e-13
1.0367005212029520e-13
1.0418222405815493e-13
1.0446083133209782e-13
1.0484845279965342e-13
1.0612831967846480e-13
1.0591436869792205e-13
1.0613656848088898e-13
1.0792848924170871e-13
1.0751144471293869e-13
1.0857535383246040e-13
1.0853195579755308e-13
1.0883240502922166e-13
1.0895774055609862e-13
1.0972072820819916e-13
1.1033584847313622e-13
1.1107838486125870e-13
1.1102049626590423e-13
1.1128323601817628e-13
1.1159550586015004e-13
1.1212833738645817e-13
1.1232296230037802e-13
1.1335708453009653e-13
1.1365090556991368e-13
1.1430867858292943e-13
1.1408683892730741e-13
1.1455023356889206e-13
1.1566872006224115e-13
1.1446024352042468e-13
1.1545903081973569e-13
1.1543087662774631e-13
1.1642974572515611e-13
1.1637040321291474e-13
1.1668793758768370e-13
1.1709138397166181e-13
1.1771205565713492e-13
1.1821605139296197e-13
1.1852794259632324e-13
1.1874103330561884e-13
1.1926362896872532e-13
1.1986079353321836e-13
1.1999862961638010e-13
1.2063111079213207e-13
1.2152694567160202e-13
1.2155315051244500e-13
1.2231228545489801e-13
1.2244490646620982e-13
1.2237959591256814e-13
1.2330657333276913e-13
1.2353235838577562e-13
1.2494818315209152e-13
1.2419559302560165e-13
1.2491888575860013e-13
1.2557682262820761e-13
1.2554295666353465e-13
1.2609105853900742e-13
1.2641949981614598e-13
1.2678692627402849e-13
1.2706321185369134e-13
1.2802364039568997e-13
1.2852395374623450e-13
1.2827226602324227e-13
1.2858453415737391e-13
1.2971957474159217e-13
1.3066792851744275e-13
1.3023569868810788e-13
1.3019140943525239e-13
1.3100388710506697e-13
1.3109087114934576e-13
1.3155338598433500e-13
1.3244681924549377e-13
1.3419582283708344e-13
1.3308780400153764e-13
1.3463489235667969e-13
1.3481557597975696e-13
1.3390997013548296e-13
1.3440222461940446e-13
1.3475167522063802e-13
1.3551262120912061e-13
1.3589466531076594e-13
1.3584030579255640e-13
1.3671811766246335e-13
1.3721608587344963e-13
1.3771640430741625e-13
1.3838209738284372e-13
1.3885598841939967e-13
1.3883183601745197e-13
1.4031317650144545e-13
1.4047378596397571e-13
1.4141162788326311e-13
1.4126436096079479e-13
1.4163650944512193e-13
1.4191622026464977e-13
1.4261362972964750e-13
1.4266598772353785e-13
1.4265304800081169e-13
1.4376001081089342e-13
1.4440039434230165e-13
1.4523884028739483e-13
1.4507217378891635e-13
1.4540210595421732e-13
1.4557161393688071e-13
1.4648274235260292e-13
1.4727600671301639e-13
1.4726135978600592e-13
1.4832060899445367e-13
1.4805467089549780e-13
1.4885811589738711e-13
1.4947048124334266e-13
1.4964947875747684e-13
1.5037829738494406e-13
0.0000000000000000e+00
1.0951551657394760e-15
1.1465437450965376e-15
2.7379383429544789e-15
2.3777870527914652e-15
2.7377371774107991e-15
3.6819648471464316e-15
4.2161723231410726e-15
4.0712997563994327e-15
4.4764226654958817e-15
4.9291956359043325e-15
5.2647101489645793e-15
6.0626714236952163e-15
7.9579806728643215e-15
6.9727162346475599e-15
7.2955550953260353e-15
7.8222393072726609e-15
8.2761147667867623e-15
9.5181552682172778e-15
9.0919698410485706e-15
9.1949752638500674e-15
9.5593420260019370e-15
1.0975922126453983e-14
1.0689138688820549e-14
1.0710494674376298e-14
1.2078726808941440e-14
1.2241308060767056e-14
1.2694786371388613e-14
1.2495601568731957e-14
1.2698163963366898e-14
1.3323938452933710e-14
1.3909598967129893e-14
1.5165906200935812e-14
1.5207400829190425e-14
1.5223809996768815e-14
1.6034289118974673e-14
1.6997333268271769e-14
1.6415921136837946e-14
1.8166557566981013e-14
1.7150929996530083e-14
1.8612385457018518e-14
1.7959211839871195e-14
1.8584595094217534e-14
1.9034550868590458e-14
1.9132669040582023e-14
1.9597962748414310e-14
2.1599656257607429e-14
2.1052285261770445e-14
2.1086395177908124e-14
2.2599621290281481e-14
2.2357968809823030e-14
2.2466792854379727e-14
2.3067413039428983e-14
2.3589316791864102e-14
2.3918460888767782e-14
2.4332520205857200e-14
2.4623428914019893e-14
2.5165459005084157e-14
2.6223639253501202e-14
2.6036940238094791e-14
2.6290113470870014e-14
2.7927289824939581e-14
2.7552583945401437e-14
2.7416623366978920e-14
2.7950731427723886e-14
2.9352060683264676e-14
2.9078412210128175e-14
2.9509427554637640e-14
2.9634205035649946e-14
2.9893628761175449e-14
3.0949274895967448e-14
3.0806648522902176e-14
3.1872853247793925e-14
3.1768213996713416e-14
3.1724061546532646e-14
3.2480189461615213e-14
3.2791544365957501e-14
3.3241803855015124e-14
3.3659105643845724e-14
3.4140588626900619e-14
3.5289262143259116e-14
3.5330290249539819e-14
3.5960013753759173e-14
3.6262694777943887e-14
3.6482572705559570e-14
3.6769345310954115e-14
3.8006854018814117e-14
3.7885807740443539e-14
3.8153688549126561e-14
3.8614127643962840e-14
3.8808377087997853e-14
3.8923240060178655e-14
3.9598746592833175e-14
3.9931010716106038e-14
4.0937302885165751e-14
4.1423891717491828e-14
4.1909523784799141e-14
4.1947987818175409e-14
4.2878114538816246e-14
4.3706958227477221e-14
4.3537263716602398e-14
4.3470841066201810e-14
4.3651389374297723e-14
4.4538837576351559e-14
4.5416330760285178e-14
4.5768127331180336e-14
4.6090011159210003e-14
4.6439830730773285e-14
4.7012922311535552e-14
4.7788793964790550e-14
4.8005230964694678e-14
4.8630265454991500e-14
4.9305221071734987e-14
4.9866451457858121e-14
4.9933679386599943e-14
5.0405584553084129e-14
5.0605928074124418e-14
5.0870316874249849e-14
5.1232429853499061e-14
5.1531037162547287e-14
5.2245891592641486e-14
5.3745274585778835e-14
5.3399569223241244e-14
5.2942254773179465e-14
5.3139162092886315e-14
5.4110227743657452e-14
5.4998114212370971e-14
5.5228388039443817e-14
5.5184600990768727e-14
5.5914264990888537e-14
5.6427550140339704e-14
5.7763116257228955e-14
5.7649246880750966e-14
5.7480654744185889e-14
5.7539837525436556e-14
5.8317690670327748e-14
5.9326480264891049e-14
5.9058964162832680e-14
5.9750598773887509e-14
6.0095647914802977e-14
6.0745258406333949e-14
6.1712641473339042e-14
6.1301759510356056e-14
6.2026161560668694e-14
6.2295784604618918e-14
6.2604807259006769e-14
6.3167794194987840e-14
6.3383522951961861e-14
6.3805923940730429e-14
6.4732770494628370e-14
6.4572809424664110e-14
6.5823831393370516e-14
6.5717512318831782e-14
6.6275191029596292e-14
6.6938734297284445e-14
6.7346609563760377e-14
6.7256483681338133e-14
6.7433571251015392e-14
6.8375539754060385e-14
6.8713873321343545e-14
6.9235523168682022e-14
6.9753233232383161e-14
6.9976691659130121e-14
7.0361068342978382e-14
7.0754543915154820e-14
7.1866887217727919e-14
7.1819202280499900e-14
7.1543096777731026e-14
7.2535617396151002e-14
7.2942342667692650e-14
7.3200640313154838e-14
7.3523104991258855e-14
7.4540213769173092e-14
7.5713409391683625e-14
7.5105267139081411e-14
7.5658031656125791e-14
7.6106240637082463e-14
7.6949230350142857e-14
7.6690107252582595e-14
7.7030104765389095e-14
7.7960636511869225e-14
7.8319793836223994e-14
7.8412760225234643e-14
7.9055077302051309e-14
8.0368337800903724e-14
7.9341553125273255e-14
7.9770734618979145e-14
8.0367345091729447e-14
8.1136648547607064e-14
8.1535197149712167e-14
8.2880553447658815e-14
8.2598146238725480e-14
8.2699601428491819e-14
8.3479003665057868e-14
8.3635426563007580e-14
8.3806508100634653e-14
8.4551380524990436e-14
8.4535325776304500e-14
8.4979797831447694e-14
8.5479650612800523e-14
8.6438342902749086e-14
8.6323202584506711e-14
8.6902455739933714e-14
8.7018346610799019e-14
8.8029613277308241e-14
8.8643830533655876e-14
8.8078730305169557e-14
8.8614252695272485e-14
8.9415960158467130e-14
8.9761679842785677e-14
8.9819018478892316e-14
9.0387996548420937e-14
9.0816838354761755e-14
9.1456752291348294e-14
9.1930359941509830e-14
9.2150809960611276e-14
9.3604573754597764e-14
9.3579283636559544e-14
9.3633767473068157e-14
9.3387827320051787e-14
9.3948468240852933e-14
9.4253947727838152e-14
9.4587290968665075e-14
9.5647273212949549e-14
9.5811932291909020e-14
9.6169536896004565e-14
9.7018136134482439e-14
9.7334596675741261e-14
9.7146658668952751e-14
9.8423433898346991e-14
9.8435235615675872e-14
9.8760184105150443e-14
9.8919267196854681e-14
1.0060938701025253e-13
1.0038733830343053e-13
1.0070254805565470e-13
1.0000711029569045e-13
1.0089629035545703e-13
1.0155105000003956e-13
1.0163455181898784e-13
1.0274976731413392e-13
1.0270059540155423e-13
1.0335643561452404e-13
1.0370363309099630e-13
1.0439855277797702e-13
1.0461831372350488e-13
1.0443852655085761e-13
1.0590538452991529e-13
1.0667029493943864e-13
1.0656920821509887e-13
1.0698022225900178e-13
1.0730954322833376e-13
1.0770960277869714e-13
1.0771153067146204e-13
1.0904465606286332e-13
1.0913412515860960e-13
1.0920558707829515e-13
1.1011939764159620e-13
1.1042066431250679e-13
1.1070890493995517e-13
1.1205471123002868e-13
1.1090959700074475e-13
1.1170918180984232e-13
1.1200117123219333e-13
1.1272219933680718e-13
1.1235154568714344e-13
1.1330551788632143e-13
1.1338636903810372e-13
1.1389314139157088e-13
1.1391937250895298e-13
1.1537952144918895e-13
1.1514051350103934e-13
1.1611332200908356e-13
1.1767007505696773e-13
1.1692822518409327e-13
1.1733454640384061e-13
1.1751526654139430e-13
1.1801210722654447e-13
1.1896142549874310e-13
1.1919610704106703e-13
1.1920912655965278e-13
1.2034790930981014e-13
1.2079834222437757e-13
1.2034858681522325e-13
1.2078062066364316e-13
1.2277601531823156e-13
1.2227781465305931e-13
1.2283553723657545e-13
1.2257020841242316e-13
1.2316223403705684e-13
1.2344850222153938e-13
1.2421726366635464e-13
1.2462030357516293e-13
1.2539313594871233e-13
1.2553066363710001e-13
1.2588893095655013e-13
1.2633044373675088e-13
1.2673916901823214e-13
1.2788976908431811e-13
1.2752841798065484e-13
1.2687033285448314e-13
1.2858122314727223e-13
1.2857747094284497e-13
1.2943440496910398e-13
1.3068823984174431e-13
1.3024716065622040e-13
1.3076631434211216e-13
1.3082460884047492e-13
1.3054795596587744e-13
1.3214446032114506e-13
1.3215714140087462e-13
1.3211266381157655e-13
1.3261648576577890e-13
1.3240438632081087e-13
1.3340628224453788e-13
1.3356922099208040e-13
1.3397532734889484e-13
1.3499552071913830e-13
1.3499882571323768e-13
1.3484572903031375e-13
1.3545133368352765e-13
1.3623040031212883e-13
1.3723458387950183e-13
1.3771165893120849e-13
1.3774079912484979e-13
1.3776740920697957e-13
1.3920347140070576e-13
1.3913561871696485e-13
1.4048035101261195e-13
1.3956603106825199e-13
1.4052106149559867e-13
1.4060018544293726e-13
1.4161532723876366e-13
1.4143906632204493e-13
1.4265972666657205e-13
1.4232626162429126e-13
1.4210134943255467e-13
1.4324170478384279e-13
1.4555352159313594e-13
1.4436887518521341e-13
1.4485568885376153e-13
1.4517510298586298e-13
1.4531482957174722e-13
1.4598523411546334e-13
1.4657062759011316e-13
1.4668151603784492e-13
1.4713816804021471e-13
1.4842603230160759e-13
1.4867351846387891e-13
1.4969876958734274e-13
1.4951197718037372e-13
1.5131185397169019e-13
1.5014624019837443e-13
1.5099810622205739e-13
1.5197140758064789e-13
1.5167609454137202e-13
1.5204125751490854e-13
1.5329452625017294e-13
1.5415547062567188e-13
1.5366889828247140e-13
1.5303104622647347e-13
1.5434876645987983e-13
1.5635842170313609e-13
1.5592422194124803e-13
1.5573667369763005e-13
1.5669279557786684e-13
1.5760185316142734e-13
1.5781632309460877e-13
1.5757623921777175e-13
1.5850253673263835e-13
1.5940671833912857e-13
1.6045899722208893e-13
1.5970929861335525e-13
1.6090285523819146e-13
1.6239777909448037e-13
1.6093237751499455e-13
1.6106624762610667e-13
1.6161061947225483e-13
1.6357639072365596e-13
1.6450917342425744e-13
1.6411982361973173e-13
1.6435387947260974e-13
1.6599770304382673e-13
1.6527480123928537e-13
1.6618489848946443e-13
1.6649559905114695e-13
1.6761518764617976e-13
1.6851918732117794e-13
1.6747347418058085e-13
1.6895625145008338e-13
1.6951415264330528e-13
1.6902240013296261e-13
1.6906069018363445e-13
1.6977540268563303e-13
1.7234637661448997e-13
1.7137928589232209e-13
1.7217975898608440e-13
1.7160427979689049e-13
1.7340983173676711e-13
1.7317623864858761e-13
1.7230354256758465e-13
1.7441258682071547e-13
1.7531560058853743e-13
1.7601429494122975e-13
1.7484973951897625e-13
1.7536191206933399e-13
1.7781577196398210e-13
1.7869969197946987e-13
1.7660124138367786e-13
1.7754614981928679e-13
1.7987821632038694e-13
1.7943442226160672e-13
1.7854685897111772e-13
1.7859575944526324e-13
1.8152140991909165e-13
1.8220882075284737e-13
1.7958774454530902e-13
1.8022048516384227e-13
1.8220195665091379e-13
1.8268755498227680e-13
1.8300326712496920e-13
1.8139577722278559e-13
1.8501795595013449e-13
1.8440168280676044e-13
1.8405043085679624e-13
1.8509626338077285e-13
1.8572075372044874e-13
1.8589190851867411e-13
1.8423063021802481e-13
1.8441494957355818e-13
1.8719406099339798e-13
1.8809970376686588e-13
1.8527988998128968e-13
1.8597355408808534e-13
1.9034018582762294e-13
1.8947776626068996e-13
1.8877155115293493e-13
1.8818136066455990e-13
1.9059060380590835e-13
1.9015937497664758e-13
1.8921930525489895e-13
1.8991952463169780e-13
1.9167852005614631e-13
1.9194525912090035e-13
1.9082586924072893e-13
1.9034773746749035e-13
1.9433004015209057e-13
1.9476641425294906e-13
1.9845877606750225e-13
1.9342378652112806e-13
2.0147240368119616e-13
1.9749114955683224e-13
2.0946231474194743e-13
1.9478244073890909e-13
2.1835020765591327e-13
1.9997050076601195e-13
2.2754165782117914e-13
1.9681287626349119e-13
2.3015997645316205e-13
2.0153739376125449e-13
2.4211588637279595e-13
1.9817289468105881e-13
2.4999117506215502e-13
2.0306857626792363e-13
2.5826675098019228e-13
1.9988668640827851e-13
2.6498229192780619e-13
2.0568734173947685e-13
2.7184076310796792e-13
2.0127799441271877e-13
2.8581199865767647e-13
2.0635358030130497e-13
2.9267124249540815e-13
2.0349532050458810e-13
3.0260839601031928e-13
2.0813482524393468e-13
3.1013654280356074e-13
2.0525992922787809e-13
3.2311983881134224e-13
2.1062652832475662e-13
3.3191057411940921e-13
2.0694770794836881e-13
3.4463402769084329e-13
2.1361919287346781e-13
3.4981608808371560e-13
2.0973087442681221e-13
3.6854419124170107e-13
2.1451928537184631e-13
3.7310637768692773e-13
2.1240845449075791e-13
3.9090205833295812e-13
2.1593802012140735e-13
3.9608139800260213e-13
2.1473233387150658e-13
4.1668876181803867e-13
2.1845200797596565e-13
4.2268233929080817e-13
2.1690308731351579e-13
4.4553384832533723e-13
2.2046670380337975e-13
4.4747811757594617e-13
2.1962914768261952e-13
4.7202177363766358e-13
2.2324099392432080e-13
4.7448320754885718e-13
2.2199973884652184e-13
5.0227666629290255e-13
2.2430619373743680e-13
5.0348998183102259e-13
2.2377820699010615e-13
5.3063970007998245e-13
2.2611708806491570e-13
5.3712508152743745e-13
2.2600710259148772e-13
5.6877734569947347e-13
2.2897861366099253e-13
5.6966801347950251e-13
2.2921565938153780e-13
6.0085545234504989e-13
2.3209822699507015e-13
6.0660264237105182e-13
2.3085983686965030e-13
6.3762490434634799e-13
2.4541890497983030e-13
6.4396375745302804e-13
2.4923757773834110e-13
6.7108167368744921e-13
2.7053909239136065e-13
6.8113456184465834e-13
2.7563529717727604e-13
7.1635383889121739e-13
2.9491047054433996e-13
7.2381242555101882e-13
3.0280143087989342e-13
7.5536516984657379e-13
3.2662320108245384e-13
7.6533246349527229e-13
3.3317726737728508e-13
8.0053576994763941e-13
3.6035329088573835e-13
8.1239052775842483e-13
3.7099874701787911e-13
8.4215054360176363e-13
4.0072423058017753e-13
8.5472141075653018e-13
4.1675437291862149e-13
8.9296627802615480e-13
4.3788677352899547e-13
9.0738925767585269e-13
4.6294303641469974e-13
9.3858302719597425e-13
4.8309422627675391e-13
9.5317666111651445e-13
5.1561203358197605e-13
9.8917386549822632e-13
5.3112926833569395e-13
1.0103654492036127e-12
5.7115892063331046e-13
1.0414258143256144e-12
5.9331237705363549e-13
1.0590644086425432e-12
6.3639623990285582e-13
1.0956396138374710e-12
6.6016157994889436e-13
1.1206599882377774e-12
7.0140081279999361e-13
1.1509237632082718e-12
7.3279090674307292e-13
1.1726860147782903e-12
7.7499433295162582e-13
1.2073113362135643e-12
8.1356242220116948e-13
1.2377596161465582e-12
8.5301165375043968e-13
1.2656926620685190e-12
8.9660815215589995e-13
1.2948808581183600e-12
9.3963590023180089e-13
1.3207439658343717e-12
9.9117575215867967e-13
1.3600884347708355e-12
1.0322285493118646e-12
1.3860000049762896e-12
1.0891391059660218e-12
1.4201227328838043e-12
1.1388612561281601e-12
1.4464499599614467e-12
1.2027170196900062e-12
1.4876696553263517e-12
1.2497238433038367e-12
1.5110497679795770e-12
1.3153384608627663e-12
1.5535891377940612e-12
1.3748975270691686e-12
1.5683792095744962e-12
1.4457666623572337e-12
1.6180294393778561e-12
1.5101096376077674e-12
1.6364991284325708e-12
1.5765326572754986e-12
1.6878159495475622e-12
1.6566299780812580e-12
1.7025807042807944e-12
1.7313641663126099e-12
1.7517590063830032e-12
1.8080909371766693e-12
1.7712444717606513e-12
1.8840772710005468e-12
1.8240354939341483e-12
1.9761546199579663e-12
1.8376232686230521e-12
2.0586580144187283e-12
1.8844189796153257e-12
2.1576806026004495e-12
1.9075898448021774e-12
2.2375967131329654e-12
1.9548790418606443e-12
2.3524838810193847e-12
1.9831297777061538e-12
2.4391007690649355e-12
2.0116664784599160e-12
2.5623002740396028e-12
2.0466872199197483e-12
2.6469040210408162e-12
2.0837620642083465e-12
2.7800396443731517e-12
2.1116711732343756e-12
2.8738967062880725e-12
2.1352409639912494e-12
3.0230145198519391e-12
2.1763206123399451e-12
3.1140921174498752e-12
2.1990985456153241e-12
3.2759008285703715e-12
2.2430949470110195e-12
3.3727204144273107e-12
2.2451488027012113e-12
3.5574083753337776e-12
2.2954322228084598e-12
3.6504098524277758e-12
2.3005784230781862e-12
3.8434416906122095e-12
2.3513396492501319e-12
3.9421624744727669e-12
2.3371409822310280e-12
4.1618191520737984e-12
2.3933989403333586e-12
4.2687958126130121e-12
2.3962596746655645e-12
4.4919062865274120e-12
2.4465965190738993e-12
4.6204541430706197e-12
2.4634529524145395e-12
4.8555637938151331e-12
2.4800211373829754e-12
5.0071228235295796e-12
2.5369925294484726e-12
5.2297860850883523e-12
2.5142379079528472e-12
5.4071478641979175e-12
2.6018628893390835e-12
5.6381865284472569e-12
2.5576565713357481e-12
5.8400222610257102e-12
2.6516863801274655e-12
6.0655912452119233e-12
2.6385641586589363e-12
6.2898287513562860e-12
2.7049063852535216e-12
6.5260685174235008e-12
2.7050492036636811e-12
6.7921078419027768e-12
2.7532990559486317e-12
7.0091094005347592e-12
2.7724653679931747e-12
7.3059567784434445e-12
2.8033899556158352e-12
7.5223532602374199e-12
2.8291998687419687e-12
7.8632193995210961e-12
2.8283243980387971e-12
8.0701616544398844e-12
2.8975697010695053e-12
8.4435113087469404e-12
2.8873224795858668e-12
8.6761353703281699e-12
2.9515692989231430e-12
9.0753743163291265e-12
2.9655511160769611e-12
9.3155387890487198e-12
3.0063035794119708e-12
9.7301951732594055e-12
3.0629083164195305e-12
9.9878518743685243e-12
3.1387761886755766e-12
1.0432983929470755e-11
3.1557916499552906e-12
1.0715808095896061e-11
3.3239852304905223e-12
1.1169338835728457e-11
3.3767897318098230e-12
1.1469604351397993e-11
3.5247172916594842e-12
1.1950144184746776e-11
3.6163669434131318e-12
1.2277324204756688e-11
3.7371072722808542e-12
1.2778345548005871e-11
3.8919725985986166e-12
1.3111750982474765e-11
3.9767726288129061e-12
1.3646979367190090e-11
4.1761302380747060e-12
1.4015246793510099e-11
4.2695574842654318e-12
1.4560743108049649e-11
4.4888769911111818e-12
1.4946497938142243e-11
4.6138285606551678e-12
1.5517229078952271e-11
4.8175967776264808e-12
1.5940578860328631e-11
5.0097931324228013e-12
1.6538550468247802e-11
5.3572398620618881e-12
1.6969009449273159e-11
5.5756707846677722e-12
1.7594098477310134e-11
5.9551390007455206e-12
1.8061190251276951e-11
6.2458709814114314e-12
1.8712454844473066e-11
6.5993531663315058e-12
1.9200263979702716e-11
6.9878974187367567e-12
1.9869197483746632e-11
7.3248107221369334e-12
2.0394766370199276e-11
7.7918477894144422e-12
2.1101022349117800e-11
8.1575760752555873e-12
2.1635819161128398e-11
8.6737369229425890e-12
2.2367477266348148e-11
9.0759092397071895e-12
2.2933246209470683e-11
9.6212841897118115e-12
2.3699688162799582e-11
1.0069334611128067e-11
2.4301898091445521e-11
1.0649264831799744e-11
2.5074597122676033e-11
1.1232066530263865e-11
2.5725465651538523e-11
1.1883296773760101e-11
2.6518491425048930e-11
1.2517326405944842e-11
2.7228775464287427e-11
0.0000000000000000e+00
1.0951551657394760e-15
1.1465437580686938e-15
2.7382125672582535e-15
2.3700122840688649e-15
2.7473443086216137e-15
4.2854544161366770e-15
3.6596326808264629e-15
4.2269864785527742e-15
4.9945354181879196e-15
6.0244174911973803e-15
5.7949249017956318e-15
6.5472671176281383e-15
6.2259113336967339e-15
6.5997106339383060e-15
7.3260752553006848e-15
7.5082069219933919e-15
8.1189396720872118e-15
9.1642062491746911e-15
8.9821608764454881e-15
9.6480686027183698e-15
9.8594266458194845e-15
1.0808573077505357e-14
1.0863701822222489e-14
1.1823913416620049e-14
1.2251212225510543e-14
1.2118891007951304e-14
1.2598759419738208e-14
1.2658626961249752e-14
1.3091015966096632e-14
1.3802515279344058e-14
1.3973680378214720e-14
1.4223303037960492e-14
1.5151448176695766e-14
1.6050028700487686e-14
1.6144199833570429e-14
1.6102892652178736e-14
1.7617755683841830e-14
1.6753568337844888e-14
1.7548952206503446e-14
1.8031056285060223e-14
1.8323997641798370e-14
1.9378986048225091e-14
1.8884050689465321e-14
1.9787754469482774e-14
1.9808289947134223e-14
2.0525436995895238e-14
2.1134376761340339e-14
2.1984208686757645e-14
2.2460142677496748e-14
2.2809835390729636e-14
2.4011469186041852e-14
2.3437544570358838e-14
2.4533461058158507e-14
2.4274701141678273e-14
2.4296593048552681e-14
2.5396008613129905e-14
2.5236546370191889e-14
2.6020689990741895e-14
2.6790615729786118e-14
2.6755072274827507e-14
2.6891234728788227e-14
2.7024491019429840e-14
2.7928609277596983e-14
2.8748698985731808e-14
2.8452525015797231e-14
2.9343498128995197e-14
2.9909778900897119e-14
2.9942350129309760e-14
3.0564452432707907e-14
3.1092124088105356e-14
3.1351356329894457e-14
3.2020241519380352e-14
3.2039412121180281e-14
3.2993128908489779e-14
3.3630736306728536e-14
3.3336415198472773e-14
3.3932010286569890e-14
3.4351731534682542e-14
3.4496860389614250e-14
3.4932859572197795e-14
3.5701431057853093e-14
3.5243592404402519e-14
3.5844325996737864e-14
3.6374911013432061e-14
3.7500736997808416e-14
3.7853724168306657e-14
3.7527844351154852e-14
3.8027815519836452e-14
3.9626028100211689e-14
3.8638660515169648e-14
3.9170803995812486e-14
3.9613499701134734e-14
4.0843307973724214e-14
4.0465037027582913e-14
4.1220547235795317e-14
4.1757736812510697e-14
4.1802482259170384e-14
4.2234031765684727e-14
4.2483102581462610e-14
4.2775579812066577e-14
4.4190328726293100e-14
4.3786420095241035e-14
4.4155485938704148e-14
4.4458790497294025e-14
4.4967717002389161e-14
4.5364522572855714e-14
4.6610036052111435e-14
4.6257510003358102e-14
4.6888780379330634e-14
4.6687328119318950e-14
4.6906395628288405e-14
4.7570661655994351e-14
4.7961602266825947e-14
4.8133346652643726e-14
4.8664847460309542e-14
4.9402443214118431e-14
4.9627727912332503e-14
5.1095353313573625e-14
5.0698948929370167e-14
5.0800632703099471e-14
5.1152007105181683e-14
5.1249685302754809e-14
5.2601570526423681e-14
5.2534846678047484e-14
5.2241409067748187e-14
5.2786313501712137e-14
5.3934699966600699e-14
5.3442608491298313e-14
5.4355762284866471e-14
5.5039486822974926e-14
5.5062469063201054e-14
5.5513791510044336e-14
5.5534549567806352e-14
5.7704340647951766e-14
5.6620111885339719e-14
5.7930571076576511e-14
5.7558592111522640e-14
5.7826365353902360e-14
5.8242393456385245e-14
5.8443213052237647e-14
5.8787638530164577e-14
5.9448152892207534e-14
5.9842717101656652e-14
5.9710655540184982e-14
6.0708419525503884e-14
6.0808162364128372e-14
6.1067324610712915e-14
6.1612671885790006e-14
6.2533698676764367e-14
6.2673188890428962e-14
6.2645341108765519e-14
6.2961877172664171e-14
6.3071894786120292e-14
6.4350048091140523e-14
6.4375754634015430e-14
6.4779060286556029e-14
6.5054693901095711e-14
6.6032634059208431e-14
6.5956459505023618e-14
6.6797038136696651e-14
6.8358788770277616e-14
6.8048808634082064e-14
6.8316097925569927e-14
6.8731269666082209e-14
6.8171142516193971e-14
6.9087958932978473e-14
6.9473714387415150e-14
6.9350512800988788e-14
6.9929166751890336e-14
6.9821995602386796e-14
7.0746919507005089e-14
7.0436217311952401e-14
7.0498694602775759e-14
7.1332570607630514e-14
7.1629323796122031e-14
7.2120060176939609e-14
7.1892940730600824e-14
7.3320077773256052e-14
7.3157066821678275e-14
7.3507525607488762e-14
7.3561114838953035e-14
7.3970339165009792e-14
7.4891201660934893e-14
7.4632526741957842e-14
7.5184331070279553e-14
7.6441917129061471e-14
7.6402311310528925e-14
7.6353046370242379e-14
7.6583103752754101e-14
7.7436347356925548e-14
7.7669483875618878e-14
7.9144827729726124e-14
7.8939619413052103e-14
7.8842583383037702e-14
7.9428949556663347e-14
7.9730101995387333e-14
8.0056503239584801e-14
8.0242245073999470e-14
8.0860212356318634e-14
8.0982131839271175e-14
8.1431134160541270e-14
8.2033300375337612e-14
8.2454327077242119e-14
8.3220100158161808e-14
8.4638121779668111e-14
8.4257184726102351e-14
8.5036119265188399e-14
8.5008443546557285e-14
8.4682949188974070e-14
8.5189976221063570e-14
8.5935654409546502e-14
8.6072906263437083e-14
8.6847356214015515e-14
8.6457789826557481e-14
8.6849604420054926e-14
8.8722948585183594e-14
8.8286508541480480e-14
8.8732595825301682e-14
8.8979918949052686e-14
8.9494840120356652e-14
9.0658067417617842e-14
8.9938361914135215e-14
9.0434474563621618e-14
9.0784413257853336e-14
9.1170735955630119e-14
9.2188033959171270e-14
9.1639340897752090e-14
9.2599587180553736e-14
9.3069161616902501e-14
9.2997101636542649e-14
9.3233627831317861e-14
9.3883247251564829e-14
9.4846886100277625e-14
9.4216034660966392e-14
9.4825755419810543e-14
9.6065715506940871e-14
9.5957615481773052e-14
9.6373291261549438e-14
9.6848306196131761e-14
9.7937990427286931e-14
9.7606811288085830e-14
9.7680555066807016e-14
9.8225213157192929e-14
9.8933417498909537e-14
9.9048441327912162e-14
1.0054193476328057e-13
1.0104818104975293e-13
1.0130442467377244e-13
1.0137094187179228e-13
1.0106009316091800e-13
1.0263528166476349e-13
1.0210381312104396e-13
1.0261768927928776e-13
1.0301074175991950e-13
1.0291277838004151e-13
1.0393341035656237e-13
1.0431533012368027e-13
1.0443561010786228e-13
1.0481673943209118e-13
1.0505015512466813e-13
1.0610723478406978e-13
1.0627852889823017e-13
1.0623670374486345e-13
1.0710902016316025e-13
1.0801964587520790e-13
1.0772866538207303e-13
1.0897937775029194e-13
1.0855783799746086e-13
1.0922841830046197e-13
1.0952113536747448e-13
1.1034295501133629e-13
1.1179614292331720e-13
1.1167275894997003e-13
1.1160764329723642e-13
1.1222446129236999e-13
1.1272995065179435e-13
1.1357056848252674e-13
1.1391831244168593e-13
1.1406272178139829e-13
1.1437808147334782e-13
1.1474999801254981e-13
1.1541883156151580e-13
1.1604801681876732e-13
1.1595112125088149e-13
1.1617211193247388e-13
1.1673340625342441e-13
1.1760365993906113e-13
1.1789349976257278e-13
1.1863682917326366e-13
1.1884420234814862e-13
1.1956762474535843e-13
1.1917695755548555e-13
1.1998194307451378e-13
1.1990757180389092e-13
1.2048563349833441e-13
1.2123057368479281e-13
1.2121171039729466e-13
1.2272704865006304e-13
1.2260958141667750e-13
1.2248868957810819e-13
1.2326878908480825e-13
1.2394955679537884e-13
1.2421349682854754e-13
1.2458775246963520e-13
1.2473719676467421e-13
1.2541497931198024e-13
1.2582696634541097e-13
1.2616371274851281e-13
1.2654553164657830e-13
1.2687914110535908e-13
1.2741054639435815e-13
1.2838771571355224e-13
1.2836153494188292e-13
1.2802448336924077e-13
1.2834720831811905e-13
1.2903975396999959e-13
1.2878916528110115e-13
1.3019773504233651e-13
1.2982242630481020e-13
1.2984081490920230e-13
1.3044272519495816e-13
1.3096506797704776e-13
1.3100100676668862e-13
1.3209797640658898e-13
1.3271975313316974e-13
1.3243927611630497e-13
1.3312886854320506e-13
1.3434744100434608e-13
1.3420697009587113e-13
1.3398239010704291e-13
1.3469204280805123e-13
1.3500349846385748e-13
1.3552476097414231e-13
1.3647357904347302e-13
1.3602669507988596e-13
1.3671577447872158e-13
1.3795911936080040e-13
1.3753717026507762e-13
1.3808429346454921e-13
1.3944663466728034e-13
1.3918577365073079e-13
1.3902038960992602e-13
1.3978134346047281e-13
1.4044843671801463e-13
1.4100324076722406e-13
1.4106596384876216e-13
1.4086363978213938e-13
1.4139390694251840e-13
1.4181248927403945e-13
1.4174144384342984e-13
1.4201742049236052e-13
1.4315722690572766e-13
1.4342356883434281e-13
1.4335796201688713e-13
1.4408390584506362e-13
1.4424484247193799e-13
1.4426150126570207e-13
1.4560104404157546e-13
1.4516847470122584e-13
1.4518709377212991e-13
1.4552891390775421e-13
1.4664255366399501e-13
1.4715844176008424e-13
1.4694920425725129e-13
1.4766285098118580e-13
1.4791801880566160e-13
1.4832003376800838e-13
1.4867984628737781e-13
1.4921339533503837e-13
1.4992426390005011e-13
1.4995453423046410e-13
1.5039349194910242e-13
1.5034618073924851e-13
1.5072081041561939e-13
1.5172769460548972e-13
1.5164683784097583e-13
1.5216627157982965e-13
1.5252244201365827e-13
1.5265760645144060e-13
1.5423135032571785e-13
1.5368518206993753e-13
1.5437123188679645e-13
1.5484046471397800e-13
1.5534052646483081e-13
1.5584576270574726e-13
1.5607361791886746e-13
1.5690912108530720e-13
1.5689188436529830e-13
1.5780620161200264e-13
1.5753941403341077e-13
1.5763670122435298e-13
1.5844795515999550e-13
1.5922684344924464e-13
1.5886881295500680e-13
1.5930164845114106e-13
1.5960677704939373e-13
1.6045592659388561e-13
1.6063130749714230e-13
1.6099830187273511e-13
1.6184436498084965e-13
1.6144312803448666e-13
1.6184329387790965e-13
1.6223937495620945e-13
1.6345369619053734e-13
1.6298195056099213e-13
1.6384348130553061e-13
1.6468197356605203e-13
1.6451703604300074e-13
1.6470871732046368e-13
1.6516281272328079e-13
1.6626758123569279e-13
1.6583506222293093e-13
1.6620953699433657e-13
1.6721664761404632e-13
1.6717076395814458e-13
1.6746992314438084e-13
1.6892396914811704e-13
1.6893140024887521e-13
1.6864185562221027e-13
1.6906099270504330e-13
1.6968277378197544e-13
1.7001757412408859e-13
1.7015987701134871e-13
1.7130174167258295e-13
1.7121330357830717e-13
1.7231304316328816e-13
1.7237510725173440e-13
1.7211262370804002e-13
1.7266906752210476e-13
1.7333794504925411e-13
1.7411100174532812e-13
1.7445563259191094e-13
1.7440003781388694e-13
1.7445211029142432e-13
1.7501585311173686e-13
1.7565386025400806e-13
1.7553070181099733e-13
1.7610357424266026e-13
1.7634381127121163e-13
1.7672470131568690e-13
1.7775591348985308e-13
1.7725262974567243e-13
1.7821097472354698e-13
1.7931563341972967e-13
1.7877496456174333e-13
1.7929673685461577e-13
1.7965442304747563e-13
1.8010517614311271e-13
1.8022253055598472e-13
1.8102507449571823e-13
1.8167960062561217e-13
1.8147116425107585e-13
1.8223518522378956e-13
1.8352753920348327e-13
1.8270784002772549e-13
1.8324622087150776e-13
1.8347710386736687e-13
1.8424128318688305e-13
1.8501125579552661e-13
1.8460805338070637e-13
1.8468258731348393e-13
1.8579791182577347e-13
1.8662476449230837e-13
1.8618525847459288e-13
1.8660091146970084e-13
1.8699771854742653e-13
1.8794672790622618e-13
1.8807504964515230e-13
1.8821775500702835e-13
1.8831099276091946e-13
1.8889468188562955e-13
1.9021434483368649e-13
1.9027950246022044e-13
1.9046216455858165e-13
1.9066109503310063e-13
1.9148205476458411e-13
1.9201302823014240e-13
1.9224481676727496e-13
1.9255980635725464e-13
1.9335122143303673e-13
1.9462021794069428e-13
1.9391605826640644e-13
1.9426947141669033e-13
1.9435808732067912e-13
1.9499163049573302e-13
1.9622159240146092e-13
1.9601184545174510e-13
1.9687312509357302e-13
1.9680743469514079e-13
1.9682374890704622e-13
1.9708923178897916e-13
1.9775525169147618e-13
1.9799620764327101e-13
1.9838370715333871e-13
1.9932646776256079e-13
2.0052191946008759e-13
2.0002695980956597e-13
2.0008739890223815e-13
2.0049660567096844e-13
2.0102654081006187e-13
2.0159243394308221e-13
2.0207813893124190e-13
2.0264686181216843e-13
2.0285176369698926e-13
2.0321894727019699e-13
2.0358820808213326e-13
2.0425859579246204e-13
2.0439319097705464e-13
2.0495290060842066e-13
2.0551359553239098e-13
2.0621275781799220e-13
2.0650756844388116e-13
2.0661838627755134e-13
2.0701611552658789e-13
2.0876696807127543e-13
2.0802488590395077e-13
2.0830159669201900e-13
2.0872487809723662e-13
2.0912238327370386e-13
2.0927886271572447e-13
2.1002780907307066e-13
2.1134337138238937e-13
2.1082109475943907e-13
2.1175109392413581e-13
2.1216276776289508e-13
2.1196272926621457e-13
2.1289593869283350e-13
2.1403070668200126e-13
2.1372410776124272e-13
2.1402289984496262e-13
2.1477989608757165e-13
2.1545034060674291e-13
2.1542020565289081e-13
2.1592535468567874e-13
2.1640212370090760e-13
2.1721404436340163e-13
2.1807968259117563e-13
2.1729478079196162e-13
2.1888167252030418e-13
2.1917794061373701e-13
2.1888389730793868e-13
2.1931462092084287e-13
2.1970594253097295e-13
2.2077036807435059e-13
2.2128133011694515e-13
2.2063851154488529e-13
2.2095643374646606e-13
2.2143678908953221e-13
2.2159813221735255e-13
2.2220572459314394e-13
2.2291056427633922e-13
2.2320171358578368e-13
2.2344573214494569e-13
2.2419623869674111e-13
2.2484499070028864e-13
2.2473907506204143e-13
2.2642520892647321e-13
2.2576399003136285e-13
2.2570047360391056e-13
2.2634921532712263e-13
2.2707031029401630e-13
2.2802196253801935e-13
2.2804273988274997e-13
2.2856810428958889e-13
2.2967443377776081e-13
2.2981986817185619e-13
2.2986275329330340e-13
2.3062479220976821e-13
2.3107977986798934e-13
2.3142188635294552e-13
2.3116113210137205e-13
2.3196534515834316e-13
2.3298982890569280e-13
2.3281289335490615e-13
2.3379048541803939e-13
2.3417441904941048e-13
2.3423395871526809e-13
2.3499899637327253e-13
2.3525350141492009e-13
2.3577813710063061e-13
2.3607454184983368e-13
2.3646641110969932e-13
2.3741381597333445e-13
2.3783062949307143e-13
2.3843007280755952e-13
2.3927780593052836e-13
2.3883005961346792e-13
2.3951627699786751e-13
2.4070407298881263e-13
2.4114702092806468e-13
2.4142640719771766e-13
2.4142298470123930e-13
2.4174536499736571e-13
2.4319533514114065e-13
2.4329952785350262e-13
2.4331419431523981e-13
2.4389683673415575e-13
2.4472117729085481e-13
2.4495560664801053e-13
2.4529121907506553e-13
2.4524171438444502e-13
2.4583862763841884e-13
2.4647885032204333e-13
2.4687567582841081e-13
2.4818240384310574e-13
2.4796106784200847e-13
2.4796435460528971e-13
2.4795173581623096e-13
2.4797757328702945e-13
2.4888776147014710e-13
2.4916519152147677e-13
2.4954029300726722e-13
2.4982911501373317e-13
2.5166668941277200e-13
2.5073856458562285e-13
2.5146876565077592e-13
2.5187552209524514e-13
2.5232817186352852e-13
2.5240385797278065e-13
2.5289443500798545e-13
2.5375227782806448e-13
2.5380952315942669e-13
2.5447483030224351e-13
2.5559143704548455e-13
2.5577983167340843e-13
2.5675136338930682e-13
2.5709931472318107e-13
2.5636422428553804e-13
2.5731093903991008e-13
2.5871804105286156e-13
2.5787320283505943e-13
2.5828435632945980e-13
2.5876685276446827e-13
2.5912586577112639e-13
2.5945896064849311e-13
2.5957908793595601e-13
2.6023594237580429e-13
2.6095155727078415e-13
2.6047268205979834e-13
2.6058643173035274e-13
2.6231902867693816e-13
2.6228323901371020e-13
2.6241270888228181e-13
2.6245634055087265e-13
2.6349313197929684e-13
2.6343656679968949e-13
2.6483843986751074e-13
2.6518749686913665e-13
2.6484653805847959e-13
2.6504872896996180e-13
2.6662694951925888e-13
2.6606963368073555e-13
2.6635336670880880e-13
2.6686260066175966e-13
2.6798347009599372e-13
2.6749626165890068e-13
2.6782222322197965e-13
2.6863331569824515e-13
2.6899656251165015e-13
2.6907634961175065e-13
2.6952420347170772e-13
2.7037966056686483e-13
2.7081208027213511e-13
2.7116331135569455e-13
2.7189916362294747e-13
2.7280374603949730e-13
2.7149420651060101e-13
2.7264443669629697e-13
2.7309394981210339e-13
2.7309354331633262e-13
2.7457506236708888e-13
2.7442149353856555e-13
2.7477729427146055e-13
2.7514314366947255e-13
2.7525093817228342e-13
2.7623128133266576e-13
2.7576749714091561e-13
2.7750424324962137e-13
2.7773966541940436e-13
2.7690542156574654e-13
2.7853908758055345e-13
2.7813207156609008e-13
2.7822531359708796e-13
2.7962331176587480e-13
2.7994569546059388e-13
2.8019049738375028e-13
2.8101062787589503e-13
2.8093892611047937e-13
2.8133503637861537e-13
2.8139674385043280e-13
2.8174381806432720e-13
2.8165369734926099e-13
2.8311277984785963e-13
2.8270288793696780e-13
2.8251624235676445e-13
2.8298248071855629e-13
2.8393159937163677e-13
2.8449599942099721e-13
2.8421168993321839e-13
2.8525992822467486e-13
2.8550493941772456e-13
2.8599835912530516e-13
2.8655969060111780e-13
2.8740412700028668e-13
2.8737111324448416e-13
2.8849339922475285e-13
2.8892936498467315e-13
2.8829492254555418e-13
2.8920332970211195e-13
2.8919663050116672e-13
2.8921347091185054e-13
2.9048524425937083e-13
2.9133759984023335e-13
2.9047455647365040e-13
2.9144536043115498e-13
2.9175387481287483e-13
2.9203968643359678e-13
2.9249827991579522e-13
2.9263096052799242e-13
2.9364590294637884e-13
2.9355045818614381e-13
2.9395826055908425e-13
2.9385004928402725e-13
2.9462566030790382e-13
2.9579267885355465e-13
2.9565120058411815e-13
2.9648269939074064e-13
2.9736424940959271e-13
2.9676835436937551e-13
2.9688527330869243e-13
2.9912656945090915e-13
2.9908030116513003e-13
2.9904798718274178e-13
2.9946887451523323e-13
2.9944411860909550e-13
3.0036589817778979e-13
3.0071060313141760e-13
3.0130717306107440e-13
3.0199292605352723e-13
3.0316611791231115e-13
3.0256564928235085e-13
3.0322991965220769e-13
3.0342589270823680e-13
3.0480171395939116e-13
3.0416687577025587e-13
3.0528216768065578e-13
3.0634667456385267e-13
3.0551216010827826e-13
3.0636161600767382e-13
3.0740839025065683e-13
3.0754509358708246e-13
3.0746857211962361e-13
3.0868166848901786e-13
3.0869236562407505e-13
3.0860427707122260e-13
3.0961122380912733e-13
3.0980245503140504e-13
3.1085034917364706e-13
3.1030313992338584e-13
3.1099309809450297e-13
3.1206044928511091e-13
3.1226362456890783e-13
3.1265178649828691e-13
3.1219049116170974e-13
3.1340702766045279e-13
3.1366113297882989e-13
3.1504796402593557e-13
3.1502427073775141e-13
3.1500952849027089e-13
3.1641566049622423e-13
3.1611646145914521e-13
3.1579667864848378e-13
3.1595034714448481e-13
3.1652396836470329e-13
3.1641548456582911e-13
3.1714929608247885e-13
3.1820771448907554e-13
3.1771756181399014e-13
3.1857802959604859e-13
3.1896468701316843e-13
3.1903182156861733e-13
3.1973799322659588e-13
3.1999278077522163e-13
3.1989851658801073e-13
3.2062977205919626e-13
3.2091937720759582e-13
3.2228326440790277e-13
3.2217989982096098e-13
3.2233943540556076e-13
3.2362731105615490e-13
3.2341710602076398e-13
3.2386700674445160e-13
3.2410389389264017e-13
3.2508578208358224e-13
3.2470175072010255e-13
3.2582548522409116e-13
3.2540149176527187e-13
3.2648178204776431e-13
3.2683745780696267e-13
3.2708379592944428e-13
3.2747463312675605e-13
3.2765669068746789e-13
3.2828501787466602e-13
3.2893859592583954e-13
3.2940307912868088e-13
3.2959191442146282e-13
3.3116205714950146e-13
3.3144770218453275e-13
3.3117628999497952e-13
3.3330836901939768e-13
3.3273191290635175e-13
3.3276841052386728e-13
3.3294994843085103e-13
3.3358285646963519e-13
3.3391019687281497e-13
3.3426718966584313e-13
3.3442654782559006e-13
3.3534339349102527e-13
3.3596006837419419e-13
3.3736548286655459e-13
3.3690231554636835e-13
3.3796843839773338e-13
3.3822390115650328e-13
3.3792182998470193e-13
3.3896917994833200e-13
3.3850487366512957e-13
3.3974193623115697e-13
3.3948712725255256e-13
3.4036893239580729e-13
3.4066838496898902e-13
3.4180262950581518e-13
3.4207220704860142e-13
3.4216919937811456e-13
3.4264804511526841e-13
3.4333631106356959e-13
3.4350566943762124e-13
3.4448624631856840e-13
3.4461941184600635e-13
3.4484498416900095e-13
3.4591203292918098e-13
3.4623530014606287e-13
3.4757216543622727e-13
3.4700897015600632e-13
3.4719822709734326e-13
3.4775419455183367e-13
3.4842981680483133e-13
3.4835404346599638e-13
3.4925212883787219e-13
3.5012986261252460e-13
3.5076742270142796e-13
3.5072005246541709e-13
3.5263054557272549e-13
3.5188363345529839e-13
3.5194868667091520e-13
3.5310397982925440e-13
3.5253352903870048e-13
3.5405597246283749e-13
3.5466411244629852e-13
3.5410916757475878e-13
3.5451698564530094e-13
3.5542857839752538e-13
3.5516839638426336e-13
3.5617585366041545e-13
3.5781053483731098e-13
3.5776034799320605e-13
3.5725455227759963e-13
3.5810237089762675e-13
3.5800395161323756e-13
3.5818405845650925e-13
3.5961989954672136e-13
3.6062392085784257e-13
3.6007811266828141e-13
3.6070039121715044e-13
3.6082170636436388e-13
3.6141321944115904e-13
3.6266609362338515e-13
3.6228659189104038e-13
3.6277224538058934e-13
3.6357648613200931e-13
3.6421378567894773e-13
3.6406003674313937e-13
3.6439407773852102e-13
3.6546572683404977e-13
3.6553509126080914e-13
3.6646529418917930e-13
3.6733300607546250e-13
3.6744129169730323e-13
3.6803668458271793e-13
3.6890972058181896e-13
3.6813954621166923e-13
3.6904594321941141e-13
3.6957773005784814e-13
3.6903495195950537e-13
3.6927754982018840e-13
3.7048119930695971e-13
3.7067795094037397e-13
3.7136542741299671e-13
3.7250328934051918e-13
3.7260673920513827e-13
3.7345306425979049e-13
3.7449619178882686e-13
3.7451803570691061e-13
3.7504744354667744e-13
3.7488268024165385e-13
3.7596486875350080e-13
3.7745577992346652e-13
3.7692787376952267e-13
3.7745078180649875e-13
3.7807730632653905e-13
3.7851849783218911e-13
3.7910946535090770e-13
3.7877801660262792e-13
3.7852473115276179e-13
3.8015017067933764e-13
3.7974110349155348e-13
3.8015210305251351e-13
3.8082024806294953e-13
3.8129649151224294e-13
3.8143514060989220e-13
3.8142193348824376e-13
3.8170686137488770e-13
3.8292738428375797e-13
3.8324162799241717e-13
3.8353124368484407e-13
3.8505725038965498e-13
3.8462038955992681e-13
3.8509990327329105e-13
3.8492241829678335e-13
3.8585153786098805e-13
3.8632718243450297e-13
3.8619435188668026e-13
3.8648953859032238e-13
3.8774447247380806e-13
3.8929196582829506e-13
3.8842544507269556e-13
3.8863093001041458e-13
3.8966115410354632e-13
3.9043248819661331e-13
3.9141831094779891e-13
3.9172592595229951e-13
3.9151616876508645e-13
3.9171145434566048e-13
3.9289123537947364e-13
3.9324131436725996e-13
3.9349685994311677e-13
3.9362920226117025e-13
3.9560126607804989e-13
3.9543514419632104e-13
3.9499064550761182e-13
3.9574247586020443e-13
3.9606231137204261e-13
3.9685305391368598e-13
3.9763846660596818e-13
3.9839508562378654e-13
3.9828529862931061e-13
3.9848380626949767e-13
3.9893086633535901e-13
3.9916231742956666e-13
4.0015521734468991e-13
4.0064416485666480e-13
4.0095064132565978e-13
4.0154810622593513e-13
4.0302354511167985e-13
4.0276298928853170e-13
4.0375624882729396e-13
4.0369024356854130e-13
4.0420034025537873e-13
4.0525800421061628e-13
4.0631454171520790e-13
4.0615906984178276e-13
4.0714324604233207e-13
4.0714821142859771e-13
4.0637290587060574e-13
4.0702162914951312e-13
4.0852442550305692e-13
4.0816112827501236e-13
4.0994785181497609e-13
4.0954427434923543e-13
4.1021744916348769e-13
4.1150880309517964e-13
4.1060854812523919e-13
4.1088309230974257e-13
4.1148245245541020e-13
4.1262511762311383e-13
4.1218475135097434e-13
4.1283594770507445e-13
4.1424955517370001e-13
4.1341892348946860e-13
4.1399360468531608e-13
4.1457892906111564e-13
4.1560297201200761e-13
4.1514608946053939e-13
4.1605599262411783e-13
4.1728638638406642e-13
4.1769597025992387e-13
4.1693275001025433e-13
4.1842320823054194e-13
4.1811569735718342e-13
4.1862319822809443e-13
4.1967352333031375e-13
4.1972833698150979e-13
4.1995970443685770e-13
4.2071751020092149e-13
4.2087959980463577e-13
4.2125350049163599e-13
4.2209959336131701e-13
4.2240003424857159e-13
4.2240885583787534e-13
4.2290697591048491e-13
4.2342341388906498e-13
4.2382714642666704e-13
4.2456527658148590e-13
4.2506784229984853e-13
4.2536778493608212e-13
4.2534776596470509e-13
4.2686028998041858e-13
4.2661046077679780e-13
4.2698324693104959e-13
4.2715007895821392e-13
4.2854635058522209e-13
4.2800012395556358e-13
4.2856772633610289e-13
4.2969341113211051e-13
4.2915423026598224e-13
4.2945308047178982e-13
4.2997646481229331e-13
4.3111328514596812e-13
4.3082111106249708e-13
4.3204022446998773e-13
4.3275392521949174e-13
4.3242337104316606e-13
4.3302634125526097e-13
4.3316903693189409e-13
4.3427519183530377e-13
4.3400018800221826e-13
4.3558220838662384e-13
4.3482200356236176e-13
4.3616391617383198e-13
4.3610787461437059e-13
4.3715822268158689e-13
4.3719457861633064e-13
4.3732989641737849e-13
4.3806009413330018e-13
4.3786399120820398e-13
4.3915152674414907e-13
4.3900402536102647e-13
4.3873616500499740e-13
4.4041639070099625e-13
4.4067691566910334e-13
4.4103619630017327e-13
4.4149917660422003e-13
4.4227747595855432e-13
4.4243138924018960e-13
4.4324651337418901e-13
4.4437257130690749e-13
4.4267771051086032e-13
4.4378626961247340e-13
4.4410291669243933e-13
4.4541271966004183e-13
4.4520567854782450e-13
4.4571277853586891e-13
4.4679267885696779e-13
4.4688129321451576e-13
4.4606648921661073e-13
4.4815316117397381e-13
4.4750982005397165e-13
4.4733048842922125e-13
4.4859451759764632e-13
4.4947505217038181e-13
4.4916027207429366e-13
4.4914459213400914e-13
4.4968190728631948e-13
4.5112206328532744e-13
4.5143091747264088e-13
4.5158656311431477e-13
4.5151148405466488e-13
4.5265079229546292e-13
4.5298156650899082e-13
4.5316866180750222e-13
4.5500953603266917e-13
4.5457512613820742e-13
4.5492956602817291e-13
4.5571580145918891e-13
4.5633884622209186e-13
4.5632380317898817e-13
4.5654512543917779e-13
4.5797431183197782e-13
4.5857660901119635e-13
4.5784425670358642e-13
4.5924570096026433e-13
4.5871661172996619e-13
4.5908373764241222e-13
4.5988109145886640e-13
4.5967241362769181e-13
4.6136026902163686e-13
4.6179870166067238e-13
4.6146610067022816e-13
4.6336078634375216e-13
4.6282262107981058e-13
4.6367157814435088e-13
4.6386533143030119e-13
4.6357051706983745e-13
4.6618077736775370e-13
4.6615555254057141e-13
4.6634594395512989e-13
4.6585861722410573e-13
4.6611812281591135e-13
4.6806864100285571e-13
4.6765069533779432e-13
4.6795683606569421e-13
4.6911668156990183e-13
4.6927845242686281e-13
4.7003943976783092e-13
4.7050474646442830e-13
4.7070300244050463e-13
4.7169330406304843e-13
4.7159409387806573e-13
4.7196664370078542e-13
4.7338816577191515e-13
4.7335712861967690e-13
4.7379095294082275e-13
4.7384417370117156e-13
4.7491206426466707e-13
4.7534833381218613e-13
4.7508791264375752e-13
4.7543617470808578e-13
4.7691417568673785e-13
4.7636953878664769e-13
4.7750905394429282e-13
4.7953454428625495e-13
4.7864686168034650e-13
4.7814667720264438e-13
4.7825498277336130e-13
4.7962952554728143e-13
4.7986586186825857e-13
4.8037653915782246e-13
4.8086471907684128e-13
4.8115306630419412e-13
4.8149025659924202e-13
4.8204981290546889e-13
4.8247573025474818e-13
4.8218476596328173e-13
4.8403301438992396e-13
4.8425351004220486e-13
4.8585934142457955e-13
4.8589597732573651e-13
4.8498438477210640e-13
4.8579164043371664e-13
4.8671447686980311e-13
4.8711133875056814e-13
4.8805607975724263e-13
4.8884233827469968e-13
4.8908864738777637e-13
4.8866503343951238e-13
4.9111764520037718e-13
4.9069442488954981e-13
4.9108078132845848e-13
4.9087912496601595e-13
4.9227239956700301e-13
4.9268180887282525e-13
4.9226148740409745e-13
4.9356410770849261e-13
4.9394811533246973e-13
4.9392632694869999e-13
4.9593870343241065e-13
4.9581825495385009e-13
4.9614731945794456e-13
4.9647287663717678e-13
4.9745289930327222e-13
4.9755347372702732e-13
4.9744249691137068e-13
4.9882345001215655e-13
4.9891315216420997e-13
4.9906709955814758e-13
4.9919209544870507e-13
4.9887168680023846e-13
4.9977333364079431e-13
5.0159904183919598e-13
5.0142690151680705e-13
5.0228604024032902e-13
5.0328138693390367e-13
5.0331590841527357e-13
5.0373949229559761e-13
5.0555690910484511e-13
5.0524657974860361e-13
5.0554203402279620e-13
5.0609021117420703e-13
5.0701251505475037e-13
5.0724757849235432e-13
5.0762395889364205e-13
5.0876274768561056e-13
5.0932317392564103e-13
5.1044172310459911e-13
5.1035214100313298e-13
5.0981393246604059e-13
5.1022159583125865e-13
5.1134710791542919e-13
5.1154900309959106e-13
5.1225724428368195e-13
5.1223095440571184e-13
5.1296033864483984e-13
5.1299081543972970e-13
5.1394944036268128e-13
5.1398648478697997e-13
5.1550893548704799e-13
5.1612421260019178e-13
5.1664455671793443e-13
5.1616524350479890e-13
5.1634073065344972e-13
5.1819012999335090e-13
5.1758561116328220e-13
5.1803832132195526e-13
5.1877787722337841e-13
5.1925927074021860e-13
5.1902165512421657e-13
5.1960285643613660e-13
5.1927085301523353e-13
5.2064501036078225e-13
5.2111922150225937e-13
5.2149843627390988e-13
5.2225649626169125e-13
5.2305569820791193e-13
5.2357627344788721e-13
5.2335117036169938e-13
5.2307992923254808e-13
5.2353749867635742e-13
5.2446781461021785e-13
5.2530022170831505e-13
5.2453176298861130e-13
5.2549469538093097e-13
5.2602823039550599e-13
5.2643595577259129e-13
5.2755975601900303e-13
5.2819023447617143e-13
5.2717445428972474e-13
5.2819928063775872e-13
5.2833243080326100e-13
5.2933193874424134e-13
5.2975794013080995e-13
5.3102245169368734e-13
5.3091188498778623e-13
5.3088354389693026e-13
5.3153640029064263e-13
5.3304744032150102e-13
5.3362127878416221e-13
5.3344144104615087e-13
5.3391283934889873e-13
5.3466242654356946e-13
5.3477903621036001e-13
5.3536220679864725e-13
5.3602894663113488e-13
5.3646495859241419e-13
5.3738506103293710e-13
5.3767395777438253e-13
5.3882889866323181e-13
5.3971756858127975e-13
5.3949523885531347e-13
5.3897118444479382e-13
5.4141883614874278e-13
5.4153604714567201e-13
5.4173086436337291e-13
5.4183627214419489e-13
5.4192302005959322e-13
5.4289192934337406e-13
5.4358770993005748e-13
5.4321478390073056e-13
5.4477446679195521e-13
5.4478661973839572e-13
5.4562116264570053e-13
5.4658719719698560e-13
5.4605941687473678e-13
5.4683894494634895e-13
5.4703742451792242e-13
5.4744087045512967e-13
5.4899740668786329e-13
5.4970373012254929e-13
5.4854297752605955e-13
5.4972445952346332e-13
5.5001740038733896e-13
5.5057828032938330e-13
5.5131777685129942e-13
5.5164495357372780e-13
5.5197895886240736e-13
5.5284385157906527e-13
5.5426100578361138e-13
5.5406333922345925e-13
5.5462489466673524e-13
5.5581549684955599e-13
5.5608215593060420e-13
5.5643063790801981e-13
5.5752356306619843e-13
5.5670785154541010e-13
5.5737207327985718e-13
5.5799755072599866e-13
5.5911407319229558e-13
5.5881969640635045e-13
5.5953595586294232e-13
5.6061374196095759e-13
5.6098744993765617e-13
5.6164181416786113e-13
5.6223440336031202e-13
5.6191363920210420e-13
5.6296237074535170e-13
5.6299552497807604e-13
5.6313059269900966e-13
5.6358472159710276e-13
5.6462230458321843e-13
5.6489860842291123e-13
5.6521581481121735e-13
5.6628666539638210e-13
5.6586372977484395e-13
5.6670570298584096e-13
5.6762432050590121e-13
5.6774006923567599e-13
5.6811024284300588e-13
5.6857321304298996e-13
5.6915746731435012e-13
5.6949291576688217e-13
5.6946817851878316e-13
5.7044710178169686e-13
5.7137508576828075e-13
5.7198015777400701e-13
5.7235159010922026e-13
5.7153943369359955e-13
5.7288412500745314e-13
5.7331056393865361e-13
5.7389782282404966e-13
5.7468834990555753e-13
5.7505400250265619e-13
5.7511731060067875e-13
5.7581324554893002e-13
5.7701568561710209e-13
5.7699728984706543e-13
5.7747940702543562e-13
5.7804765432205445e-13
5.7861014678219651e-13
5.7823259593682606e-13
5.7920383033865304e-13
5.7961832693108732e-13
5.8032078358945564e-13
5.7985389719716012e-13
5.8112129504847120e-13
5.8211824691101582e-13
5.8226377077571174e-13
5.8244913481191293e-13
5.8413450028841343e-13
5.8413431597401602e-13
5.8466413022096310e-13
5.8478160615205016e-13
5.8533399123902729e-13
5.8643076098427078e-13
5.8761155264400219e-13
5.8704437352405330e-13
5.8699268227534473e-13
5.8905646449646836e-13
5.8891196010595622e-13
5.8926506243640448e-13
5.8993333411994110e-13
5.8967703607786223e-13
5.9073407124041906e-13
5.9139774181732359e-13
5.9099248587559238e-13
5.9242816116833684e-13
5.9247133829021776e-13
5.9388021488247374e-13
5.9510693102254595e-13
5.9462952373782820e-13
5.9456398684191181e-13
5.9624148154577567e-13
5.9602572372407097e-13
5.9660837163884709e-13
5.9712245798090117e-13
5.9693856536522274e-13
5.9793356555727337e-13
5.9879423265418870e-13
5.9934794574895393e-13
6.0006063902867464e-13
6.0202986778448417e-13
6.0113602431855739e-13
6.0196648464633574e-13
6.0174776887767749e-13
6.0145618988385432e-13
6.0288149825943408e-13
6.0402117777460052e-13
6.0424626424789346e-13
6.0531830168121170e-13
6.0514549627892835e-13
6.0547468425631313e-13
6.0695867187205974e-13
6.0582869928661075e-13
6.0688696639699318e-13
6.0710402431085153e-13
6.0882320870277374e-13
6.0835381557841132e-13
6.0965179500301895e-13
6.1039355952973025e-13
6.1000610012298416e-13
6.1132417146425742e-13
6.1190680589865851e-13
6.1212844728894781e-13
6.1276271439971303e-13
6.1315763330124478e-13
6.1257730843287961e-13
6.1454102518461558e-13
6.1418677496740360e-13
6.1501116458288318e-13
6.1427977832262736e-13
6.1564428003710567e-13
6.1741662399196428e-13
6.1565297239505114e-13
6.1662965196349299e-13
6.1722829351348755e-13
6.1830799065842970e-13
6.1851072397562736e-13
6.1768822581634694e-13
6.1916393062938039e-13
6.1955601580251401e-13
6.1986184707796339e-13
6.2051301803012030e-13
6.2051421879406237e-13
6.2134311976583104e-13
6.2148303273224902e-13
6.2190144077065834e-13
6.2421476142161452e-13
6.2401546204835152e-13
6.2365999413726733e-13
6.2461010540515543e-13
6.2461503678544053e-13
6.2424999587502940e-13
6.2533621434046846e-13
6.2611184188009522e-13
6.2529176880494921e-13
6.2662721806417573e-13
6.2723745223758081e-13
6.2766581226328871e-13
6.2823963575098026e-13
6.2852012118210406e-13
6.2865943650963999e-13
6.2955400767025383e-13
6.2996602145161531e-13
6.3077474383716987e-13
6.3085772245079949e-13
6.3158774596505745e-13
6.3322459739209182e-13
6.3313533871864687e-13
6.3383152951738792e-13
6.3482550253495291e-13
6.3456071454329170e-13
6.3562358102463743e-13
6.3594366062668341e-13
6.3647145171003804e-13
6.3713942413401977e-13
6.3738850869495204e-13
6.3678473544232365e-13
6.3902864980276264e-13
6.3905322084218264e-13
6.3912095377857422e-13
6.3903185578765291e-13
6.4052441758315512e-13
6.4040857844935111e-13
6.4032043850952132e-13
6.4178654071492808e-13
6.4259678692215686e-13
6.4165078738362900e-13
6.4269903614894267e-13
6.4342805926691147e-13
6.4391549360411316e-13
6.4413684325967083e-13
6.4457595913429020e-13
6.4490456169969126e-13
6.4603974880322919e-13
6.4512970782204608e-13
6.4621321885409588e-13
6.4703647148418545e-13
6.4758334803253987e-13
6.4808375669766693e-13
6.4839979517730906e-13
6.4956411404183191e-13
6.4966589910662874e-13
6.5067304660106714e-13
6.5093853733219524e-13
6.5158256201524510e-13
6.5205768128572288e-13
6.5170064876605364e-13
6.5216786665296125e-13
6.5249248270419785e-13
6.5274523544367413e-13
6.5312284580949926e-13
6.5468319030396226e-13
6.5463542465856071e-13
6.5365942841054446e-13
6.5538395717461167e-13
6.5623186308871529e-13
6.5691280557442859e-13
6.5719091192954433e-13
6.5748993023300872e-13
6.5822993872145706e-13
6.5913781201823748e-13
6.5948149586110557e-13
6.5848829707269918e-13
6.6020009121543521e-13
6.5993905340519721e-13
6.6126002173415742e-13
6.6302298161694602e-13
6.6295637008017373e-13
6.6219376601312571e-13
6.6228027596363062e-13
6.6419527252367352e-13
6.6377792290842903e-13
6.6446643856022700e-13
6.6493280297247169e-13
6.6474998827569403e-13
6.6606202089788770e-13
6.6716759171628861e-13
6.6716947798754411e-13
6.6719240084149217e-13
6.6883440694850102e-13
6.6765622034951229e-13
6.6822709102032984e-13
6.6927837617153748e-13
6.6979981758414399e-13
6.6961052993152137e-13
6.7062807467880799e-13
6.7152188995113278e-13
6.7138220169175376e-13
6.7155581689570979e-13
6.7360558369639077e-13
6.7339699331016490e-13
6.7360664229637727e-13
6.7408146493082475e-13
6.7389120380137510e-13
6.7506815879385788e-13
6.7579409554730104e-13
6.7623933032485500e-13
6.7609463473127912e-13
6.7623442595995417e-13
6.7801445206841197e-13
6.7840628712571432e-13
6.7950438199866195e-13
6.7856559002017475e-13
6.7983239162386755e-13
6.8071772674515657e-13
6.8161199009906358e-13
6.8105547578495062e-13
6.8352119928160402e-13
6.8286406747476962e-13
6.8300456385409974e-13
6.8471029927262409e-13
6.8394731723667498e-13
6.8582938321313543e-13
6.8581243889071980e-13
6.8518198933497655e-13
6.8618293778474338e-13
6.8666807067760602e-13
6.8783554318752443e-13
6.8739445266795859e-13
6.8865253609820316e-13
6.8846684549453733e-13
6.8882494958577559e-13
6.8957921217800291e-13
6.8924637186436110e-13
6.9044381445731775e-13
6.9129555256421370e-13
6.9305327489612566e-13
6.9280342814081043e-13
6.9244045930339848e-13
6.9322727358406319e-13
6.9389076939482447e-13
6.9453805789071504e-13
6.9439564439695819e-13
6.9527172051245916e-13
6.9573825602749591e-13
6.9601677492801939e-13
6.9743514690332420e-13
6.9741110168830904e-13
6.9842564569305371e-13
6.9967666062428496e-13
6.9940864671516751e-13
6.9950962873813703e-13
7.0146529888794124e-13
7.0120491499793731e-13
7.0176051075249020e-13
7.0212124536045507e-13
7.0301487221889129e-13
7.0344566323802122e-13
7.0461076778342825e-13
7.0426019717719818e-13
7.0342018613004517e-13
7.0487181737669908e-13
7.0549235189655147e-13
7.0591564529419433e-13
7.0617931108662292e-13
7.0663486121499185e-13
7.0669963397424735e-13
7.0788760096114879e-13
7.0835697038799289e-13
7.0898714228535521e-13
7.0835525308632881e-13
7.0954350628729929e-13
7.1006448627159960e-13
7.1058207760826736e-13
7.1172816689378024e-13
7.1147899763879259e-13
7.1111591974180790e-13
7.1343223831393835e-13
7.1280171058955461e-13
7.1364980370900928e-13
7.1359582979722914e-13
7.1508769425178674e-13
7.1511225285097416e-13
7.1447708421820720e-13
7.1519430964632894e-13
7.1705909300267762e-13
7.1611154156352803e-13
7.1760184815562962e-13
7.1858824348895158e-13
7.1824967081828394e-13
7.1893742089946668e-13
7.1931166372601368e-13
7.2180418123327908e-13
7.2069370736670398e-13
7.2125158535779749e-13
7.2172712435623553e-13
7.2156189044539103e-13
7.2283757131509515e-13
7.2278109993875734e-13
7.2315313709412826e-13
7.2467672626004682e-13
7.2464241977073594e-13
7.2518534209033531e-13
7.2621455501720119e-13
7.2627073982439713e-13
7.2704274362290415e-13
7.2856961404495485e-13
7.2738374448305127e-13
7.2801421035406666e-13
7.2883964208550849e-13
7.2964992665424256e-13
7.3018182868982064e-13
7.2976226406341125e-13
7.3083594648626654e-13
7.3110217855478246e-13
7.3179343276901523e-13
7.3213633244927886e-13
7.3304150825314512e-13
7.3388276926719718e-13
7.3442428521600122e-13
7.3363104892526093e-13
7.3579107314469008e-13
7.3661119918634944e-13
7.3576893052604045e-13
7.3610620295616934e-13
7.3675985335831390e-13
7.3675498158141399e-13
7.3712515146728728e-13
7.3740244511586681e-13
7.3754877075056380e-13
7.3886813072430137e-13
7.3949285797581627e-13
7.3945107616879445e-13
7.4002887573082728e-13
7.4090537008038973e-13
7.4087510780327855e-13
7.4063197880592492e-13
7.4152130741527696e-13
7.4293076822680542e-13
7.4357013101053243e-13
7.4382221441767277e-13
7.4392607186076516e-13
7.4439317808900546e-13
7.4573172266250844e-13
7.4615601027756688e-13
7.4570934076453410e-13
7.4752245029119861e-13
7.4706918102602722e-13
7.4570236505682577e-13
7.4760973653067905e-13
7.4824930006225036e-13
7.4905535967840776e-13
7.4878763650339502e-13
7.5017920846653333e-13
7.5051071342690657e-13
7.5015900565126951e-13
7.5154243965152337e-13
7.5139363950520149e-13
7.5127960381038616e-13
7.5300731944513979e-13
7.5317532767709054e-13
7.5331072106873585e-13
7.5465467885590262e-13
7.5526017578762372e-13
7.5504870183429669e-13
7.5620861949359526e-13
7.5586696977283595e-13
7.5732462123539904e-13
7.5638164862518896e-13
7.5832072359751109e-13
7.5799921890113965e-13
7.5923661771291935e-13
7.5830138267675832e-13
7.5917893980707629e-13
7.5979112774236998e-13
7.6111267747798856e-13
7.6082857956757935e-13
7.6133490475011420e-13
7.6219662142214405e-13
7.6232932539527415e-13
7.6288517999302953e-13
7.6291711466478527e-13
7.6360178572511498e-13
7.6434458673249481e-13
7.6441570370593639e-13
7.6527387112916081e-13
7.6596159493391882e-13
7.6690084933201013e-13
7.6755579713181293e-13
7.6768288078132520e-13
7.6695664113502811e-13
7.6864007659572317e-13
7.6980377262189075e-13
7.7019117978739922e-13
7.7038856464057408e-13
7.6954707211380792e-13
7.7143164713401549e-13
7.7180134975529951e-13
7.7104387461788833e-13
7.7357648842706400e-13
7.7276761300417293e-13
7.7324008853190256e-13
7.7541965337867136e-13
7.7448719494825206e-13
7.7561619171206750e-13
7.7512716613058904e-13
7.7626492050678882e-13
7.7637530327871068e-13
7.7761928855061547e-13
7.7724578235797211e-13
7.7795088195003445e-13
7.7967412895157326e-13
7.7971997038313919e-13
7.8035598597291718e-13
7.8010105223533916e-13
7.8132010259810615e-13
7.8210038216085792e-13
7.8190290308154756e-13
7.8286159619937860e-13
7.8382101872999011e-13
7.8430484742114102e-13
7.8583618310514804e-13
7.8596016021446484e-13
7.8474819285301343e-13
7.8678828025623806e-13
7.8567177165001428e-13
7.8654586740290613e-13
7.8716064999626963e-13
7.8651408063767085e-13
7.8859502039300975e-13
7.8785314544528992e-13
7.8801819181611613e-13
7.8958402717841907e-13
7.8903430445997094e-13
7.9037845574536008e-13
7.9135597896841401e-13
7.9216478647954475e-13
7.9365576231469786e-13
7.9281973632522652e-13
7.9331656564549305e-13
7.9394724798188640e-13
7.9513578205819259e-13
7.9522733478702643e-13
7.9548322399889467e-13
7.9664574406908614e-13
7.9655772113951919e-13
7.9687369933783680e-13
7.9720760287663490e-13
7.9780507888388671e-13
7.9816469512841388e-13
7.9897069148854493e-13
7.9879207361832228e-13
8.0014907536123463e-13
8.0050206509211055e-13
8.0179787037542975e-13
8.0194462069014511e-13
8.0084547734013917e-13
8.0182261033032363e-13
8.0263269449641107e-13
8.0299975321829154e-13
8.0271621046618206e-13
8.0316971668090720e-13
8.0498719549772074e-13
8.0493680508680420e-13
8.0580087711081191e-13
8.0624562170267029e-13
8.0592627217905324e-13
8.0711842651336409e-13
8.0731233716817340e-13
8.0762277374069520e-13
8.0877202443520947e-13
8.0991451402835079e-13
8.0869229656610456e-13
8.1005093258588073e-13
8.1006917823996673e-13
8.1124908280789187e-13
8.1164609600870940e-13
8.1292429220187745e-13
8.1228876256174972e-13
8.1330090843366553e-13
8.1376313444888762e-13
8.1280325689457523e-13
8.1367112769808933e-13
8.1408907672044378e-13
8.1478323298462413e-13
8.1576219419444217e-13
8.1563876257098924e-13
8.1595840929707436e-13
8.1612025891916523e-13
8.1719657423810368e-13
8.1774108297685406e-13
8.1820026628133999e-13
8.1823861251616310e-13
8.1930957963052539e-13
8.1945072338201414e-13
8.2038810215247331e-13
8.2189368195109832e-13
8.2046332191913029e-13
8.2124520743499431e-13
8.2190879309759420e-13
8.2288197750986929e-13
8.2281113212299205e-13
8.2360280915679845e-13
8.2465848802794093e-13
8.2492684632690883e-13
8.2423918308350254e-13
8.2573824740820340e-13
8.2526712734706787e-13
8.2529555433279657e-13
8.2654568294849218e-13
8.2564998415743152e-13
8.2771062715338698e-13
8.2872867564211832e-13
8.2889444954194536e-13
8.2851583886775264e-13
8.2904030933193051e-13
8.3003734360379052e-13
8.3013260226738315e-13
8.3093368079453598e-13
8.3149137210998514e-13
8.3200759474028204e-13
8.3253750477444548e-13
8.3293226275392946e-13
8.3288019877448991e-13
8.3419265443415501e-13
8.3434673675486638e-13
8.3576827086129884e-13
8.3606319865474391e-13
8.3574456319930148e-13
8.3642270092425198e-13
8.3686688559944689e-13
8.3843120026648482e-13
8.3779982332376627e-13
8.3860813858822459e-13
8.3958089801099429e-13
8.3970376747405603e-13
8.3979939642777970e-13
8.4110780647862657e-13
8.4108207413717062e-13
8.4163720834812205e-13
8.4225464809921421e-13
8.4244001259301672e-13
8.4275746919898569e-13
8.4376290499262569e-13
8.4405735501612807e-13
8.4377005980478291e-13
8.4513796979110395e-13
8.4545434003725291e-13
8.4586528636439635e-13
8.4633478362082366e-13
8.4724217183853658e-13
8.4747797466832166e-13
8.4809834405899653e-13
8.4919996828224940e-13
8.4893501780796747e-13
8.4894224772482377e-13
8.5034127059071013e-13
8.4970607198260434e-13
8.4958853836364450e-13
8.5132157088320827e-13
8.5240647679708551e-13
8.5255260802880953e-13
8.5385322878955287e-13
8.5297882003211308e-13
8.5375428667771010e-13
8.5562757995909153e-13
8.5447540389407136e-13
8.5435280150950798e-13
8.5639842482989348e-13
8.5668109263247643e-13
8.5738283031181376e-13
8.5747122124741445e-13
8.5797773463190839e-13
8.5887203553509851e-13
8.5908246927068225e-13
8.5955641034685641e-13
8.6092874989548144e-13
8.6058451655177786e-13
8.6148969733288418e-13
8.6123442248834088e-13
8.6169115629957954e-13
8.6192884097880357e-13
8.6181931675231961e-13
8.6299678050814896e-13
8.6250225111559341e-13
8.6267358386664920e-13
8.6361539440795743e-13
8.6346082442898467e-13
8.6453657752570685e-13
8.6577964356158373e-13
8.6395658633389903e-13
8.6638177756015258e-13
8.6616280766841717e-13
8.6551219924278054e-13
8.6664287344942922e-13
8.6719947577677104e-13
8.6797144291917352e-13
8.6764359542477193e-13
8.6879422234135154e-13
8.6912637442855156e-13
8.7077112223909425e-13
8.7058612542763684e-13
8.7092199639141401e-13
8.7173136679917626e-13
8.7198959260810208e-13
8.7299246959967394e-13
8.7398432252244841e-13
8.7289326068858371e-13
8.7381940373294177e-13
8.7435457476409724e-13
8.7537447597713274e-13
8.7562846657278560e-13
8.7590685246712560e-13
8.7610834276532513e-13
8.7731464182286181e-13
8.7807289162880747e-13
8.7728750720528543e-13
8.7842972782691707e-13
8.7850812368376277e-13
8.7918055955458959e-13
8.7980620945851727e-13
8.7941467396815253e-13
8.8101936997833570e-13
8.8115197932635823e-13
8.8124462102803827e-13
8.8253128834030152e-13
8.8364102159451766e-13
8.8300631575558809e-13
8.8396731267571073e-13
8.8466597799408302e-13
8.8497442821937073e-13
8.8559020019262280e-13
8.8620674541750570e-13
8.8637190751782774e-13
8.8769983886669670e-13
8.8677085220988435e-13
8.8802250922913502e-13
8.8847639303568603e-13
8.8877428677935414e-13
8.8834985028608995e-13
8.8948296286149212e-13
8.9075752079057128e-13
8.9117843789538269e-13
8.9192514263330692e-13
8.9319949384682545e-13
8.9301936246525054e-13
8.9361767914657841e-13
8.9388572554855736e-13
8.9449896997494885e-13
8.9468946457867599e-13
8.9458176909283125e-13
8.9559721275961500e-13
8.9505840392606163e-13
8.9636885633097685e-13
8.9773865479324346e-13
8.9735521388707525e-13
8.9929949896474240e-13
8.9749435483608240e-13
8.9812104949941488e-13
8.9791726534637656e-13
8.9807640795546607e-13
8.9996569969927521e-13
9.0005844451743975e-13
9.0084054751242934e-13
9.0134364685377751e-13
9.0100653631301292e-13
9.0104532805195174e-13
9.0286671602360946e-13
9.0293903317497069e-13
9.0328557107948293e-13
9.0363040550891745e-13
9.0365982143302474e-13
9.0568706398536412e-13
9.0552692049144391e-13
9.0624870388297165e-13
9.0619866890925100e-13
9.0808906523576900e-13
9.0781585320840468e-13
9.0755442039658362e-13
9.0842516936692864e-13
9.0830948270039405e-13
9.0901537238162203e-13
9.0960216935085758e-13
9.0952708085599666e-13
9.0983540373800582e-13
9.1160135111396010e-13
9.1123617741324903e-13
9.1170510116778875e-13
9.1247661685837449e-13
9.1275611156852801e-13
9.1320585880127152e-13
9.1346491660419579e-13
9.1415628741137060e-13
9.1419683174181509e-13
9.1492548405858659e-13
9.1518663992237857e-13
9.1534716175358613e-13
9.1588619883771478e-13
9.1574781384061396e-13
9.1601280431957336e-13
9.1631262367565078e-13
9.1861859116117790e-13
9.1821240089226631e-13
9.1868689961189258e-13
9.1948075920045496e-13
9.1961883468124858e-13
9.2098177573042592e-13
9.2036820036927961e-13
9.2075727666120672e-13
9.2021648137214856e-13
9.2107957053488461e-13
9.2342115508659448e-13
9.2255825047084294e-13
9.2342531188896228e-13
9.2351444091277021e-13
9.2398659334443375e-13
9.2497740160344910e-13
9.2458078727632068e-13
9.2569811022727654e-13
9.2601340735927945e-13
9.2625097633795290e-13
9.2717891121829320e-13
9.2758068518222131e-13
9.2678006892599283e-13
9.2842590851454281e-13
9.2957346184505292e-13
9.2823235044869834e-13
9.2964642104289734e-13
9.3090691516932330e-13
9.3127091893790677e-13
9.3212906624953283e-13
9.3222453303410462e-13
9.3243843980207062e-13
9.3317793426428966e-13
9.3326955076132995e-13
9.3382175689444252e-13
9.3540925616823708e-13
9.3534213264901036e-13
9.3515791127960732e-13
9.3567739870036519e-13
9.3660650499830124e-13
9.3637278745799410e-13
9.3691120024278112e-13
9.3823007688930978e-13
9.3707621451405223e-13
9.3778821716049467e-13
9.3858248049404178e-13
9.3957645182200312e-13
9.3856990905458743e-13
9.3935037002808456e-13
9.4087423896494316e-13
9.4118206813483937e-13
9.4026898553838845e-13
9.4103935014041353e-13
9.4189637093138532e-13
9.4285776216413438e-13
9.4271770851458902e-13
9.4263535007872761e-13
9.4382054153550484e-13
9.4439669047008832e-13
9.4373982621804938e-13
9.4601950587493414e-13
9.4615975190581296e-13
9.4638270572504061e-13
9.4607627703571452e-13
9.4710376579509843e-13
9.4659372791649832e-13
9.4844180292231094e-13
9.4886536823752478e-13
9.5005340277479364e-13
9.4851689056806308e-13
9.4979101824176852e-13
9.5038767269442854e-13
9.5024416546837860e-13
9.5188083534333118e-13
9.5218587000054809e-13
9.5171080409870523e-13
9.5289358482811518e-13
9.5351566039032945e-13
9.5401021861895025e-13
9.5417333524839869e-13
9.5543237730800865e-13
9.5508453673528001e-13
9.5572262535998148e-13
9.5629248157132430e-13
9.5620384310708144e-13
9.5716373065174775e-13
9.5764059872095854e-13
9.5820253200768385e-13
9.5887704196959588e-13
9.5806217995590956e-13
9.5930436553831038e-13
9.5987563219841573e-13
9.6098650057812607e-13
9.6164193719435923e-13
9.6127164781903163e-13
9.6226516640231575e-13
9.6372871916601959e-13
9.6223394867999613e-13
9.6303312648097295e-13
9.6363227048801178e-13
9.6451194443287355e-13
9.6549286250435804e-13
9.6390884117555909e-13
9.6544265338234202e-13
9.6540765268363935e-13
9.6651137142687205e-13
9.6746785735702180e-13
9.6743248236912192e-13
9.6807752559230720e-13
9.6957135325366147e-13
9.6897633120027877e-13
9.6998043643436309e-13
9.7033676589874623e-13
9.7045746178803381e-13
9.7145132931791796e-13
9.7265271552297744e-13
9.7136598278536398e-13
9.7239573251200028e-13
9.7313292116451576e-13
9.7347800664245769e-13
9.7409921157788507e-13
9.7433449992049425e-13
9.7493363623064515e-13
9.7581818961709743e-13
9.7674153743686792e-13
9.7695091724813558e-13
9.7725005467357241e-13
9.7857224023899233e-13
9.7878673053327329e-13
9.7958588088525931e-13
9.7939403742234220e-13
9.8048470560577309e-13
9.8042774843090563e-13
9.8302478651759067e-13
9.8163586519421195e-13
9.8151943708317521e-13
9.8308399175911942e-13
9.8300179323753715e-13
9.8316546418758734e-13
9.8542266330167552e-13
9.8464595012311373e-13
9.8514740643860810e-13
9.8568868437080771e-13
9.8633711557934135e-13
9.8669875334963226e-13
9.8741426826637679e-13
9.8774651701017433e-13
9.8755851671615981e-13
9.8881421228013971e-13
9.8860113717846474e-13
9.8892788601587309e-13
9.9106567493972311e-13
9.9044321775903521e-13
9.9094869363566246e-13
9.9152528776346149e-13
9.9169357847664782e-13
9.9225729964123152e-13
9.9300108916304857e-13
9.9378260318286571e-13
9.9352020066074293e-13
9.9442543420906580e-13
9.9592323899080798e-13
9.9460740773577295e-13
9.9525174452880026e-13
9.9568698391837928e-13
9.9638660523415154e-13
9.9620601854368829e-13
9.9679277101568064e-13
9.9835611041286375e-13
9.9769383686915963e-13
9.9827197758198499e-13
9.9757990298363867e-13
9.9847877916291073e-13
1.0002139270610290e-12
1.0004148306670060e-12
1.0006899978876887e-12
1.0005087748410854e-12
1.0019679965690154e-12
1.0036516289770618e-12
1.0022012958263957e-12
1.0025888135633645e-12
1.0031602823163565e-12
1.0044321808677725e-12
1.0040626198966563e-12
1.0056162133280972e-12
1.0053241748900498e-12
1.0057130138843464e-12
1.0058884404553154e-12
1.0063087410936951e-12
1.0067399054384689e-12
1.0085105784806920e-12
1.0079362112652117e-12
1.0089220110874522e-12
1.0096520100414884e-12
1.0093759435932402e-12
1.0103637356124452e-12
1.0105131231054144e-12
1.0110993182747534e-12
1.0127468387977758e-12
1.0126146597938341e-12
1.0131013996228321e-12
1.0140723019362582e-12
1.0138213385024256e-12
1.0146183168088945e-12
1.0144288672790512e-12
1.0151505874496938e-12
1.0158961944709777e-12
1.0150855870111798e-12
1.0161176297627730e-12
1.0171048150453223e-12
1.0171097210080465e-12
1.0178863938428269e-12
1.0194054026546764e-12
1.0191174205157270e-12
1.0196574142965469e-12
1.0197247724075248e-12
1.0207877204759289e-12
1.0214793773809350e-12
1.0211108431871353e-12
1.0224742773623820e-12
1.0227428348494709e-12
1.0222882319153275e-12
1.0234553717693212e-12
1.0235824077664296e-12
1.0242806824943908e-12
1.0246625488360164e-12
1.0267921601672198e-12
1.0261730472594721e-12
1.0257524461112076e-12
1.0258598254658395e-12
1.0278459349610456e-12
1.0273993516520841e-12
1.0277833135808748e-12
1.0285029231086313e-12
1.0282061368453931e-12
1.0298015864546562e-12
1.0301400141596403e-12
1.0299200945225295e-12
1.0310490688200111e-12
1.0321446372366201e-12
1.0316711607247822e-12
1.0320180374345434e-12
1.0315831856496258e-12
1.0312934377794908e-12
1.0339047493921071e-12
1.0326258047302033e-12
1.0347903694203607e-12
1.0344486071495158e-12
1.0348830498354271e-12
1.0347621162583106e-12
1.0352445545508044e-12
1.0370112991232495e-12
1.0363218850436220e-12
1.0361056880709203e-12
1.0351122782208413e-12
1.0380877161247066e-12
1.0378430716783382e-12
1.0378112456750899e-12
1.0378453801779107e-12
1.0395166647113493e-12
1.0393326978518741e-12
1.0399943937632876e-12
1.0400594484780254e-12
1.0394925784066530e-12
1.0414200535857149e-12
1.0419186401929696e-12
1.0430116207006829e-12
1.0428355392651502e-12
1.0436387683551972e-12
1.0440942551895923e-12
1.0446408527662945e-12
1.0454902945424887e-12
1.0456889333803965e-12
1.0447695783846657e-12
1.0459164841040278e-12
1.0464066729781667e-12
1.0466899298788625e-12
1.0470394260483598e-12
1.0466657318907661e-12
1.0476528884226036e-12
1.0468856673763163e-12
1.0491700369853086e-12
1.0497059765483861e-12
1.0495013644191139e-12
1.0506208492525481e-12
1.0504636068264544e-12
1.0519530672711230e-12
1.0511064157988883e-12
1.0501659782162342e-12
1.0536184788013138e-12
1.0521391170524070e-12
1.0542676695021273e-12
1.0536201779001817e-12
1.0548021604259776e-12
1.0538239944756627e-12
1.0551878304033669e-12
1.0557804112122175e-12
1.0567375674453888e-12
1.0560772003807716e-12
1.0568748265653029e-12
1.0581329077556849e-12
1.0580133587037014e-12
1.0588202234910378e-12
1.0600764280436339e-12
1.0592930726295524e-12
1.0601093658589097e-12
1.0613295284408010e-12
1.0601907768870575e-12
1.0616912451281487e-12
1.0620697145934299e-12
1.0616819685610083e-12
1.0628138297540095e-12
1.0628263329268235e-12
1.0632885084843335e-12
1.0638217316169435e-12
1.0632487390221973e-12
1.0650360261677611e-12
1.0654076200859478e-12
1.0646469345025381e-12
1.0661677571972777e-12
1.0661186195098580e-12
1.0671530042586625e-12
1.0675524491217535e-12
1.0674860425526388e-12
1.0700225172561493e-12
1.0704370790039736e-12
1.0697677675645730e-12
1.0704183017949327e-12
1.0709240922629484e-12
1.0700451833399602e-12
1.0716099948360705e-12
1.0714762476497614e-12
1.0714945375982108e-12
1.0727441507643972e-12
1.0731688230674065e-12
1.0739332749148183e-12
1.0744569729445940e-12
1.0738759515595549e-12
1.0756258768821234e-12
1.0757589845746968e-12
1.0757313139439496e-12
1.0767912097770220e-12
1.0771189075889919e-12
1.0765345932679398e-12
1.0784234409434038e-12
1.0789906430826720e-12
1.0793420102034850e-12
1.0792260962245732e-12
1.0807349298527453e-12
1.0804539591550439e-12
1.0807654590042171e-12
1.0815884031731712e-12
1.0829184636658960e-12
1.0823250635975629e-12
1.0834744115502916e-12
1.0842552475233762e-12
1.0843956576669061e-12
1.0846751419739247e-12
1.0853540498422439e-12
1.0865202975424356e-12
1.0867119162703460e-12
1.0862382668502037e-12
1.0867070663617087e-12
1.0885319322803253e-12
1.0880663057843883e-12
1.0885458779031698e-12
1.0893248025012267e-12
1.0899184487970223e-12
1.0912093564166535e-12
1.0902792700031318e-12
1.0906968799579285e-12
1.0898956583249593e-12
1.0906855472710727e-12
1.0930916594511814e-12
1.0926845435244284e-12
1.0935488899110870e-12
1.0936310163143380e-12
1.0942992992993815e-12
1.0941528748568264e-12
1.0943865658642651e-12
1.0963635679803222e-12
1.0960230739700892e-12
1.0964657431315531e-12
1.0976686551099328e-12
1.0973678507093885e-12
1.0982814817886496e-12
1.0985192977516864e-12
1.0983406452182007e-12
1.0991115899414935e-12
1.1004260920846632e-12
1.1008027865354179e-12
1.1004248106673818e-12
1.1004706447759825e-12
1.1017156863296210e-12
1.1013336486274850e-12
1.1024005645766811e-12
1.1022612291116431e-12
1.1028145759594191e-12
1.1029227991662628e-12
1.1035955520557962e-12
1.1046882693625687e-12
1.1046464036824684e-12
1.1045493373293845e-12
1.1046567215564178e-12
1.1064219460050658e-12
1.1067176045330770e-12
1.1079891157648505e-12
1.1070257898053921e-12
1.1076857468788331e-12
1.1090885905624553e-12
1.1079718258875880e-12
1.1082378135958932e-12
1.1093063263348112e-12
1.1093450174052855e-12
1.1103271345249316e-12
1.1112405378671740e-12
1.1110147955077298e-12
1.1124817496999093e-12
1.1123164866900050e-12
1.1121671011062640e-12
1.1135112096507647e-12
1.1133071738057626e-12
1.1137549981185596e-12
1.1141048015123269e-12
1.1158146118338204e-12
1.1156929778733942e-12
1.1140181038443240e-12
1.1153555905734310e-12
1.1168537575567731e-12
1.1178813147544008e-12
1.1163356852139533e-12
1.1177222460459766e-12
1.1182220793673295e-12
1.1191037720976283e-12
1.1193184826870979e-12
1.1188891281814115e-12
1.1209411797216674e-12
1.1212875674026484e-12
1.1218206547261396e-12
1.1217197959992627e-12
1.1223793386602682e-12
1.1236566430847125e-12
1.1239678156380878e-12
1.1234182427566587e-12
1.1247261712143922e-12
1.1245439649624022e-12
1.1246112463868586e-12
1.1244345099489997e-12
1.1257037126764480e-12
1.1261528985471108e-12
1.1265803441172941e-12
1.1277873196305980e-12
1.1283572737883766e-12
1.1283467386046396e-12
1.1286708553365207e-12
1.1291693602017562e-12
1.1302066755124182e-12
1.1300003960110136e-12
1.1307304880250303e-12
1.1324226015352194e-12
1.1310348335578142e-12
1.1316333955176531e-12
1.1321808354582943e-12
1.1332929919038347e-12
1.1329157603536937e-12
1.1333371209138989e-12
1.1340002596751063e-12
1.1345472091199512e-12
1.1342675646542188e-12
1.1349111072169849e-12
1.1358564480875812e-12
1.1356407596906931e-12
1.1360352839963834e-12
1.1368345428950292e-12
1.1377759303744478e-12
1.1376778133478953e-12
1.1381283619177448e-12
1.1386306980836675e-12
1.1382677182845013e-12
1.1398770822317906e-12
1.1396388570079530e-12
1.1406422442141262e-12
1.1424861589042389e-12
1.1408209157741371e-12
1.1428494858378083e-12
1.1415189050130236e-12
1.1428088204061464e-12
1.1427219938959175e-12
1.1437142312469189e-12
1.1447384110620030e-12
1.1451281809449042e-12
1.1460262875370412e-12
1.1462711593017310e-12
1.1470788017367409e-12
1.1472884999068113e-12
1.1475105229048665e-12
1.1477518723237021e-12
1.1483305510395889e-12
1.1484640485881419e-12
1.1479231075610286e-12
1.1482649718076651e-12
1.1496153359171241e-12
1.1499293905446347e-12
1.1502864442892815e-12
1.1507893378712001e-12
1.1524074647866355e-12
1.1518556784491715e-12
1.1518289059720460e-12
1.1524313838372559e-12
1.1535392642219406e-12
1.1531801986332299e-12
1.1538039834539463e-12
1.1543057237116544e-12
1.1542822921436978e-12
1.1562462531533883e-12
1.1552127504694774e-12
1.1561623496134986e-12
1.1571959903490048e-12
1.1568580432774782e-12
1.1576993782373715e-12
1.1583821587449688e-12
1.1592021988361490e-12
1.1602577968989119e-12
1.1588890800930150e-12
1.1601842913326734e-12
1.1614008705442664e-12
1.1611107442300436e-12
1.1618827935592283e-12
1.1615225069847492e-12
1.1628983566606866e-12
1.1632787205571882e-12
1.1635378994132021e-12
1.1641633378533187e-12
1.1641657979231032e-12
1.1658526150834357e-12
1.1661441853458734e-12
1.1663563512467280e-12
1.1673660673101508e-12
1.1669964483151823e-12
1.1690049790117969e-12
1.1688296955181442e-12
1.1696934497069666e-12
1.1697282353657869e-12
1.1689526108869755e-12
1.1715970682265973e-12
1.1712405648508912e-12
1.1715801594582907e-12
1.1718740632242134e-12
1.1720345525640111e-12
1.1741172143582342e-12
1.1737408533883496e-12
1.1744240754835397e-12
1.1745943197555085e-12
1.1741695282895094e-12
1.1755867479578272e-12
1.1762970345688177e-12
1.1765321895621731e-12
1.1766053467821003e-12
1.1781003628736734e-12
1.1772911184700324e-12
1.1781340312174215e-12
1.1788006144285227e-12
1.1785677538606026e-12
1.1797230904155385e-12
1.1810748893989843e-12
1.1799529238411457e-12
1.1806254778845309e-12
1.1810066561170664e-12
1.1816686251553611e-12
1.1819210352424198e-12
1.1820035890519993e-12
1.1825290788062565e-12
1.1831978535683695e-12
1.1835064046228742e-12
1.1846093568314573e-12
1.1846533581506675e-12
1.1861422229479619e-12
1.1862056532178210e-12
1.1862286847884447e-12
1.1870033426681158e-12
1.1873313040948963e-12
1.1867570668550954e-12
1.1878341263039428e-12
1.1883268624233099e-12
1.1890580741991949e-12
1.1896039792478065e-12
1.1908026622682608e-12
1.1920500619929379e-12
1.1911858214163580e-12
1.1917411634033614e-12
1.1926894987712742e-12
1.1923237161199025e-12
1.1918420497114776e-12
1.1937236539123581e-12
1.1949104082910498e-12
1.1949972824478917e-12
1.1953714123816269e-12
1.1955424086264190e-12
1.1965971331412856e-12
1.1964521678163870e-12
1.1970019291908996e-12
1.1969823111283800e-12
1.1977563152101507e-12
1.1984235225968732e-12
1.1981147618909543e-12
1.1992402458533717e-12
1.1996317271663983e-12
1.1998699143251619e-12
1.1998481569088097e-12
1.2005002287124459e-12
1.2005333738763836e-12
1.2008126601210204e-12
1.2024739026747288e-12
1.2024734177709382e-12
1.2032608804940609e-12
1.2032936842840011e-12
1.2041747467120754e-12
1.2048076107331535e-12
1.2042379771721221e-12
1.2045368702977085e-12
1.2059509457662676e-12
1.2055322480884556e-12
1.2063538032307213e-12
1.2077040708563202e-12
1.2073343534962095e-12
1.2077231371097089e-12
1.2087148129656808e-12
1.2081765867731353e-12
1.2094835429560852e-12
1.2094630709243609e-12
1.2092040532405144e-12
1.2105109857879072e-12
1.2114061677577678e-12
1.2100951390623050e-12
1.2113209391761822e-12
1.2115227460441946e-12
1.2122355161158425e-12
1.2133189066432298e-12
1.2130422636090104e-12
1.2133714973353824e-12
1.2140451996289050e-12
1.2143926303020893e-12
1.2141767177703806e-12
1.2152571934742504e-12
1.2171580084701149e-12
1.2167399331775825e-12
1.2167460018923071e-12
1.2178512185120119e-12
1.2176373996994543e-12
1.2183711914409728e-12
1.2193578972344432e-12
1.2188801159564748e-12
1.2198826654510819e-12
1.2200488006472585e-12
1.2202737356929997e-12
1.2212285405393974e-12
1.2220525037171298e-12
1.2207756062458817e-12
1.2222459530964049e-12
1.2225432778810741e-12
1.2231557282208644e-12
1.2234358828755520e-12
1.2235226218117482e-12
1.2238137481927693e-12
1.2249152772716105e-12
1.2244206494408670e-12
1.2256809381568000e-12
1.2260131504201322e-12
1.2265732412069289e-12
1.2273964480368714e-12
1.2270764350581122e-12
1.2281693852628333e-12
1.2283582999154626e-12
1.2287924015548035e-12
1.2291127154846986e-12
1.2293520356840368e-12
1.2305545788209252e-12
1.2307491007028851e-12
1.2311829845891794e-12
1.2322581266410762e-12
1.2323750244460812e-12
1.2328515610940907e-12
1.2323440877093517e-12
1.2326994920686416e-12
1.2336289645684365e-12
1.2346905552933218e-12
1.2348322571274861e-12
1.2348000953258372e-12
1.2358533210234745e-12
1.2363214190025552e-12
1.2363815241861689e-12
1.2375359658396324e-12
1.2368440702929006e-12
1.2391075375109070e-12
1.2399134220031370e-12
1.2397559478558859e-12
1.2392082498933350e-12
1.2398236493626131e-12
1.2419724402154104e-12
1.2413164152664358e-12
1.2417036342960388e-12
1.2420774216738054e-12
1.2424397592453120e-12
1.2441327595048404e-12
1.2431056239097639e-12
1.2437842426310292e-12
1.2447837646590355e-12
1.2434990697951762e-12
1.2447922538681184e-12
1.2459366090702403e-12
1.2463959621713428e-12
1.2456777300544343e-12
1.2476719532886591e-12
1.2471307725376174e-12
1.2471079536094831e-12
1.2474419829542519e-12
1.2479323120383900e-12
1.2493571701666333e-12
1.2491741187432547e-12
1.2494135157381494e-12
1.2504733551719071e-12
1.2502196575464803e-12
1.2503730204684051e-12
1.2507709227328283e-12
1.2514291165886010e-12
1.2524683435133644e-12
1.2520286777977113e-12
1.2536358472113986e-12
1.2536186963841931e-12
1.2544021954661912e-12
1.2537923122682915e-12
1.2541145859902482e-12
1.2539910593568290e-12
1.2551204530246098e-12
1.2555404547731261e-12
1.2560402291585983e-12
1.2572185667774452e-12
1.2570623355067906e-12
1.2568802452279104e-12
1.2578060230645583e-12
1.2583677167177539e-12
1.2585823529639315e-12
1.2601483329546551e-12
1.2599631828682390e-12
1.2605955132491703e-12
1.2615696256332987e-12
1.2616836167624219e-12
1.2624059772439210e-12
1.2618706001980309e-12
1.2628824997807794e-12
1.2633545928088550e-12
1.2631527231901790e-12
1.2643021052241270e-12
1.2645137672424355e-12
1.2657173350685764e-12
1.2665622823066070e-12
1.2652145889268224e-12
1.2664117282772597e-12
1.2667447258937713e-12
1.2674710748061605e-12
1.2676814492273567e-12
1.2683822473882018e-12
1.2679867452429559e-12
1.2687676921329345e-12
1.2704801319859041e-12
1.2702546877931138e-12
1.2703649421355877e-12
1.2705836614256125e-12
1.2712814992974400e-12
1.2718188782192190e-12
1.2721286664903069e-12
1.2727952220100618e-12
1.2739059337441340e-12
1.2735475426931689e-12
1.2745413236902285e-12
1.2757369440358485e-12
1.2752835909983417e-12
1.2757310989172748e-12
1.2753231743463523e-12
1.2761204938484899e-12
1.2780027331988860e-12
1.2772893384383949e-12
1.2767751585421051e-12
1.2782103561866711e-12
1.2784332284627496e-12
1.2789665540290528e-12
1.2796171469462908e-12
1.2809396435277657e-12
1.2801321876767811e-12
1.2806649971729794e-12
1.2804207035493077e-12
1.2828659177420017e-12
1.2832148789867134e-12
1.2828860423313545e-12
1.2823375673041291e-12
1.2845193535839790e-12
1.2836187480311520e-12
1.2823643859767379e-12
1.2839894931176402e-12
1.2837587871006891e-12
1.2844805260192573e-12
1.2852055633850447e-12
1.2861404047223322e-12
1.2869179262647020e-12
1.2863099538034320e-12
1.2876107335968661e-12
1.2883334321541203e-12
1.2876181058062637e-12
1.2877755123027867e-12
1.2899474474314805e-12
1.2893368509686730e-12
1.2893823221849952e-12
1.2894970073190944e-12
1.2898813823650610e-12
1.2915160867552942e-12
1.2905852856843866e-12
1.2912290162535237e-12
1.2914189922050338e-12
1.2914448188108371e-12
1.2930777382335918e-12
1.2935550394087117e-12
1.2929495953485762e-12
1.2938032935381045e-12
1.2936025329193037e-12
1.2949643590793350e-12
1.2955927009021710e-12
1.2969695859460894e-12
1.2964127360244981e-12
1.2978512257490551e-12
1.2978726451126243e-12
1.2975367124752769e-12
1.2976445516515022e-12
1.2995210654072364e-12
1.2993109864019278e-12
1.2989950936242930e-12
1.2992730733125309e-12
1.2990945592034190e-12
1.2999806107906802e-12
1.3004589088590099e-12
1.3006191375343212e-12
1.3019339952159928e-12
1.3032534788160315e-12
1.3019179552264056e-12
1.3037203678427021e-12
1.3021476843482493e-12
1.3031747506728837e-12
1.3021097931698559e-12
1.3050129186305534e-12
1.3046896740559407e-12
1.3057888625715045e-12
1.3054722053660819e-12
1.3067585015443132e-12
1.3065897061898125e-12
1.3066072702444991e-12
1.3078322467103831e-12
1.3081284934672724e-12
1.3078007824087059e-12
1.3087567652171410e-12
1.3100544923541523e-12
1.3095055845299087e-12
1.3092036473389525e-12
1.3105471626803608e-12
1.3104694549623890e-12
1.3109615694175273e-12
1.3116607115041453e-12
1.3126848554402784e-12
1.3132293989983078e-12
1.3116588907279015e-12
1.3129359710249056e-12
1.3135555505442505e-12
1.3138593800779932e-12
1.3144531402666093e-12
1.3143211687792071e-12
1.3150017003398316e-12
1.3157269596316504e-12
1.3160977876902002e-12
1.3157146948487173e-12
1.3152697423847600e-12
1.3166273160176363e-12
1.3175634234942569e-12
1.3176960141075446e-12
1.3188709269435503e-12
1.3187648343752090e-12
1.3183979727497284e-12
1.3196740247653736e-12
1.3202527106672593e-12
1.3198963268875694e-12
1.3211009996641512e-12
1.3208132483453794e-12
1.3207573099877071e-12
1.3218149152793994e-12
1.3225640430464014e-12
1.3216690626471002e-12
1.3228452361365170e-12
1.3230647078509850e-12
1.3234259842176236e-12
1.3236747255813121e-12
1.3242529934813479e-12
1.3236965352704077e-12
1.3245695955339297e-12
1.3260424489196069e-12
1.3255063083160261e-12
1.3263140175571324e-12
1.3270669787937001e-12
1.3284648084008604e-12
1.3278484492906179e-12
1.3278265046930248e-12
1.3283409338511943e-12
1.3291363549225103e-12
1.3284087146420919e-12
1.3290908486765040e-12
1.3296028646348265e-12
1.3303589667871172e-12
1.3315793252174165e-12
1.3303292460641846e-12
1.3316343763080847e-12
1.3319542756119964e-12
1.3333376253058142e-12
1.3329873863475525e-12
1.3337592483434252e-12
1.3345204476603381e-12
1.3337974324708578e-12
1.3350315910028513e-12
1.3354369680946464e-12
1.3354167117413933e-12
1.3358195517197006e-12
1.3366283911344252e-12
1.3368754880929173e-12
1.3373993745574343e-12
1.3378666683667059e-12
1.3380350228332614e-12
1.3383713961822730e-12
1.3400336322901733e-12
1.3392302316879920e-12
1.3395678805261904e-12
1.3392937202541883e-12
1.3400760477726884e-12
1.3414325349771859e-12
1.3421020741647714e-12
1.3422997298682916e-12
1.3422724767568441e-12
1.3417003785087659e-12
1.3428752942714983e-12
1.3428493183135107e-12
1.3441110031510189e-12
1.3437041984654103e-12
1.3444481852690256e-12
1.3451391556430352e-12
1.3444312195983170e-12
1.3458304577627770e-12
1.3460315186784928e-12
1.3467480902314192e-12
1.3456312093924849e-12
1.3468223183332864e-12
1.3473089356689626e-12
1.3479765721511033e-12
1.3484248980246012e-12
1.3486375654330811e-12
1.3496694894876750e-12
1.3492379240847231e-12
1.3496921834508832e-12
1.3500680583143813e-12
1.3506283725158754e-12
1.3500186540750675e-12
1.3510300970429705e-12
1.3511518381226513e-12
1.3522937991032834e-12
1.3521028696661961e-12
1.3525993463849339e-12
1.3543272270153556e-12
1.3539045356516240e-12
1.3537943504993086e-12
1.3542998161669073e-12
1.3540358510567321e-12
1.3548194304488291e-12
1.3568771669887563e-12
1.3559528770638751e-12
1.3563366328751723e-12
1.3567661839255770e-12
1.3567524101832461e-12
1.3569890019602800e-12
1.3584982512193399e-12
1.3572307130207333e-12
1.3585391473614190e-12
1.3585392792665695e-12
1.3594744427465915e-12
1.3590847723724661e-12
1.3586248924027899e-12
1.3606710462851546e-12
1.3605067058295551e-12
1.3609226806062343e-12
1.3609782952189723e-12
1.3609696662342776e-12
1.3630694713827780e-12
1.3623845533087118e-12
1.3632035390220896e-12
1.3638258036688603e-12
1.3642630908390719e-12
1.3649293201347708e-12
1.3658272961152599e-12
1.3653135079356668e-12
1.3643030716598042e-12
1.3659877337893668e-12
1.3666960566288142e-12
1.3670773555680039e-12
1.3674625894181737e-12
1.3687484848064763e-12
1.3681692483263993e-12
1.3688848613523048e-12
1.3697186023338060e-12
1.3696974949753425e-12
1.3695409383211270e-12
1.3713980027812868e-12
1.3711624838221393e-12
1.3716415763394485e-12
1.3714780549783381e-12
1.3717577937017381e-12
1.3731538352569369e-12
1.3729312376243885e-12
1.3717848773486309e-12
1.3735042516665427e-12
1.3753516896227451e-12
1.3750710052122321e-12
1.3751007461863988e-12
1.3753682211839468e-12
1.3758681282149530e-12
1.3753751560315286e-12
1.3765759618211386e-12
1.3761119553710404e-12
1.3766115182454657e-12
1.3777463211015836e-12
1.3772987573718820e-12
1.3768204837637660e-12
1.3799609986936060e-12
1.3795474649067018e-12
1.3796754563205053e-12
1.3799543883016482e-12
1.3813428055335326e-12
1.3813913450112158e-12
1.3811298557103669e-12
1.3817024649722749e-12
1.3828432045277849e-12
1.3836028041245965e-12
1.3832044887931662e-12
1.3842900888882694e-12
1.3846938927253422e-12
1.3849183670043494e-12
1.3860160079611014e-12
1.3859412125955728e-12
1.3860606626719280e-12
1.3863545066198602e-12
1.3868150948128275e-12
1.3881715588906007e-12
1.3878041807943768e-12
1.3873005101731965e-12
1.3892622927540562e-12
1.3887982669714457e-12
1.3891736438785003e-12
1.3894733323751351e-12
1.3886744968590013e-12
1.3917330827826660e-12
1.3918727894129042e-12
1.3921213610588095e-12
1.3916739858537484e-12
1.3914405027599784e-12
1.3929912336201291e-12
1.3924722302593116e-12
1.3932324497822652e-12
1.3933630741996300e-12
1.3927150394454388e-12
1.3941657150809136e-12
1.3950644849362978e-12
1.3971730014546532e-12
1.3956053991854130e-12
1.3957477637146961e-12
1.3968360068984380e-12
1.3965865770172644e-12
1.3980581814505598e-12
1.3976794724433161e-12
1.3992332168882591e-12
1.3980030832349042e-12
1.3996243782588034e-12
1.4008812738379465e-12
1.3991461201132326e-12
1.4003899341819092e-12
1.4004620796550751e-12
1.4002798670784294e-12
1.4023391115229500e-12
1.4016077812859776e-12
1.4018139762639885e-12
1.4026275207775831e-12
1.4036656437684110e-12
1.4029869014530818e-12
1.4041382686234581e-12
1.4045244110579884e-12
1.4057283183795614e-12
1.4061893218424352e-12
1.4069749106995188e-12
1.4078354299767481e-12
1.4067581575079415e-12
1.4093467796553050e-12
1.4087461256830452e-12
1.4093133356713408e-12
1.4095175793066376e-12
1.4091742621061429e-12
1.4114688026282975e-12
1.4108270335104932e-12
1.4112277000769610e-12
1.4116864001920185e-12
1.4122777615015228e-12
1.4132770162673213e-12
1.4125146436560743e-12
1.4132357264920083e-12
1.4149819828321110e-12
1.4135110678519182e-12
1.4142241175270383e-12
1.4147142429882961e-12
1.4157179761044802e-12
1.4156521681370179e-12
1.4164008981428921e-12
1.4176758034443854e-12
1.4181791565691558e-12
1.4171709616574298e-12
1.4180377512821746e-12
1.4183224585509056e-12
1.4189191655847897e-12
1.4184131018901527e-12
1.4192661764132925e-12
1.4202452041973572e-12
1.4211551203070722e-12
1.4204159049735385e-12
1.4212594245638842e-12
1.4215642002716667e-12
1.4221575568902205e-12
1.4221765661172256e-12
1.4228371203424670e-12
1.4227201566092758e-12
1.4232521675960464e-12
1.4244414354032948e-12
1.4238244436040067e-12
1.4248929420520224e-12
1.4260732374405162e-12
1.4259717611034011e-12
1.4262357442827562e-12
1.4271717717222010e-12
1.4265909317227883e-12
1.4268357757746839e-12
1.4277341388536100e-12
1.4268703103002809e-12
1.4276433366046027e-12
1.4278187559005345e-12
1.4286919871502851e-12
1.4294041415201456e-12
1.4287224776687617e-12
1.4296101554229227e-12
1.4300252455747178e-12
1.4305952014842292e-12
1.4309975224933538e-12
1.4315107326670368e-12
1.4322448910017225e-12
1.4323979878154449e-12
1.4316035456226294e-12
1.4329922929982849e-12
1.4328728519238389e-12
1.4338605249600013e-12
1.4334595591336919e-12
1.4335516579256139e-12
1.4350645660951515e-12
1.4349047192646099e-12
1.4358711293436307e-12
1.4366645236289050e-12
1.4361527450437663e-12
1.4371164521130801e-12
1.4368391902607451e-12
1.4366284921209611e-12
1.4374611313280012e-12
1.4382448575309693e-12
1.4375064472253787e-12
1.4385351209200765e-12
1.4383550584586412e-12
1.4389688938870026e-12
1.4390840384538203e-12
1.4398205546960087e-12
1.4390418395683422e-12
1.4406647462272393e-12
1.4418444700459656e-12
1.4411210162040086e-12
1.4414913490114250e-12
1.4420922686078383e-12
1.4422114867427996e-12
1.4427149036569964e-12
1.4442710772087278e-12
1.4440061103467842e-12
1.4445431543917154e-12
1.4456135855775519e-12
1.4448571436849602e-12
1.4458467480404395e-12
1.4463478385734873e-12
1.4464316320139704e-12
1.4470178940038104e-12
1.4474215940870670e-12
1.4487595816562482e-12
1.4484732527215733e-12
1.4488039907274375e-12
1.4501013658537438e-12
1.4499131635577639e-12
1.4502386867207784e-12
1.4510101664379500e-12
1.4508808115006013e-12
1.4509881611651690e-12
1.4520218296246726e-12
1.4524390543812599e-12
1.4526194032939622e-12
1.4531280028871921e-12
1.4544330274000858e-12
1.4539447916188767e-12
1.4558199738413952e-12
1.4550198989502815e-12
1.4544142525312150e-12
1.4554430722946847e-12
1.4549598877544150e-12
1.4566815145004821e-12
1.4562337345959970e-12
1.4579989311184771e-12
1.4575429700956346e-12
1.4581739979152624e-12
1.4590314968902346e-12
1.4589621785260768e-12
1.4598970952528727e-12
1.4597155965134356e-12
1.4592683247073618e-12
1.4604925862494809e-12
1.4614038356574641e-12
1.4606606112692303e-12
1.4619884972021051e-12
1.4625176777219159e-12
1.4630071916101521e-12
1.4637811692155736e-12
1.4636092270986659e-12
1.4645736885585252e-12
1.4647319737420817e-12
1.4664463952757328e-12
1.4664559696918115e-12
1.4655678889742424e-12
1.4661112179196191e-12
1.4666776192202760e-12
1.4673380792170758e-12
1.4682766981646758e-12
1.4675818036213540e-12
1.4675137807824905e-12
1.4694062667648687e-12
1.4686883214398895e-12
1.4690551883520322e-12
1.4694794722090401e-12
1.4692800151157531e-12
1.4701056197940598e-12
1.4709192307271796e-12
1.4713149417920624e-12
1.4717004197314786e-12
1.4717728373392191e-12
1.4721955427196365e-12
1.4729446538062876e-12
1.4721908288186032e-12
1.4731487741182842e-12
1.4744217988285373e-12
1.4733284227975329e-12
1.4741645696787644e-12
1.4748745792469028e-12
1.4741324004430304e-12
1.4750385421891077e-12
1.4756287288368277e-12
1.4766484684282474e-12
1.4761379423207559e-12
1.4773046452152119e-12
1.4790207141682857e-12
1.4789014870738517e-12
1.4791391725956198e-12
1.4778779299201638e-12
1.4794260189099508e-12
1.4809159276745645e-12
1.4801466763117612e-12
1.4815471167709730e-12
1.4814898135502543e-12
1.4819747055301861e-12
1.4834164616040551e-12
1.4830360384855330e-12
1.4844758740252078e-12
1.4838085774093646e-12
1.4840957338269839e-12
1.4830908683583374e-12
1.4835201338239023e-12
1.4849477898462473e-12
1.4851860614215914e-12
1.4859736699896298e-12
1.4862729792716610e-12
1.4868471760460733e-12
1.4871184414470827e-12
1.4868920283321875e-12
1.4888835622264888e-12
1.4888031424967459e-12
1.4892869253275305e-12
1.4892703266221847e-12
1.4889305547742816e-12
1.4905029690808465e-12
1.4900185420497065e-12
1.4906951782996989e-12
1.4910104409507239e-12
1.4914209617018758e-12
1.4925454730280926e-12
1.4917059226644020e-12
1.4921172478665347e-12
1.4930243358122912e-12
1.4920834785269265e-12
1.4929399693085203e-12
1.4943346010644980e-12
1.4932620623465905e-12
1.4948237331539981e-12
1.4954085295319983e-12
1.4952234175561887e-12
1.4983786262281386e-12
1.4969506846422501e-12
1.4970618438179709e-12
1.4975381978188740e-12
1.4986512437264768e-12
1.4994025274975421e-12
1.4989067377452236e-12
1.4989231272300590e-12
1.4995504346776848e-12
1.4999233131524912e-12
1.5008635012611107e-12
1.5001870630734664e-12
1.5022294591746564e-12
1.5021612206716919e-12
1.5038273564687757e-12
1.5033216045233344e-12
1.5025644915467755e-12
1.5033869665084871e-12
1.5036640894439268e-12
1.5034638780761475e-12
1.5049015999175116e-12
1.5047125289796481e-12
1.5054662728258350e-12
1.5065878861154305e-12
1.5062002920288516e-12
1.5061666825585716e-12
1.5078281427474971e-12
1.5074445595030203e-12
1.5078722088422671e-12
1.5081423540675240e-12
1.5086892949508840e-12
1.5092123566235245e-12
1.5101716667319559e-12
1.5099767930659646e-12
1.5100238220186608e-12
1.5103937360096260e-12
1.5117410040560090e-12
1.5114521827532810e-12
1.5133777508107847e-12
1.5124137622202182e-12
1.5133260568864037e-12
1.5130843350954721e-12
1.5119757606899589e-12
1.5135477912073953e-12
1.5140233499691093e-12
1.5137340919961949e-12
1.5163275230976684e-12
1.5161103226600618e-12
1.5163251938421954e-12
1.5158975793088592e-12
1.5171419409588275e-12
1.5185200660984541e-12
1.5170294629487359e-12
1.5179202338506102e-12
1.5180702724401971e-12
1.5190350123158284e-12
1.5189543831940546e-12
1.5197317391493899e-12
1.5194848393630661e-12
1.5213858546208368e-12
1.5203904836804140e-12
1.5220630417300544e-12
1.5215560006583832e-12
1.5211013736045041e-12
1.5221860138558667e-12
1.5238955241548785e-12
1.5227918954995943e-12
1.5233128078745711e-12
1.5236816905004361e-12
1.5245421122370805e-12
1.5247544114251376e-12
1.5252675157499167e-12
1.5264072322866203e-12
1.5272203952815122e-12
1.5263190376825050e-12
1.5264166127679552e-12
1.5281424630968942e-12
1.5278999163604078e-12
1.5281599263854005e-12
1.5282542677677532e-12
1.5287323263740213e-12
1.5292066495078907e-12
1.5304847007661361e-12
1.5303371101273516e-12
1.5295955840129387e-12
1.5313570000980517e-12
1.5317563151471208e-12
1.5318146745440552e-12
1.5322832541699882e-12
1.5332079848250650e-12
1.5335846171494851e-12
1.5342153180355682e-12
1.5355876553419461e-12
1.5348609448934893e-12
1.5358511393129535e-12
1.5356575534863764e-12
1.5353383036511789e-12
1.5382515304938185e-12
1.5370424342033285e-12
1.5387841622806364e-12
1.5386014485997960e-12
1.5391645629661234e-12
1.5385075765056754e-12
1.5399131202261735e-12
1.5405366647048912e-12
1.5412495374020761e-12
1.5412861323564132e-12
1.5409338816321453e-12
1.5433150231986384e-12
1.5431175540888321e-12
1.5439091821105861e-12
1.5438742141680602e-12
1.5452154238957506e-12
1.5450340870716574e-12
1.5450474748678534e-12
1.5466154071372141e-12
1.5475737755798243e-12
1.5473136469356419e-12
1.5480792441266299e-12
1.5478725892738967e-12
1.5484769196949199e-12
1.5493584376189859e-12
1.5494318074544782e-12
1.5503229559686684e-12
1.5499447226659423e-12
1.5509314583792826e-12
1.5508668827920826e-12
1.5518226805306330e-12
1.5520640726611594e-12
1.5520075511548319e-12
1.5531058286327840e-12
1.5532819229994681e-12
1.5530181048855267e-12
1.5538600632670126e-12
1.5544448831292144e-12
1.5549534061982177e-12
1.5540370565719633e-12
1.5557910336814061e-12
1.5557841426330208e-12
1.5562583297452744e-12
1.5571407656649619e-12
1.5572551398792564e-12
1.5577156502077716e-12
1.5577357349767479e-12
1.5586963291445724e-12
1.5592406809795339e-12
1.5587319294759984e-12
1.5598196154556222e-12
1.5608714413308665e-12
1.5608592412277020e-12
1.5607016973631178e-12
1.5605910035949165e-12
1.5620087313101077e-12
1.5621943653467006e-12
1.5629798711216771e-12
1.5638244186729490e-12
1.5641638713624388e-12
1.5645166312058328e-12
1.5646577325461666e-12
1.5657787301012538e-12
1.5657203627835585e-12
1.5664421683507934e-12
1.5677926614094624e-12
1.5672909914121665e-12
1.5681368064697093e-12
1.5674632751482022e-12
1.5671955912176357e-12
1.5695513125249356e-12
1.5684476932800818e-12
1.5701925788228306e-12
1.5695302890847646e-12
1.5710350994126276e-12
1.5717914325789777e-12
1.5723707619031306e-12
1.5723403207762015e-12
1.5716731348568810e-12
1.5723615583084544e-12
1.5738942741078870e-12
1.5743536793567992e-12
1.5739468912986606e-12
1.5751779481222103e-12
1.5759303998963883e-12
1.5761646256879807e-12
1.5764043651297234e-12
1.5770599906792103e-12
1.5775676890024181e-12
1.5795034951276874e-12
1.5790197604381985e-12
1.5794413165280613e-12
1.5799394280508062e-12
1.5800112574178475e-12
1.5810298515459146e-12
1.5812532056093759e-12
1.5818777111304971e-12
1.5823760163758950e-12
1.5822402257626733e-12
1.5827221097965562e-12
1.5840199818299721e-12
1.5839690518084446e-12
1.5846898417587134e-12
1.5848227222719641e-12
1.5852392891055972e-12
1.5857500267309855e-12
1.5862077861784028e-12
1.5867066372008144e-12
1.5867253873109684e-12
1.5873367926716359e-12
1.5868645010838362e-12
1.5887184675807479e-12
1.5885222104288713e-12
1.5887455076747119e-12
1.5895379920489967e-12
1.5907808944904116e-12
1.5907079704424507e-12
1.5907910405700909e-12
1.5914274756687345e-12
1.5923736855479100e-12
1.5918516926481664e-12
1.5927990934176407e-12
1.5924708468186838e-12
1.5944646776561871e-12
1.5945327619288415e-12
1.5953850331050536e-12
1.5940541705355191e-12
1.5948780931334516e-12
1.5957632265682497e-12
1.5966655532652407e-12
1.5965040093259703e-12
1.5973794400865222e-12
1.5976893699131043e-12
1.5985876856759440e-12
1.5996301280240154e-12
1.5996751989813658e-12
1.6005899884643100e-12
1.6004774785051114e-12
1.6008318691491080e-12
1.6033813477697730e-12
1.6023219633635044e-12
1.6023002121219569e-12
1.6027558435337082e-12
1.6026902910413477e-12
1.6039114814968363e-12
1.6044344979805155e-12
1.6043446111161519e-12
1.6063986309193397e-12
1.6058046778700083e-12
1.6078011668641475e-12
1.6075702701344755e-12
1.6070198386462525e-12
1.6079257082096227e-12
1.6098119698759609e-12
1.6085937104002289e-12
1.6097299212315540e-12
1.6101034710979144e-12
1.6108375509899957e-12
1.6109038766975371e-12
1.6104168524509589e-12
1.6127189985582109e-12
1.6129182882662243e-12
1.6134944786469983e-12
1.6137308590429011e-12
1.6143240084693343e-12
1.6162494901938819e-12
1.6156768890193043e-12
1.6163906770431304e-12
1.6167323719740787e-12
1.6175608559572499e-12
1.6184405469409946e-12
1.6178088384186799e-12
1.6182767977049179e-12
1.6190072923969747e-12
1.6200606647806654e-12
1.6209010608148940e-12
1.6202444719965582e-12
1.6215178656247910e-12
1.6217866223500328e-12
1.6219717216179293e-12
1.6226939086891784e-12
1.6223536105876957e-12
1.6241265846394232e-12
1.6246572139909529e-12
1.6242345876253827e-12
1.6262029234157788e-12
1.6261829073723180e-12
1.6269587607359788e-12
1.6269319125548877e-12
1.6274937649944184e-12
1.6282718618670691e-12
1.6284159111477591e-12
1.6298823219877950e-12
1.6302444713427933e-12
1.6298880199033653e-12
1.6317849559166361e-12
1.6308904981646850e-12
1.6314657631813364e-12
1.6322103019145587e-12
1.6323610873872065e-12
1.6342234205775068e-12
1.6330373141144802e-12
1.6334564203519307e-12
1.6344430665465272e-12
1.6357682273777353e-12
1.6355968988729529e-12
1.6360222746938344e-12
1.6362225351752595e-12
1.6371650926277655e-12
1.6378729479985318e-12
1.6382787155771069e-12
1.6393965731915842e-12
1.6402162901787733e-12
1.6397966054707369e-12
1.6407515029903861e-12
1.6416552629621167e-12
1.6418115863523190e-12
1.6428393922736566e-12
1.6432408979290731e-12
1.6435593415576355e-12
1.6448390741866922e-12
1.6442879735058609e-12
1.6449997667277953e-12
1.6441024770635148e-12
1.6455712627145404e-12
1.6457398364475687e-12
1.6459269584450828e-12
1.6463163024264500e-12
1.6477904758820426e-12
1.6481021961863406e-12
1.6474945289615253e-12
1.6484061812214987e-12
1.6490267057144797e-12
1.6501308311193372e-12
1.6503880145551804e-12
1.6510698002167450e-12
1.6520631862833348e-12
1.6522338257272651e-12
1.6522012628787327e-12
1.6536099649842553e-12
1.6539280705826747e-12
1.6544595920324162e-12
1.6549192794452363e-12
1.6553866824559219e-12
1.6559047139267677e-12
1.6560089617612238e-12
1.6563676713913767e-12
1.6573008098344067e-12
1.6577785183770294e-12
1.6576909945759523e-12
1.6590304204913888e-12
1.6591687179510311e-12
1.6592636051712408e-12
1.6609237136179787e-12
1.6603270250186870e-12
1.6604690873493531e-12
1.6612225328887709e-12
1.6622390124682511e-12
1.6616931447015634e-12
1.6623151721578966e-12
1.6632539161127495e-12
1.6634049516410985e-12
1.6645994382717967e-12
1.6649602215857635e-12
1.6650291490151849e-12
1.6657127512088955e-12
1.6657567344745329e-12
1.6668422843456775e-12
1.6669924842155816e-12
1.6668250391107315e-12
1.6678357852225285e-12
1.6685715164799994e-12
1.6686329769837785e-12
1.6692542178530076e-12
1.6696241031512561e-12
1.6709491700821021e-12
1.6697943487179934e-12
1.6714512244099359e-12
1.6718568558534916e-12
1.6727852273816572e-12
1.6724224327505491e-12
1.6737093513858587e-12
1.6742185473340287e-12
1.6735083592907140e-12
1.6750713159096021e-12
1.6749269899483703e-12
1.6753006251220636e-12
1.6769777860228381e-12
1.6766044824274113e-12
1.6775543762249737e-12
1.6785489297429154e-12
1.6781646902447083e-12
1.6783896580366476e-12
1.6803644298767736e-12
1.6798957766519331e-12
1.6801141378224748e-12
1.6808577452802188e-12
1.6814958291238805e-12
1.6825530315495655e-12
1.6817177668996759e-12
1.6820242437515782e-12
1.6815362633940625e-12
1.6821570141289568e-12
1.6834734141066346e-12
1.6831123104500445e-12
1.6832690366967343e-12
1.6850766847548923e-12
1.6854627567633790e-12
1.6850044143880314e-12
1.6868392918613705e-12
1.6863671783620126e-12
1.6873945096370864e-12
1.6877444279837923e-12
1.6882313468199842e-12
1.6880047287767742e-12
1.6893706757413258e-12
1.6889106584228693e-12
1.6888022491334115e-12
1.6900048226276283e-12
1.6906921260964200e-12
1.6906122538631197e-12
1.6913657312243015e-12
1.6919761452391180e-12
1.6928089081770825e-12
1.6928335861862373e-12
1.6928643586559087e-12
1.6936404519320389e-12
1.6946079869853198e-12
1.6946973763823504e-12
1.6945013366182403e-12
1.6961266698367603e-12
1.6957654841303798e-12
1.6968156502235871e-12
1.6978926740321953e-12
1.6976986840609340e-12
1.6982848638895674e-12
1.6986531962197750e-12
1.6995660260950600e-12
1.6999082579610445e-12
1.6997444220957950e-12
1.7001749111174474e-12
1.7003692807539684e-12
1.6999278306105835e-12
1.7018428878682848e-12
1.7008194427230376e-12
1.7018685604346626e-12
1.7025091515436922e-12
1.7035180823138166e-12
1.7046740249331752e-12
1.7034218326276264e-12
1.7046989738267822e-12
1.7049824892440020e-12
1.7054663923768450e-12
1.7064127012340745e-12
1.7073265427411555e-12
1.7071450603199512e-12
1.7087874006645640e-12
1.7082478752433929e-12
1.7081129425911478e-12
1.7091160611238304e-12
1.7088377472062992e-12
1.7092549656717589e-12
1.7094901774600201e-12
1.7092410714488859e-12
1.7103447661778575e-12
1.7107711939784053e-12
1.7116129352581696e-12
1.7119521454186032e-12
1.7118079486735393e-12
1.7127845632209110e-12
1.7132723279329122e-12
1.7140645887479727e-12
1.7135382759825070e-12
1.7129937923115046e-12
1.7134806082198087e-12
1.7149672056146139e-12
1.7159561990577960e-12
1.7149231304970345e-12
1.7162750708398215e-12
1.7164513376427403e-12
1.7170485840680784e-12
1.7182967119754091e-12
1.7180810553308710e-12
1.7182654495110616e-12
1.7186636553109284e-12
1.7190937756197914e-12
1.7183350828972233e-12
1.7195416563539702e-12
1.7195252979041103e-12
1.7204732847502991e-12
1.7207978843541989e-12
1.7202918275564768e-12
1.7225303687162937e-12
1.7224379315163371e-12
1.7229382649308885e-12
1.7229650506184428e-12
1.7240019509026453e-12
1.7243577378172301e-12
1.7246578297431292e-12
1.7250064740038396e-12
1.7254227428844497e-12
1.7259944744069068e-12
1.7273037337046113e-12
1.7267382230696351e-12
1.7272512026543733e-12
1.7273577166474585e-12
1.7276272495212601e-12
1.7293832895119611e-12
1.7290766409825102e-12
1.7289149795858728e-12
1.7288853334916298e-12
1.7304350814830040e-12
1.7301572069572889e-12
1.7306624320085917e-12
1.7311429519308972e-12
1.7308612758999952e-12
1.7316304776356858e-12
1.7318359113727555e-12
1.7324560176136612e-12
1.7332587499197396e-12
1.7334602025170654e-12
1.7347105239155178e-12
1.7340455282298546e-12
1.7348650603228275e-12
1.7361701525779431e-12
1.7349290087360410e-12
1.7360091804023490e-12
1.7363302826198492e-12
1.7376633723628567e-12
1.7369883559677270e-12
1.7381307492391134e-12
1.7384474818160667e-12
1.7384453221636605e-12
1.7377078503238485e-12
1.7386832709198061e-12
1.7400536507458878e-12
1.7392919573529432e-12
1.7404174721351566e-12
1.7420340285709832e-12
1.7420936002902341e-12
1.7426744683948889e-12
1.7427937109782785e-12
1.7426679438016825e-12
1.7436588766104793e-12
1.7433063362211383e-12
1.7433920083267693e-12
1.7448940774165950e-12
1.7444642856825053e-12
1.7450854804834126e-12
1.7461336716273466e-12
1.7457488516426691e-12
1.7453371844360670e-12
1.7471656805809919e-12
1.7474162065579409e-12
1.7479395624696305e-12
1.7479067377183223e-12
1.7484124696495159e-12
1.7487893391375275e-12
1.7496209376206499e-12
1.7501931536792919e-12
1.7496857011932540e-12
1.7495296889791154e-12
1.7520482010344471e-12
1.7511048055014383e-12
1.7515067869806041e-12
1.7521087700583150e-12
1.7525949880805176e-12
1.7534203433784087e-12
1.7529811151089494e-12
1.7540227631350318e-12
1.7546449457009256e-12
1.7536265604516461e-12
1.7553306163471028e-12
1.7555569747746166e-12
1.7553071628936327e-12
1.7555520262333391e-12
1.7570873807501638e-12
1.7571894090495806e-12
1.7575138580705396e-12
1.7570650080155472e-12
1.7581712970821591e-12
1.7598406215370005e-12
1.7581987990367807e-12
1.7582014523834613e-12
1.7592817563925036e-12
1.7603371707309703e-12
1.7611311392965477e-12
1.7604164175502180e-12
1.7617845797533908e-12
1.7618720099768305e-12
1.7624788604307721e-12
1.7626256827879734e-12
1.7618934953176360e-12
1.7632531907312607e-12
1.7634608772310511e-12
1.7630381057447658e-12
1.7650211264108867e-12
1.7647481175270143e-12
1.7651657468467170e-12
1.7655390855581037e-12
1.7668326539198223e-12
1.7658119594059225e-12
1.7660654076415988e-12
1.7667133303021382e-12
1.7672565599030413e-12
1.7673309393470740e-12
1.7687118636092919e-12
1.7684900980673385e-12
1.7689937004160971e-12
1.7701435655421255e-12
1.7701281555068634e-12
1.7699520845435145e-12
1.7712491113515630e-12
1.7715624005942680e-12
1.7720977799496180e-12
1.7725572837880403e-12
1.7724035261282497e-12
1.7731247706972867e-12
1.7732163157619796e-12
1.7734436162578628e-12
1.7744007464601402e-12
1.7754742429765293e-12
1.7750935146777019e-12
1.7752500672523081e-12
1.7739117302048190e-12
1.7761200011816920e-12
1.7763466573648584e-12
1.7759809263168600e-12
1.7771373960725280e-12
1.7770399117166281e-12
1.7772985418261250e-12
1.7790664999361399e-12
1.7786481254266671e-12
1.7783498329433416e-12
1.7785851052753167e-12
1.7796894398939523e-12
1.7789201077316514e-12
1.7798391330082905e-12
1.7801680630256131e-12
1.7805150560858218e-12
1.7812564959065376e-12
1.7818059478181701e-12
1.7816218481173075e-12
1.7824114129429880e-12
1.7837135387434323e-12
1.7829154981619522e-12
1.7835770059545958e-12
1.7831567401924575e-12
1.7823705667823842e-12
1.7851539800417367e-12
1.7840071914475944e-12
1.7861153737079601e-12
1.7856571902691227e-12
1.7865082292684844e-12
1.7860830004895032e-12
1.7867161600445978e-12
1.7876366308611218e-12
1.7876328173020716e-12
1.7879213927066168e-12
1.7882034865494659e-12
1.7889298214795038e-12
1.7893134771367145e-12
1.7884276892738433e-12
1.7897856303789054e-12
1.7901401261833666e-12
1.7916926858084208e-12
1.7912671329362186e-12
1.7916138341490092e-12
1.7924202951324154e-12
1.7924166848536530e-12
1.7936549672115119e-12
1.7929966956329416e-12
1.7930852888848382e-12
1.7930522774290407e-12
1.7950169850806611e-12
1.7949745518172437e-12
1.7955565756845092e-12
1.7953022277180136e-12
1.7966714732939591e-12
1.7965811006829972e-12
1.7968732219226757e-12
1.7975664339834474e-12
1.7981654560327389e-12
1.7981414828846915e-12
1.7996024794870020e-12
1.7998277991032471e-12
1.8006559137061267e-12
1.8009155327707821e-12
1.8014377246183922e-12
1.8026931623826733e-12
1.8017458869596274e-12
1.8026855819328830e-12
1.8028667530932255e-12
1.8036551392489256e-12
1.8045773048611638e-12
1.8046386231521947e-12
1.8046452117174557e-12
1.8059411771214516e-12
1.8054531342956133e-12
1.8066279624457326e-12
1.8066352366657855e-12
1.8067029713542799e-12
1.8078508702253099e-12
1.8083020808181880e-12
1.8089108980376357e-12
1.8088883820677925e-12
1.8097798636938616e-12
1.8104731842271505e-12
1.8104683215148016e-12
1.8101444696274534e-12
1.8112019150930748e-12
1.8117373215994379e-12
1.8119058958140127e-12
1.8121209876353550e-12
1.8136927338900211e-12
1.8128167345826780e-12
1.8142971249183567e-12
1.8143949989923912e-12
1.8142852292633666e-12
1.8137167471981202e-12
1.8153141664288125e-12
1.8158374016099192e-12
1.8160095858309624e-12
1.8164053414750030e-12
1.8176451158209414e-12
1.8175512264425880e-12
1.8183718877777184e-12
1.8182533455101103e-12
1.8188023497802065e-12
1.8198151731266458e-12
1.8196564751878176e-12
1.8210311699393024e-12
1.8218303304213711e-12
1.8211762752142729e-12
1.8223168672071715e-12
1.8232415165337627e-12
1.8218439612474471e-12
1.8228190709937587e-12
1.8233078237463264e-12
1.8242861581358002e-12
1.8237554723754033e-12
1.8244394240665625e-12
1.8263450507862042e-12
1.8257684349113606e-12
1.8265130861709464e-12
1.8260068099232496e-12
1.8254934708671445e-12
1.8268984951745556e-12
1.8281313712265408e-12
1.8278969732410996e-12
1.8285966579071897e-12
1.8282612095493652e-12
1.8293211549795893e-12
1.8307273256994045e-12
1.8317793386507166e-12
1.8314459061705338e-12
1.8332786913261075e-12
1.8307237085913537e-12
1.8330684586562374e-12
1.8327684428474302e-12
1.8331755850862643e-12
1.8330101447613515e-12
1.8333779349400941e-12
1.8335625794022084e-12
1.8346772565150688e-12
1.8360280714357324e-12
1.8341698551445234e-12
1.8351855541940794e-12
1.8358674256224922e-12
1.8374567081650492e-12
1.8368798786492261e-12
1.8372970837742551e-12
1.8373271687641784e-12
1.8364330967285619e-12
1.8379651743261674e-12
1.8392658408280979e-12
1.8391150078226134e-12
1.8402273759177454e-12
1.8398648495037948e-12
1.8396752654519667e-12
1.8407597819057854e-12
1.8419957112499293e-12
1.8411361322330338e-12
1.8416542598337929e-12
1.8430099757568038e-12
1.8416551023985165e-12
1.8427543421389941e-12
1.8432871122130490e-12
1.8437822008217132e-12
1.8435901697759129e-12
1.8447217997090546e-12
1.8448836929453613e-12
1.8460388898649569e-12
1.8456696365015311e-12
1.8467228860262033e-12
1.8464054946366157e-12
1.8469850933533542e-12
1.8477127272955494e-12
1.8472082717952684e-12
1.8483997495884295e-12
1.8492230255724039e-12
1.8487236924174340e-12
1.8502377133768610e-12
1.8495563791742615e-12
1.8502734820061091e-12
1.8515344388248194e-12
1.8514556960630002e-12
1.8521012583671731e-12
1.8530459323097544e-12
1.8529232562502446e-12
1.8540770245128189e-12
1.8538860047582785e-12
1.8543020953957115e-12
1.8550161044538265e-12
1.8542699814243454e-12
1.8557521742748806e-12
1.8559673237361277e-12
1.8567735653767940e-12
1.8558364401800509e-12
1.8572763939942344e-12
1.8575453419883826e-12
1.8585083532893986e-12
1.8587583755136322e-12
1.8596805226418154e-12
1.8595866732145410e-12
1.8601789683074073e-12
1.8615771097580128e-12
1.8610279012808777e-12
1.8616768544322147e-12
1.8619408773074475e-12
1.8633625544060136e-12
1.8639366341841584e-12
1.8639201074184987e-12
1.8642237777005840e-12
1.8643606119204488e-12
1.8660294006690772e-12
1.8650847290474730e-12
1.8654570379760928e-12
1.8660652314620941e-12
1.8668500610787408e-12
1.8672621094409910e-12
1.8681444961462907e-12
1.8681123939462605e-12
1.8695515289425669e-12
1.8695618969720765e-12
1.8694625950796255e-12
1.8696338188575532e-12
1.8703629503065223e-12
1.8719167342925390e-12
1.8712824232294464e-12
1.8723147718945572e-12
1.8731486305966337e-12
1.8728199820690715e-12
1.8732016853190320e-12
1.8740916227792021e-12
1.8753482629942197e-12
1.8747062348898320e-12
1.8754358676190007e-12
1.8762870465839579e-12
1.8771640182885848e-12
1.8770676946976225e-12
1.8779546308701457e-12
1.8785403668148217e-12
1.8794568361831890e-12
1.8791188039187749e-12
1.8804315955227945e-12
1.8801686191098372e-12
1.8802124936001722e-12
1.8814306796558002e-12
1.8829807514198601e-12
1.8821537577985176e-12
1.8830194707577593e-12
1.8836192971180765e-12
1.8838094871217050e-12
1.8842769016655915e-12
1.8848548267525509e-12
1.8843285546719390e-12
1.8847901569961767e-12
1.8865104772282344e-12
1.8862228858994141e-12
1.8871900799572738e-12
1.8868322787389796e-12
1.8884160394953732e-12
1.8872756070935478e-12
1.8886339898812192e-12
1.8887368099453121e-12
1.8906642419437382e-12
1.8902467258000582e-12
1.8908769791607290e-12
1.8904975932876502e-12
1.8920343062912385e-12
1.8922524008762580e-12
1.8919642416521566e-12
1.8934734650835831e-12
1.8943158909283991e-12
1.8930303143237812e-12
1.8943723055726987e-12
1.8949010105767272e-12
1.8955511654818029e-12
1.8965277885425155e-12
1.8963878203691114e-12
1.8971210185968200e-12
1.8976376481880518e-12
1.8979152281648925e-12
1.8972791884559228e-12
1.8988786143178123e-12
1.8993541714522494e-12
1.8992279959830706e-12
1.9006781773941140e-12
1.9005077600234647e-12
1.9014650323882423e-12
1.9015819604641578e-12
1.9021299892860506e-12
1.9030810029884143e-12
1.9029519973629608e-12
1.9036233794878703e-12
1.9041323373399050e-12
1.9054197929914482e-12
1.9056785310300263e-12
1.9058332786522076e-12
1.9068035460111282e-12
1.9059372336333603e-12
1.9069533401733883e-12
1.9074260673432780e-12
1.9079793908009880e-12
1.9077965335062040e-12
1.9089189156437921e-12
1.9102005551907882e-12
1.9095508244730821e-12
1.9104409618973491e-12
1.9103261534543646e-12
1.9113576784223834e-12
1.9124316569801825e-12
1.9112086662202051e-12
1.9125452151001716e-12
1.9124385310984769e-12
1.9122913206766166e-12
1.9140610411257356e-12
1.9146834587359684e-12
1.9144044100100863e-12
1.9156812291080468e-12
1.9162684941092509e-12
1.9170759551462564e-12
1.9174052856934502e-12
1.9177023205394507e-12
1.9182889236046603e-12
1.9190878717272030e-12
1.9185185366692665e-12
1.9194254992428432e-12
1.9199327938395036e-12
1.9212024681317192e-12
1.9205625209580812e-12
1.9216600202178174e-12
1.9213182256145127e-12
1.9227244303456840e-12
1.9216454456791072e-12
1.9229401104152415e-12
1.9231461046198842e-12
1.9246835526931561e-12
1.9244707628667373e-12
1.9250536237054686e-12
1.9248563492279883e-12
1.9259009541795536e-12
1.9276382833677993e-12
1.9261477855989452e-12
1.9267084706434719e-12
1.9276078368717620e-12
1.9284500370394518e-12
1.9280315263850387e-12
1.9291795164288108e-12
1.9304937084888690e-12
1.9306978786191218e-12
1.9305176499090416e-12
1.9319992187254564e-12
1.9314467363455511e-12
1.9320286766992320e-12
1.9324761796022193e-12
1.9321591589183944e-12
1.9326547713170060e-12
1.9342998314200693e-12
1.9338233333336951e-12
1.9345470581052266e-12
1.9352362816422434e-12
1.9364481361667569e-12
1.9366429336529165e-12
1.9372352057409820e-12
1.9362028989420556e-12
1.9367178125298421e-12
1.9380207240920173e-12
1.9386930377941974e-12
1.9381202004559517e-12
1.9382568985606735e-12
1.9398689137169185e-12
1.9407136351389905e-12
1.9398970864514038e-12
1.9412953692338350e-12
1.9416165901310212e-12
1.9418770596622286e-12
1.9424432600526394e-12
1.9432180196296857e-12
1.9429574573600651e-12
1.9444064692634109e-12
1.9451814698524228e-12
1.9453421398158657e-12
1.9458895046810708e-12
1.9467583611415468e-12
1.9469340245526653e-12
1.9472870468842633e-12
1.9477250757052286e-12
1.9492192092983881e-12
1.9486451663645658e-12
1.9499219534362328e-12
1.9505444073732133e-12
1.9506306405992274e-12
1.9508349111104401e-12
1.9511585391504894e-12
1.9513298297782801e-12
1.9513903202481495e-12
1.9528694484147980e-12
1.9526903059932669e-12
1.9536544212218021e-12
1.9547972561907862e-12
1.9545601409639087e-12
1.9544329363633903e-12
1.9561661997878140e-12
1.9559729602418756e-12
1.9566774444008543e-12
1.9566140085638126e-12
1.9574113082681413e-12
1.9579879723974485e-12
1.9596246679827748e-12
1.9591565952238240e-12
1.9585786596427759e-12
1.9600525305139599e-12
1.9605654468745362e-12
1.9608114684828027e-12
1.9614817214176771e-12
1.9609276787230665e-12
1.9624538364561665e-12
1.9638481933859120e-12
1.9632103763372121e-12
1.9633427279952197e-12
1.9630994068793801e-12
1.9654644269597707e-12
1.9661515101841367e-12
1.9661354888749565e-12
1.9655585056923556e-12
1.9655719823744594e-12
1.9674907939113305e-12
1.9674038958542456e-12
1.9681520031616784e-12
1.9686015986062278e-12
1.9691885807099110e-12
1.9703010142201572e-12
1.9697182570100059e-12
1.9702135149117218e-12
1.9693673161858116e-12
1.9703646589663906e-12
1.9719493621718140e-12
1.9709521713084010e-12
1.9731962761566901e-12
1.9734417651155551e-12
1.9730928176347322e-12
1.9738657889014143e-12
1.9753017722712031e-12
1.9750327385724561e-12
1.9754766173075285e-12
1.9752562380479878e-12
1.9760779120776684e-12
1.9772452485608612e-12
1.9776950046119042e-12
1.9773104126236272e-12
1.9786802501366734e-12
1.9798949835091609e-12
1.9780311714259380e-12
1.9792152800879118e-12
1.9798330320896440e-12
1.9805836205737587e-12
1.9805770619407871e-12
1.9812012430869479e-12
1.9825047427070442e-12
1.9819003147711597e-12
1.9823068766563711e-12
1.9829045523651402e-12
1.9835066937689111e-12
1.9847980744805062e-12
1.9845136007078069e-12
1.9840615876617700e-12
1.9859101901425772e-12
1.9844318016088995e-12
1.9846113680630501e-12
1.9855828703629230e-12
1.9860715258280546e-12
1.9858538914677526e-12
1.9870987083631974e-12
1.9875243519005033e-12
1.9878259060679499e-12
1.9880272412378200e-12
1.9879207414663382e-12
1.9884710144183951e-12
1.9897589420767172e-12
1.9890680417249617e-12
1.9885742639957153e-12
1.9911923815128198e-12
1.9911745419041492e-12
1.9919582609231552e-12
1.9925267497371011e-12
1.9927614855344562e-12
1.9946947510890695e-12
1.9941214977810868e-12
1.9946085715174898e-12
1.9948464499793060e-12
1.9952727832460963e-12
1.9961709115979217e-12
1.9959076066502966e-12
1.9965732582053919e-12
1.9957998791700509e-12
1.9965331164370586e-12
1.9983570880876613e-12
1.9988974415116463e-12
1.9977713610960845e-12
1.9994785514467533e-12
1.9990271914616917e-12
2.0000330492538468e-12
2.0014228674060484e-12
2.0010064574435590e-12
2.0021438905989894e-12
2.0024906065818844e-12
2.0032706732111785e-12
2.0037357477121013e-12
2.0034913713522437e-12
2.0044497342751789e-12
2.0059795494505805e-12
2.0048246041683862e-12
2.0054963893074064e-12
2.0054113468826467e-12
2.0066481327990545e-12
2.0068034065847517e-12
2.0076035308123256e-12
2.0072706563609092e-12
2.0092068116280998e-12
2.0079565664673827e-12
2.0091851555222298e-12
2.0088004593666834e-12
2.0107533453880848e-12
2.0108682813738827e-12
2.0113306100337485e-12
2.0109346253529513e-12
2.0119781527035367e-12
2.0125407755992300e-12
2.0123308240320087e-12
2.0131888507606689e-12
2.0137653235251801e-12
2.0149252327168154e-12
2.0145656908045352e-12
2.0147195646508213e-12
2.0156673931699165e-12
2.0153010022444874e-12
2.0156907100259798e-12
2.0160810051787817e-12
2.0163048518079440e-12
2.0165771336335185e-12
2.0177565700403593e-12
2.0170839435751294e-12
2.0179431054826100e-12
2.0185926821190493e-12
2.0180504520270260e-12
2.0182413314836295e-12
2.0204383129512279e-12
2.0201044617080860e-12
2.0206388363035187e-12
2.0211374733012018e-12
2.0206919011601101e-12
2.0215586220229424e-12
2.0218307068030982e-12
2.0219013399705765e-12
2.0221847398465107e-12
2.0232526943248732e-12
2.0238461165958113e-12
2.0231680116970053e-12
2.0243116503102077e-12
2.0242853221036184e-12
2.0248505953586493e-12
2.0255053267006967e-12
2.0255032230886171e-12
2.0262005931069229e-12
2.0277597376070125e-12
2.0272538937486901e-12
2.0262587495063581e-12
2.0275654424349529e-12
2.0278559181248923e-12
2.0274108186633427e-12
2.0297230299648338e-12
2.0290806598582671e-12
2.0295193079012914e-12
2.0293985637999343e-12
2.0303815529655860e-12
2.0303583981373893e-12
2.0311431956272050e-12
2.0318307246466479e-12
2.0308718152191059e-12
2.0321512227458180e-12
2.0324365593142381e-12
2.0322248203718267e-12
2.0334519532801204e-12
2.0336350489539148e-12
2.0344625171679135e-12
2.0351036084833533e-12
2.0346899928582358e-12
2.0358324327316673e-12
2.0355639895068760e-12
2.0355781280018362e-12
2.0367235610945009e-12
2.0378347757188409e-12
2.0374687807345737e-12
2.0382389761864919e-12
2.0387065188159641e-12
2.0395841642991025e-12
2.0396036516475297e-12
2.0395473877961624e-12
2.0408702844767196e-12
2.0409382552356136e-12
2.0406638715468624e-12
2.0427474019478876e-12
2.0423089375329162e-12
2.0422989131903825e-12
2.0429739818210327e-12
2.0436204557883720e-12
2.0428130103151825e-12
2.0438246958079536e-12
2.0441843593153473e-12
2.0433727985145686e-12
2.0452867937050079e-12
2.0460146884126395e-12
2.0462893966911069e-12
2.0468839622697333e-12
2.0481153072492555e-12
2.0474055444533641e-12
2.0494418551121770e-12
2.0486227835798903e-12
2.0492165867453331e-12
2.0499365090793586e-12
2.0501119750887502e-12
2.0511532905006224e-12
2.0512315848269829e-12
2.0505516173022008e-12
2.0514921333371310e-12
2.0518666924653483e-12
2.0530109747054362e-12
2.0533297004029904e-12
2.0540827967193529e-12
2.0539387896346480e-12
2.0555549317209411e-12
2.0543579148536574e-12
2.0542701689554241e-12
2.0546604772117819e-12
2.0560902997396204e-12
2.0568857299343259e-12
2.0558637020182672e-12
2.0572713243397626e-12
2.0575797090012050e-12
2.0576650739509981e-12
2.0590403573390040e-12
2.0592407064424934e-12
2.0592523941585635e-12
2.0598534969380540e-12
2.0601207211299785e-12
2.0617759936056077e-12
2.0611746386807672e-12
2.0619152568182784e-12
2.0623517602606005e-12
2.0623219400678101e-12
2.0635093219972180e-12
2.0644138009324182e-12
2.0636705144766795e-12
2.0653283156864151e-12
2.0637685089472675e-12
2.0655095688015309e-12
2.0661580213943203e-12
2.0665173091866719e-12
2.0665569704259246e-12
2.0663721633428933e-12
2.0681639389136668e-12
2.0683811919961253e-12
2.0691837866939012e-12
2.0691516580423496e-12
2.0692364789144814e-12
2.0705625990404861e-12
2.0708248641771352e-12
2.0699512462119316e-12
2.0705428272403014e-12
2.0715586187823351e-12
2.0724082167699179e-12
2.0715173160502266e-12
2.0729599453253678e-12
2.0730000905218760e-12
2.0736862534934023e-12
2.0740105803980614e-12
2.0748044969320967e-12
2.0756633425535246e-12
2.0757094877666962e-12
2.0765661907541052e-12
2.0766391568202841e-12
2.0772942394491355e-12
2.0778761913848580e-12
2.0776607822285297e-12
2.0788190367192425e-12
2.0789499366936602e-12
2.0794313097503589e-12
2.0790272247504797e-12
2.0799453087502113e-12
2.0802018256387557e-12
2.0799714397261346e-12
2.0813418636204840e-12
2.0815267643277829e-12
2.0822894832079077e-12
2.0821174741160309e-12
2.0830222104015250e-12
2.0827471915831172e-12
2.0834538804693346e-12
2.0840924596175119e-12
2.0841144008579125e-12
2.0848608293726925e-12
2.0853802095042413e-12
2.0857058235190111e-12
2.0853364246286287e-12
2.0861021125758463e-12
2.0864085111512288e-12
2.0859991374431557e-12
2.0880929761760371e-12
2.0885356828137608e-12
2.0879240864949943e-12
2.0891368306864304e-12
2.0899272663566276e-12
2.0905845491195389e-12
2.0891683665719774e-12
2.0910291660403824e-12
2.0914384959598182e-12
2.0916401459926757e-12
2.0912424107409468e-12
2.0932364802655285e-12
2.0932154232834056e-12
2.0945253203270714e-12
2.0953854981502487e-12
2.0932154259543152e-12
2.0952141075840271e-12
2.0953650045539432e-12
2.0959984726375882e-12
2.0966785364554073e-12
2.0961987674635255e-12
2.0980090214376810e-12
2.0976195964032623e-12
2.0987541449808196e-12
2.0992103013423769e-12
2.0999855879633085e-12
2.1012123065615365e-12
2.1003868424201635e-12
2.1017925491954909e-12
2.1014729348833470e-12
2.1002154640028219e-12
2.1020731210759706e-12
2.1028309439279696e-12
2.1026542128418374e-12
2.1041319200100707e-12
2.1041200449995916e-12
2.1044254409732643e-12
2.1046558423164987e-12
2.1053147003164781e-12
2.1061983210347028e-12
2.1057130886521944e-12
2.1062395472927189e-12
2.1059614962375493e-12
2.1057904542253318e-12
2.1073748595847979e-12
2.1074464367160338e-12
2.1082303017166635e-12
2.1095334347743128e-12
2.1087154931692137e-12
2.1090581892676281e-12
2.1111485109361293e-12
2.1109017415127747e-12
2.1113582032991478e-12
2.1119231723899430e-12
2.1116587246729704e-12
2.1129738735240499e-12
2.1136921647096418e-12
2.1142707263440328e-12
2.1146936974896602e-12
2.1162465906990197e-12
2.1159572135678435e-12
2.1153152457888312e-12
2.1161348117314456e-12
2.1163497895387064e-12
2.1168444608246517e-12
2.1183791651216504e-12
2.1184065099501395e-12
2.1189794969079601e-12
2.1197944371454012e-12
2.1195863868293797e-12
2.1209490266982761e-12
2.1209271831333757e-12
2.1214915083708607e-12
2.1229274468176406e-12
2.1229167351705969e-12
2.1240308535719136e-12
2.1249826425363748e-12
2.1244585813952875e-12
2.1252132367131075e-12
2.1254737199493187e-12
2.1257486121338174e-12
2.1269247783475356e-12
2.1270179338485065e-12
2.1263730373805032e-12
2.1283995824983218e-12
2.1286365700304170e-12
2.1281829619280301e-12
2.1304684251505600e-12
2.1310401625399699e-12
2.1314909007618515e-12
2.1309140788030321e-12
2.1322161494839970e-12
2.1325902557207129e-12
2.1328866906803103e-12
2.1325274243542172e-12
2.1325793926741159e-12
2.1341550358133971e-12
2.1347492392383527e-12
2.1340639095434644e-12
2.1355025271976313e-12
2.1363696887578363e-12
2.1370950130946506e-12
2.1373304623127498e-12
2.1380927062517909e-12
2.1381294356487912e-12
2.1382409220791773e-12
2.1394047466125539e-12
2.1409477304452613e-12
2.1393581236210411e-12
2.1402995140977710e-12
2.1407387977013177e-12
2.1419606916793122e-12
2.1425251005706364e-12
2.1429442647958711e-12
2.1431681882017644e-12
2.1432862665907875e-12
2.1442056793589588e-12
2.1457679192684373e-12
2.1448580348365514e-12
2.1446654974264196e-12
2.1453638301032200e-12
2.1462496094369282e-12
2.1480101362081446e-12
2.1466617859676446e-12
2.1470689714054582e-12
2.1466363493093956e-12
2.1471308598403010e-12
2.1495348133429899e-12
2.1486331110679941e-12
2.1492691381578712e-12
2.1498421774232419e-12
2.1503694062573167e-12
2.1517737041864858e-12
2.1512621050554434e-12
2.1528246136909849e-12
2.1529667470055020e-12
2.1534289826301291e-12
2.1534753520420318e-12
2.1545753109264783e-12
2.1545198457599125e-12
2.1551051994261396e-12
2.1553539547624297e-12
2.1548135496072732e-12
2.1580675039490270e-12
2.1567589692915385e-12
2.1576082243294723e-12
2.1578601688126248e-12
2.1581947580409905e-12
2.1583559392769049e-12
2.1590645230205835e-12
2.1599330401873226e-12
2.1604495921328370e-12
2.1603343154783753e-12
2.1607150980017208e-12
2.1622044771570742e-12
2.1625522969362305e-12
2.1625864773329663e-12
2.1628449726364467e-12
2.1645643487361693e-12
2.1635426980463305e-12
2.1648681967349820e-12
2.1648024438095944e-12
2.1655549682039368e-12
2.1661598318340774e-12
2.1663891154507252e-12
2.1671855979272773e-12
2.1673584790645447e-12
2.1680923805223091e-12
2.1684795501928226e-12
2.1689243891960116e-12
2.1700739628939392e-12
2.1699575841517627e-12
2.1711537266641826e-12
2.1721217345547140e-12
2.1713367848504420e-12
2.1725925445007454e-12
2.1728568640380239e-12
2.1730090107940564e-12
2.1743930658218630e-12
2.1744853277125349e-12
2.1754928937580811e-12
2.1760944656471133e-12
2.1758846638543904e-12
2.1769254684203258e-12
2.1785001489206126e-12
2.1770854681395088e-12
2.1778247855873662e-12
2.1787752356348683e-12
2.1798617215580168e-12
2.1796289994003174e-12
2.1812651869365580e-12
2.1814431219545256e-12
2.1808091185750339e-12
2.1817462594541307e-12
2.1821653871689476e-12
2.1829584574184184e-12
2.1823452907470183e-12
2.1831956270421645e-12
2.1835828463548225e-12
2.1846252253673629e-12
2.1853152296600095e-12
2.1847092605985233e-12
2.1859091498410963e-12
2.1871522790792546e-12
2.1854490987984947e-12
2.1865176423725649e-12
2.1868445021903312e-12
2.1883553191165861e-12
2.1881014911179046e-12
2.1885789947024128e-12
2.1898272907920074e-12
2.1896317067103036e-12
2.1901866075482344e-12
2.1911085978902544e-12
2.1897796520926690e-12
2.1908173527844586e-12
2.1911294653874677e-12
2.1919854669606280e-12
2.1920323738286041e-12
2.1929935941019037e-12
2.1939948779417410e-12
2.1944606284553878e-12
2.1941170274514187e-12
2.1953691656649543e-12
2.1945894937228979e-12
2.1952816528827411e-12
2.1957861972835390e-12
2.1955310403476349e-12
2.1964874891396531e-12
2.1975289442212900e-12
2.1981358896786833e-12
2.1988821908329382e-12
2.1982335681865550e-12
2.1986186643395114e-12
2.2002550258671944e-12
2.1996515422849780e-12
2.2009690565595668e-12
2.2015104743839769e-12
2.2015136940819877e-12
2.2027982843046620e-12
2.2019670370026157e-12
2.2029212255120627e-12
2.2026977528074419e-12
2.2046990931888038e-12
2.2044201153916337e-12
2.2045633127237891e-12
2.2051174963440293e-12
2.2066985408615835e-12
2.2048982575570819e-12
2.2061743378119753e-12
2.2066842641138012e-12
2.2070900099144160e-12
2.2079804422928245e-12
2.2083241596762498e-12
2.2088543131294690e-12
2.2096852643706356e-12
2.2091013858523995e-12
2.2091451348058834e-12
2.2108133195102594e-12
2.2107623304841403e-12
2.2111597228347775e-12
2.2111579787944633e-12
2.2108338362189278e-12
2.2117245212372539e-12
2.2115332359428016e-12
2.2124619893252758e-12
2.2125345913720465e-12
2.2118265959459110e-12
2.2143452072701573e-12
2.2139792319459945e-12
2.2145855770110970e-12
2.2145941767633186e-12
2.2158732069281160e-12
2.2156691298253624e-12
2.2153939293747698e-12
2.2159420807715513e-12
2.2174419987389315e-12
2.2162420631006465e-12
2.2174792828275669e-12
2.2178584485869282e-12
2.2184666714714455e-12
2.2196773770315194e-12
2.2177916047993929e-12
2.2204307160362663e-12
2.2201400959977132e-12
2.2192442237331068e-12
2.2207187486669931e-12
2.2210614433477176e-12
2.2213881199732620e-12
2.2204025572909791e-12
2.2222985753283312e-12
2.2227726124452463e-12
2.2241151194616732e-12
2.2235711654233248e-12
2.2254182129029830e-12
2.2244797445104212e-12
2.2248075490016171e-12
2.2244335987197454e-12
2.2246750982202952e-12
2.2269235917748133e-12
2.2264833924014191e-12
2.2270623152700834e-12
2.2272145804378696e-12
2.2278339185495010e-12
2.2276879455263554e-12
2.2274011599716613e-12
2.2298594970658608e-12
2.2293517163755570e-12
2.2301372156827160e-12
2.2309492541499820e-12
2.2296536005009216e-12
2.2309063119554592e-12
2.2313773252021877e-12
2.2323407182718795e-12
2.2318481550914887e-12
2.2332254236251502e-12
2.2323411437937984e-12
2.2336996942189683e-12
2.2342130993726689e-12
2.2337640930326507e-12
2.2352614881030461e-12
2.2343314567712103e-12
2.2352685294068620e-12
2.2365222154229399e-12
2.2370221966554416e-12
2.2378343060648382e-12
2.2385109253346596e-12
2.2384770548251892e-12
2.2393308936062748e-12
2.2395604098284740e-12
2.2391874703733159e-12
2.2406169101300286e-12
2.2412749769396342e-12
2.2413060134706342e-12
2.2405846933832498e-12
2.2418343639368721e-12
2.2422328756367060e-12
2.2419226527802822e-12
2.2435824904690851e-12
2.2424661767912132e-12
2.2444913810692385e-12
2.2440678192726431e-12
2.2442256857936201e-12
2.2445834592110468e-12
2.2456403687474285e-12
2.2452540390624713e-12
2.2458621588612894e-12
2.2469656484206981e-12
2.2471940028023931e-12
2.2465971809252875e-12
2.2475043691615560e-12
2.2480467465139863e-12
2.2479514731950660e-12
2.2499547958664873e-12
2.2501027395564876e-12
2.2499711437422484e-12
2.2504586068155249e-12
2.2509189863664020e-12
2.2512356612842573e-12
2.2522288632925006e-12
2.2524419565405845e-12
2.2517504602736319e-12
2.2517499184838321e-12
2.2547303390466664e-12
2.2532816437006844e-12
2.2545416465750029e-12
2.2542652412983883e-12
2.2560716965186984e-12
2.2555847649378264e-12
2.2561006432660458e-12
2.2556163164444567e-12
2.2569388130932161e-12
2.2570121093244794e-12
2.2581650398030173e-12
2.2585765097228128e-12
2.2591181210452110e-12
2.2592399531421945e-12
2.2609996546981427e-12
2.2604650449936848e-12
2.2618404360175896e-12
2.2612778426520749e-12
2.2617472419308068e-12
2.2612080708150573e-12
2.2614874783143092e-12
2.2643780813700034e-12
2.2634139600533599e-12
2.2636247682331128e-12
2.2639486429587110e-12
2.2632159306377030e-12
2.2646494842367799e-12
2.2654452455940058e-12
2.2648054041024641e-12
2.2656897882054373e-12
2.2660997485963699e-12
2.2656906712748250e-12
2.2660503757873574e-12
2.2677061930709775e-12
2.2675552819217131e-12
2.2682680626065804e-12
2.2694800268878497e-12
2.2691137028430185e-12
2.2689692392140997e-12
2.2708132235204771e-12
2.2703704486347820e-12
2.2704176587869246e-12
2.2708199918106747e-12
2.2703680710783866e-12
2.2716082883376162e-12
2.2717396317777899e-12
2.2718885684843915e-12
2.2723965061386942e-12
2.2715533007251137e-12
2.2735189973064883e-12
2.2732575356917474e-12
2.2737974320661859e-12
2.2742736182955863e-12
2.2744712811986856e-12
2.2750381068153823e-12
2.2755809506980140e-12
2.2758411887224659e-12
2.2764192361641656e-12
2.2770135691393731e-12
2.2770313954837312e-12
2.2765359045595483e-12
2.2769830134108894e-12
2.2783738342092727e-12
2.2787225057667289e-12
2.2800483067935746e-12
2.2801876642481364e-12
2.2817950174176794e-12
2.2812808806435817e-12
2.2817273240547356e-12
2.2831368195514745e-12
2.2820468285263002e-12
2.2830339786418089e-12
2.2835597425431819e-12
2.2849540017959325e-12
2.2844019385272070e-12
2.2850607697809908e-12
2.2859955204018629e-12
2.2857960337142802e-12
2.2865838015534552e-12
2.2866106753019145e-12
2.2877085024262767e-12
2.2875179446834315e-12
2.2883532226778805e-12
2.2886934487457999e-12
2.2888850059183055e-12
2.2895711542800112e-12
2.2900145595504780e-12
2.2905429801559611e-12
2.2911076322279900e-12
2.2904110317813183e-12
2.2914185449210140e-12
2.2912181848364015e-12
2.2909383297353786e-12
2.2932817630655281e-12
2.2934366333798441e-12
2.2938500043862601e-12
2.2947523294114958e-12
2.2943288758367660e-12
2.2932950909692746e-12
2.2941362794247765e-12
2.2960762052739318e-12
2.2957571769671735e-12
2.2946690560660682e-12
2.2967316504834982e-12
2.2970766693429116e-12
2.2971884690145515e-12
2.2968506041392100e-12
2.2981602162173813e-12
2.2981309746100766e-12
2.2972490949859951e-12
2.2987765668127602e-12
2.2997633290478647e-12
2.2991075262361435e-12
2.2988309685907130e-12
2.3005624789617519e-12
2.3007255379282185e-12
2.3007154908807915e-12
2.3006305489026952e-12
2.3017886104723239e-12
2.3019659784988191e-12
2.3032627885514690e-12
2.3019873918480960e-12
2.3042918694871194e-12
2.3040835106284805e-12
2.3048333452254944e-12
2.3041293806392092e-12
2.3057073777130651e-12
2.3058092171152399e-12
2.3071501324041930e-12
2.3071837838063337e-12
2.3079055434310686e-12
2.3085375573721539e-12
2.3087659545194278e-12
2.3093320368561067e-12
2.3089255170829386e-12
2.3102522788127358e-12
2.3108009056519130e-12
2.3108957117742566e-12
2.3116151694562382e-12
2.3117278262433779e-12
2.3124377021614852e-12
2.3140755006710478e-12
2.3126882799759261e-12
2.3138261267741750e-12
2.3145013673361493e-12
2.3156930053881745e-12
2.3159581003323641e-12
2.3151672087022225e-12
2.3164271425015468e-12
2.3165507392821019e-12
2.3175378593258247e-12
2.3170496570218812e-12
2.3176391761526226e-12
2.3187652117497959e-12
2.3191884066446589e-12
2.3184837578508227e-12
2.3208071739542418e-12
2.3200241639060714e-12
2.3212378018172619e-12
2.3212962195730118e-12
2.3209939905840517e-12
2.3219733905015630e-12
2.3217815998494430e-12
2.3218998316917639e-12
2.3230783608623921e-12
2.3238058327191832e-12
2.3225331615452223e-12
2.3238112985798911e-12
2.3244214125382716e-12
2.3246491341408447e-12
2.3257833877937494e-12
2.3258631092993027e-12
2.3260007677499134e-12
2.3270351996654186e-12
2.3272367268128223e-12
2.3274529835490771e-12
2.3279930887206300e-12
2.3290342375226564e-12
2.3288838385871204e-12
2.3300666101131401e-12
2.3307861931610814e-12
2.3310615171994041e-12
2.3311931056215094e-12
2.3317258457590901e-12
2.3316312723349676e-12
2.3322139008196423e-12
2.3338774229516890e-12
2.3335287207064093e-12
2.3329663067045604e-12
2.3343292897729100e-12
2.3348539215049924e-12
2.3352239805133802e-12
2.3354775671261803e-12
2.3366539007797219e-12
2.3368567441215529e-12
2.3363802080879356e-12
2.3388938280764250e-12
2.3382133426202059e-12
2.3394041724097654e-12
2.3395259684255607e-12
2.3387363785466852e-12
2.3407324116664161e-12
2.3406624213958214e-12
2.3413975703037725e-12
2.3401046201555783e-12
2.3420922390946316e-12
2.3426143028505136e-12
2.3425712527995969e-12
2.3436966669336407e-12
2.3451440982567926e-12
2.3445351282870429e-12
2.3453833760215420e-12
2.3462166101349571e-12
2.3460241472392206e-12
2.3468156049183066e-12
2.3474823080381713e-12
2.3480373843802474e-12
2.3499247695802137e-12
2.3492021552970548e-12
2.3483128689204234e-12
2.3488085139634416e-12
2.3508890452017455e-12
2.3508906126716204e-12
2.3516980940275656e-12
2.3530254198849060e-12
2.3515635669549926e-12
2.3531198544116639e-12
2.3539268498375806e-12
2.3539177616614017e-12
2.3543575065199424e-12
2.3548298812180709e-12
2.3552059101776065e-12
2.3558390783797082e-12
2.3562113364909120e-12
2.3566782981633459e-12
2.3572450267523755e-12
2.3572415626792533e-12
2.3576307410151096e-12
2.3591587276440072e-12
2.3589040832506927e-12
2.3595679103196539e-12
2.3599329063958333e-12
2.3601802821559442e-12
2.3613529724863317e-12
2.3613426584178072e-12
2.3620309662573931e-12
2.3619856719458105e-12
2.3628688634388897e-12
2.3631045198509611e-12
2.3642644388329256e-12
2.3644059601641342e-12
2.3648729514794108e-12
2.3657928861422584e-12
2.3659717243017526e-12
2.3658410782418308e-12
2.3669802780795096e-12
2.3665570991036201e-12
2.3678228211917460e-12
2.3690986505954292e-12
2.3702731940072582e-12
2.3698275165819235e-12
2.3702131466204543e-12
2.3718823156310377e-12
2.3714127659723490e-12
2.3727030389122440e-12
2.3728755863012640e-12
2.3744101193994701e-12
2.3738106265498589e-12
2.3733938983187821e-12
2.3742802506602965e-12
2.3741610076206565e-12
2.3749824836069135e-12
2.3754520894433235e-12
2.3763204828556228e-12
2.3774270123375739e-12
2.3772392302732684e-12
2.3777623495524108e-12
2.3783675825666059e-12
2.3778646254483609e-12
2.3788563159241446e-12
2.3797717473031580e-12
2.3797794500263667e-12
2.3804850866052229e-12
2.3816344118013857e-12
2.3812558521110456e-12
2.3828113937667183e-12
2.3826670560096541e-12
2.3830555501485379e-12
2.3849580595119878e-12
2.3832680052645460e-12
2.3847830649176207e-12
2.3850342788679030e-12
2.3864273054491141e-12
2.3862376956045480e-12
2.3853814227390982e-12
2.3875994316911663e-12
2.3876065852689333e-12
2.3878854876623835e-12
2.3877757381512086e-12
2.3890874885364137e-12
2.3892607768910753e-12
2.3891538684485227e-12
2.3899409071347607e-12
2.3912044868162927e-12
2.3915351521373395e-12
2.3911309411622661e-12
2.3916407362778383e-12
2.3923040347862851e-12
2.3925875599003040e-12
2.3929924194879084e-12
2.3942486216234050e-12
2.3942561720362718e-12
2.3943927290201990e-12
2.3959903806534939e-12
2.3952960057411280e-12
2.3963335280273814e-12
2.3955377326503415e-12
2.3965035972217259e-12
2.3976881552301905e-12
2.3979100652954378e-12
2.3980858057615403e-12
2.3992577502553431e-12
2.3995364930462663e-12
2.4004494910135789e-12
2.4005578833085345e-12
2.4007546268335315e-12
2.4020676740549396e-12
2.4021807373306148e-12
2.4022977373433190e-12
2.4030341114179917e-12
2.4044917808937647e-12
2.4036912394641203e-12
2.4047340847370483e-12
2.4044065815146979e-12
2.4051056077298048e-12
2.4062447600575036e-12
2.4058360923828443e-12
2.4068135491144526e-12
2.4078379062106897e-12
2.4071816446194458e-12
2.4076725357215522e-12
2.4093927562133798e-12
2.4089670089138936e-12
2.4095603319800128e-12
2.4100669582052556e-12
2.4101810609994854e-12
2.4106457559186615e-12
2.4112002474572377e-12
2.4123987242120064e-12
0.0000000000000000e+00
1.0951551657394760e-15
1.1465339517710523e-15
2.7299929803491588e-15
2.3826070036564259e-15
2.7356168142673749e-15
4.0900260163523449e-15
3.6706624440497570e-15
3.9453168526244296e-15
5.4933276693736769e-15
4.6567479666607054e-15
5.0913298909568156e-15
5.4068631243449424e-15
6.5038948060738243e-15
6.4119822388848237e-15
6.5226720367923428e-15
6.6112279961219041e-15
7.3385009155451655e-15
9.1038344575724772e-15
8.2667274850952492e-15
9.1316783469656233e-15
9.5597666130745839e-15
9.6619621175996715e-15
1.0014674145300120e-14
1.0763642771051498e-14
1.1876737388027409e-14
1.1484746726551325e-14
1.3471859483288000e-14
1.2853976755695551e-14
1.4010732981783628e-14
1.3435760455762388e-14
1.4585740790280121e-14
1.4525325761113721e-14
1.4658304874019497e-14
1.5154023759316924e-14
1.7021282906333975e-14
1.6321573669231336e-14
1.6739559301264516e-14
1.8638293004670477e-14
1.7941016423635422e-14
1.9536749018573335e-14
1.8746497187903599e-14
2.0484290314659912e-14
1.9871293038886919e-14
2.0206185675380391e-14
2.1055246763899975e-14
2.1421756906070286e-14
2.2292356481334883e-14
2.2127334254369464e-14
2.2615895616364430e-14
2.3202932108850215e-14
2.3842359902866371e-14
2.4252105781808312e-14
2.4924007041150012e-14
2.5330100161163878e-14
2.6513200085320482e-14
2.6425062950438788e-14
2.7384154853237098e-14
2.7943370935463978e-14
2.7883335091297147e-14
2.8526782570623531e-14
2.8972174931861175e-14
2.9753945900924437e-14
3.0028159353704167e-14
3.0974499807321434e-14
3.1491483529238443e-14
3.1892761705161108e-14
3.2277171582829433e-14
3.2670952584328521e-14
3.3838184637900566e-14
3.3218989856746812e-14
3.3789712884201816e-14
3.4677569146823447e-14
3.5354044080309486e-14
3.5559801262613878e-14
3.5859312723281562e-14
3.7815112706527139e-14
3.7936242357326779e-14
3.7377247703564687e-14
3.9072961997338100e-14
3.8056659106370055e-14
3.8585378821718958e-14
3.9361624314113722e-14
4.0066849430406485e-14
4.0500747604245077e-14
4.0781510026373649e-14
4.1174651984058546e-14
4.1965128016943498e-14
4.2084847659905410e-14
4.2602088738900431e-14
4.3976599698693762e-14
4.4610233259583738e-14
4.4566152452070813e-14
4.4995413705599057e-14
4.5579043439545208e-14
4.6044892481700647e-14
4.5787530102558427e-14
4.6230294307279668e-14
4.7497834921738155e-14
4.7424492931380480e-14
4.7880533129074562e-14
4.9863955337270030e-14
4.9962867528081978e-14
4.9769183692950377e-14
4.9840240219538911e-14
5.0978852121317296e-14
5.1665734083493600e-14
5.1612134528708060e-14
5.2719458253924662e-14
5.3380080915927723e-14
5.3592565171204009e-14
5.4336431928068927e-14
5.4112011330629800e-14
5.4776222213274850e-14
5.5335854984020962e-14
5.5837221096800333e-14
5.5931261810009352e-14
5.7526615325177218e-14
5.7452754601727391e-14
5.8271239836328507e-14
5.8198838511860415e-14
5.8868745927200954e-14
5.8966527435733519e-14
6.0353828180967249e-14
6.0206840126893026e-14
6.1305680493669812e-14
6.2083823249989578e-14
6.1756089102480463e-14
6.2188140859014550e-14
6.3471383712669567e-14
6.3354431022878399e-14
6.3943683567631494e-14
6.5004912407400033e-14
6.4637126632490615e-14
6.5412479764649007e-14
6.5601324761601388e-14
6.5558185642359722e-14
6.6301619269741707e-14
6.6537545829540714e-14
6.7509412824828128e-14
6.7743554491004143e-14
6.7932453126619232e-14
6.8536586406939262e-14
6.9051164959621926e-14
6.9568234031288044e-14
7.0426973431480667e-14
7.0711874220515981e-14
7.1436398269166297e-14
7.1811405756482676e-14
7.2445018297093433e-14
7.3400257996733661e-14
7.3547810041822833e-14
7.4830299282946785e-14
7.5933166573513221e-14
7.4762606408419480e-14
7.5331288298063799e-14
7.5202762614206412e-14
7.6083564579943203e-14
7.7591447405544353e-14
7.7092581327719388e-14
7.8046928013013217e-14
7.8220420364572894e-14
7.8221555974817229e-14
7.8855266615227330e-14
7.9519187278409511e-14
7.9551988855532786e-14
8.0184118327836313e-14
8.0656457574789117e-14
8.1331432693064262e-14
8.2335265843375138e-14
8.2409249486261841e-14
8.2747870067980757e-14
8.3746373491350824e-14
8.3866583911171570e-14
8.4539355543663720e-14
8.4976363305452205e-14
8.5505486027967162e-14
8.6285596920441088e-14
8.6357634022728794e-14
8.7643244156918522e-14
8.8546094114869225e-14
8.8532613686576978e-14
8.8687141223840206e-14
8.8644200397540814e-14
8.9625116377142422e-14
9.0205057862055334e-14
9.0081177858798993e-14
9.0349887991811936e-14
9.1029037805551291e-14
9.1278082547748708e-14
9.1788109357512279e-14
9.2128689652597008e-14
9.3518881022721714e-14
9.3263625232924545e-14
9.3788925217923767e-14
9.4513658587185122e-14
9.6108454596572836e-14
9.5223731195032506e-14
9.5650730920289685e-14
9.6640458007406266e-14
9.6641045741959855e-14
9.7216536906114218e-14
9.7946840975968238e-14
9.8403385480823500e-14
9.9219082116892784e-14
9.8183046324323120e-14
9.9432579239729877e-14
9.9947813101644376e-14
1.0005264060248409e-13
1.0018245998456382e-13
1.0144727451959245e-13
1.0132914471705061e-13
1.0220422758974942e-13
1.0236322508362676e-13
1.0274551878490719e-13
1.0375364198523463e-13
1.0461517662565586e-13
1.0403613517759135e-13
1.0489059483147342e-13
1.0515236812789449e-13
1.0582652135523896e-13
1.0720964921257331e-13
1.0703524852982786e-13
1.0710121257888052e-13
1.0719313204331279e-13
1.0905696010824721e-13
1.0891045904474800e-13
1.0873388615765085e-13
1.0944651833307636e-13
1.1051252581245752e-13
1.0974500713092140e-13
1.1132001966815287e-13
1.1083008211702945e-13
1.1185311328990652e-13
1.1181845138934557e-13
1.1157921671602821e-13
1.1283222783582123e-13
1.1263333746784726e-13
1.1333484242880504e-13
1.1379297895198489e-13
1.1417087514894871e-13
1.1551775921381455e-13
1.1501666775756711e-13
1.1534370734107956e-13
1.1592194584432343e-13
1.1631904057857545e-13
1.1649886215774310e-13
1.1681875512280684e-13
1.1809306694836022e-13
1.1733614062004128e-13
1.1843716751758917e-13
1.1861127709921450e-13
1.1862832963054534e-13
1.1936541328073690e-13
1.2006205013958263e-13
1.2042283467871551e-13
1.2058935087814686e-13
1.2217608543528300e-13
1.2169273409067289e-13
1.2253197614891024e-13
1.2188288630723687e-13
1.2259171566332311e-13
1.2294258482898999e-13
1.2394243613229063e-13
1.2399146325358337e-13
1.2493662121008264e-13
1.2549202962106833e-13
1.2563904270142350e-13
1.2563300315163705e-13
1.2720335367951617e-13
1.2702977943614808e-13
1.2809395466117648e-13
1.2886087313458455e-13
1.2828706204129881e-13
1.2891162478393913e-13
1.3040453356848012e-13
1.2908509144849498e-13
1.2945722866951913e-13
1.2981781537348570e-13
1.3123569398417079e-13
1.3105400030103505e-13
1.3133615833887147e-13
1.3155568994578554e-13
1.3175946306292069e-13
1.3187484098040962e-13
1.3331934192337774e-13
1.3324446352744765e-13
1.3372650091187853e-13
1.3430314861673681e-13
1.3492895238408009e-13
1.3545589157312451e-13
1.3465687267142712e-13
1.3579432941124035e-13
1.3565773736557008e-13
1.3650087696461229e-13
1.3806798938028969e-13
1.3765544044708025e-13
1.3759647989870182e-13
1.3902566679378514e-13
1.4026151934124183e-13
1.3898095172275264e-13
1.3945212951014859e-13
1.4012788050817671e-13
1.4164476983294302e-13
1.4108040688162096e-13
1.4174648450493800e-13
1.4118249139158459e-13
1.4223407898660920e-13
1.4245752202962915e-13
1.4397957727398659e-13
1.4318176109629842e-13
1.4513708503271038e-13
1.4404514999914551e-13
1.4508343441429304e-13
1.4561718640248759e-13
1.4459662083653336e-13
1.4638651838933366e-13
1.4577277173764251e-13
1.4727305302963339e-13
1.4677184099309095e-13
1.4658675145997805e-13
1.4674730613940061e-13
1.4861567479937230e-13
1.4767324646357453e-13
1.4862861051414834e-13
1.4818279600407858e-13
1.4899695561726462e-13
1.4965107424068249e-13
1.5071416326932179e-13
1.5190875393495648e-13
1.5080888231550862e-13
1.5130279860133447e-13
1.5161060900119484e-13
1.5273018611077056e-13
1.5363567290467840e-13
1.5387416095688597e-13
1.5392383898814700e-13
1.5379934022706361e-13
1.5444938725604926e-13
1.5473555396863124e-13
1.5549810710098360e-13
1.5481574543961405e-13
1.5626368585080562e-13
1.5661760204621731e-13
1.5687527135201133e-13
1.5712874760113643e-13
1.5758445944915524e-13
1.5750761882797981e-13
1.5837018214298647e-13
1.5829972039280610e-13
1.5892010299125665e-13
1.6043572167012225e-13
1.5965755900801194e-13
1.6067388691950748e-13
1.6056918539170756e-13
1.6098249625104100e-13
1.6226644815575084e-13
1.6251478462643319e-13
1.6224141988440519e-13
1.6321540542040127e-13
1.6306650559237643e-13
1.6365881849470828e-13
1.6454660263313798e-13
1.6413247132053142e-13
1.6386828350258063e-13
1.6581224250992448e-13
1.6542327088771769e-13
1.6589677358155162e-13
1.6631989180244847e-13
1.6659468490061025e-13
1.6714565332611719e-13
1.6708559583455967e-13
1.6821713159205034e-13
1.6801051772069341e-13
1.6827645876855397e-13
1.6838456098604213e-13
1.6955787166515143e-13
1.6929077994637103e-13
1.6973774487909889e-13
1.7064758860609129e-13
1.7130881195457407e-13
1.7154761153982564e-13
1.7149536849438272e-13
1.7233347851403497e-13
1.7303406905971090e-13
1.7285648049514440e-13
1.7445523265238839e-13
1.7428182870253576e-13
1.7470255585530534e-13
1.7458214498300585e-13
1.7594624020378084e-13
1.7577920319161498e-13
1.7618016959593405e-13
1.7665518863544166e-13
1.7726120308045446e-13
1.7702341928643664e-13
1.7767320541363220e-13
1.7892120432419078e-13
1.7818931329004587e-13
1.7851640325496033e-13
1.7914400192817168e-13
1.7998656473986735e-13
1.7950045780636885e-13
1.8036844846557227e-13
1.8154728005269283e-13
1.8229544540012918e-13
1.8160227896329558e-13
1.8277975886201680e-13
1.8241197813132155e-13
1.8234367605518687e-13
1.8319287498816453e-13
1.8459663099142736e-13
1.8328495892327006e-13
1.8451444807146814e-13
1.8533702578564427e-13
1.8503715016094990e-13
1.8670513135575238e-13
1.8626659863825109e-13
1.8780324946419277e-13
1.8715290048846906e-13
1.8738208475393429e-13
1.8789538280699188e-13
1.8862870696790085e-13
1.8827854078169082e-13
1.8837791419232369e-13
1.8860127874279437e-13
1.9027423302890045e-13
1.8995031452030650e-13
1.9019441040856007e-13
1.9066549703280897e-13
1.9054297877986425e-13
1.9102350162008062e-13
1.9161266061751722e-13
1.9157869050614149e-13
1.9218667801574086e-13
1.9299615954933035e-13
1.9318368625386892e-13
1.9331060211507617e-13
1.9321852621502355e-13
1.9401479858878935e-13
1.9475291719229306e-13
1.9526070643688922e-13
1.9647165802417172e-13
1.9567383400553828e-13
1.9687513897075357e-13
1.9688937504967683e-13
1.9671704179446123e-13
1.9770908422611569e-13
1.9789415545850976e-13
1.9751374640870354e-13
1.9794808287152097e-13
1.9869883960818161e-13
1.9883034709067800e-13
1.9872287612185028e-13
1.9930690963215143e-13
1.9966017508502222e-13
2.0007668149009634e-13
2.0047127553829110e-13
2.0199202011320005e-13
2.0165046540822011e-13
2.0265788049595866e-13
2.0238086407446485e-13
2.0275738080150896e-13
2.0371035427001474e-13
2.0391430870577108e-13
2.0524372530185049e-13
2.0397957822626676e-13
2.0431648797975925e-13
2.0464687263987292e-13
2.0662728157499589e-13
2.0562811048739323e-13
2.0640794492625969e-13
2.0578261384938164e-13
2.0669599470971879e-13
2.0735241227095856e-13
2.0752668155746153e-13
2.0807613713511894e-13
2.0847349349412868e-13
2.0946488748224896e-13
2.0998448212396904e-13
2.0931815928763024e-13
2.1024423160027008e-13
2.1024595212086044e-13
2.1050902079552412e-13
2.1119764270090716e-13
2.1134071794018589e-13
2.1201838533773132e-13
2.1226002062578028e-13
2.1277727651147731e-13
2.1307336496782900e-13
2.1416088020676909e-13
2.1417480185983554e-13
2.1541205468038792e-13
2.1585066138418830e-13
2.1509319111671699e-13
2.1614745100803881e-13
2.1617655426398456e-13
2.1659538169240076e-13
2.1668961993224038e-13
2.1642421510645697e-13
2.1746956581578810e-13
2.1714659709246461e-13
2.1789358092691096e-13
2.1850556646858454e-13
2.1894305322283197e-13
2.1914088101184884e-13
2.2047481074733140e-13
2.2023764116982420e-13
2.2054098204301271e-13
2.2112931568332118e-13
2.2171437958203043e-13
2.2284418983571733e-13
2.2223924111727259e-13
2.2290581553666993e-13
2.2410803155340329e-13
2.2350216704335433e-13
2.2419658257705914e-13
2.2409076075469760e-13
2.2507815566783848e-13
2.2482333820217630e-13
2.2591883603720497e-13
2.2657338757234094e-13
2.2660795594076422e-13
2.2742513243768085e-13
2.2801364001081187e-13
2.2797385847405097e-13
2.2932767853105179e-13
2.3012292627572880e-13
2.2960642564249399e-13
2.3000220346815398e-13
2.3033600888715950e-13
2.3039972235114412e-13
2.3097536587430675e-13
2.3083303835260867e-13
2.3177082942483689e-13
2.3229486775345506e-13
2.3269784570524694e-13
2.3274404387352112e-13
2.3431397520897585e-13
2.3360036852058753e-13
2.3436853113565818e-13
2.3450691457445888e-13
2.3612896790965249e-13
2.3584192676933719e-13
2.3591463243783550e-13
2.3645578521485048e-13
2.3812151005139283e-13
2.3678155303201364e-13
2.3748821393929185e-13
2.3851378441883711e-13
2.3879322449871454e-13
2.3909294765831780e-13
2.3878657160709559e-13
2.3963505287959186e-13
2.4049669699892431e-13
2.3948204715924799e-13
2.4038877298321027e-13
2.4059673136065236e-13
2.4120871140216437e-13
2.4152492787809238e-13
2.4175369903141969e-13
2.4186604575228336e-13
2.4325550552919863e-13
2.4335480804479585e-13
2.4322332460298789e-13
2.4385068372840205e-13
2.4410118848373501e-13
2.4392857628508399e-13
2.4431386695814202e-13
2.4499850796106976e-13
2.4540930904901780e-13
2.4587772857031807e-13
2.4648844192856869e-13
2.4668136647184811e-13
2.4749140347505996e-13
2.4916808682255503e-13
2.4825624159813214e-13
2.4934746263081403e-13
2.4927250802729205e-13
2.4962881092899917e-13
2.5016518532371490e-13
2.5169741442645124e-13
2.5097789753701536e-13
2.5147881494581119e-13
2.5202792998900608e-13
2.5355806875990105e-13
2.5218163046845127e-13
2.5299603132616323e-13
2.5354928401892889e-13
2.5458444210924323e-13
2.5450948531230373e-13
2.5580661217191405e-13
2.5477775459551939e-13
2.5529875165264408e-13
2.5509885902002940e-13
2.5564766838938247e-13
2.5612146140991879e-13
2.5667790122739635e-13
2.5684926129892889e-13
2.5711913524494063e-13
2.5777156667043474e-13
2.5792550768489752e-13
2.5863034224549264e-13
2.5908065632138499e-13
2.5941300486602952e-13
2.6081917583456412e-13
2.5958756784640011e-13
2.6041324195763300e-13
2.6125041303604001e-13
2.6098426362777262e-13
2.6167015258612750e-13
2.6189124790188200e-13
2.6248387091459294e-13
2.6261199245914201e-13
2.6300057680191509e-13
2.6415407475950937e-13
2.6435482796628663e-13
2.6508280809827426e-13
2.6585476712730681e-13
2.6544692715857768e-13
2.6651351630770093e-13
2.6655340411899994e-13
2.6694481763089398e-13
2.6712016939103975e-13
2.6756688247888212e-13
2.6805689717889825e-13
2.6862819006221593e-13
2.6902533173669956e-13
2.6878928087133490e-13
2.6948826225374509e-13
2.6990645051250602e-13
2.7072505218121930e-13
2.7053053170530458e-13
2.7141018958054893e-13
2.7265869256272922e-13
2.7239574167989862e-13
2.7259182306790314e-13
2.7250133629706514e-13
2.7386713847248373e-13
2.7354878579668996e-13
2.7370210414222040e-13
2.7422288056706124e-13
2.7528109301007527e-13
2.7533982358112167e-13
2.7534633598011736e-13
2.7646368472771622e-13
2.7624384119961203e-13
2.7636481766057981e-13
2.7745719401661187e-13
2.7832809270983148e-13
2.7829953274584993e-13
2.7791934630603834e-13
2.7811115050132852e-13
2.7922207322799938e-13
2.7968727007900316e-13
2.8059229619079893e-13
2.8043054613430698e-13
2.8104728249143300e-13
2.8202330138813809e-13
2.8194332930387577e-13
2.8268549131861382e-13
2.8333455773118257e-13
2.8275650227607040e-13
2.8354122170113785e-13
2.8378242037899672e-13
2.8395471903371802e-13
2.8441019919059798e-13
2.8488429684440921e-13
2.8539777642465200e-13
2.8654831125052234e-13
2.8634551862793833e-13
2.8673053303863165e-13
2.8684737730590640e-13
2.8755368029463515e-13
2.8751236115450653e-13
2.8814582005671015e-13
2.8843413032435433e-13
2.8965356987401736e-13
2.8947698727363774e-13
2.9008203550126030e-13
2.9124341967255996e-13
2.9137089659433173e-13
2.9120303846761138e-13
2.9251465677841846e-13
2.9249876049421486e-13
2.9290559283359444e-13
2.9291039418875069e-13
2.9325071801094588e-13
2.9501343266868400e-13
2.9379151452848306e-13
2.9432036407491721e-13
2.9461709336666570e-13
2.9532000005211071e-13
2.9600362352621923e-13
2.9606855138896402e-13
2.9699689194334527e-13
2.9785505258658431e-13
2.9727427919368534e-13
2.9820421435547849e-13
2.9819712834974830e-13
2.9834526067189690e-13
2.9886853432311474e-13
2.9899498678924907e-13
2.9923255928272679e-13
3.0084870706454423e-13
3.0046937802530098e-13
3.0165557387019404e-13
3.0227075502294250e-13
3.0175337722818570e-13
3.0282664022999118e-13
3.0309293868112309e-13
3.0315543463929656e-13
3.0509878406711492e-13
3.0446490999268738e-13
3.0451682868082517e-13
3.0502478716743839e-13
3.0505774876465057e-13
3.0584169438313876e-13
3.0568005487824364e-13
3.0603469409672806e-13
3.0665055697278004e-13
3.0722187456647032e-13
3.0749229838953670e-13
3.0789506959944473e-13
3.0792011347422224e-13
3.0893890568404955e-13
3.0876624854143517e-13
3.0996343089094039e-13
3.0969840240641514e-13
3.1081265858364012e-13
3.1117882470563914e-13
3.1079585426325427e-13
3.1117763104593624e-13
3.1185123139556605e-13
3.1258983357570946e-13
3.1337267783801284e-13
3.1373775948162492e-13
3.1422765443058441e-13
3.1456236820865525e-13
3.1478874593568895e-13
3.1555891640977231e-13
3.1613132149852937e-13
3.1633349766765387e-13
3.1646171405733186e-13
3.1670439051628852e-13
3.1731533878929264e-13
3.1781857407133597e-13
3.1854936698107131e-13
3.1893128341080661e-13
3.1929002557626853e-13
3.1953137047437036e-13
3.1928335023894180e-13
3.2038539958896210e-13
3.2054715441425843e-13
3.2079468303391780e-13
3.2112512941480028e-13
3.2153484853373105e-13
3.2216355169828398e-13
3.2209099925494894e-13
3.2281684382989743e-13
3.2287132084426215e-13
3.2376402926400032e-13
3.2417418387335450e-13
3.2362134049720206e-13
3.2461606445299795e-13
3.2462287395068164e-13
3.2467660876107295e-13
3.2609852280501213e-13
3.2555699196042459e-13
3.2673536582981311e-13
3.2609378407300086e-13
3.2693609042741787e-13
3.2727614401344919e-13
3.2752357768595864e-13
3.2783917696473452e-13
3.2900479299877788e-13
3.2864195854676579e-13
3.2955404702243243e-13
3.2900926402262303e-13
3.2950605661225823e-13
3.3002375520048924e-13
3.3049916041082468e-13
3.3063625318134083e-13
3.3216999313026111e-13
3.3172501495583738e-13
3.3236378218675970e-13
3.3313758769779836e-13
3.3323188710143007e-13
3.3378891046460438e-13
3.3398278990536489e-13
3.3435230086804138e-13
3.3529302403908680e-13
3.3512387571931564e-13
3.3608766521578920e-13
3.3602199483226562e-13
3.3788089843626148e-13
3.3687247607686175e-13
3.3713829525024147e-13
3.3769018134420519e-13
3.3839190592453793e-13
3.3801602251230372e-13
3.3849512967780540e-13
3.3943557303416694e-13
3.3983906894409301e-13
3.4024887855153308e-13
3.4118909400184890e-13
3.4168714759249845e-13
3.4146937957195740e-13
3.4162939350326348e-13
3.4270349940482108e-13
3.4261368059839584e-13
3.4326150375975571e-13
3.4349903731015983e-13
3.4326225167797594e-13
3.4407247864979943e-13
3.4410342594603479e-13
3.4481336626706255e-13
3.4633469352375220e-13
3.4598820764883002e-13
3.4569240101314902e-13
3.4574154940738652e-13
3.4734436548541893e-13
3.4692354325733087e-13
3.4775380512216719e-13
3.4834858503009167e-13
3.4999191959158140e-13
3.4981695813860962e-13
3.4982186015764744e-13
3.5002183003258462e-13
3.5121537905120070e-13
3.5058714709998721e-13
3.5123914489005394e-13
3.5131360204762311e-13
3.5206427474067727e-13
3.5326117586402274e-13
3.5296898070565798e-13
3.5319776748973977e-13
3.5406794082086232e-13
3.5387253806604896e-13
3.5430466400794837e-13
3.5549571892415494e-13
3.5529067490309126e-13
3.5626893931752260e-13
3.5702732726901364e-13
3.5698879442027134e-13
3.5772317111235839e-13
3.5767075991606004e-13
3.5766850052813440e-13
3.5838561975070461e-13
3.5886872225709538e-13
3.5934453407185987e-13
3.6013105260723078e-13
3.6018520548641507e-13
3.6052188705806153e-13
3.6129985655207971e-13
3.6050785874625087e-13
3.6119062613593179e-13
3.6257973772327910e-13
3.6201102639073893e-13
3.6289838204973358e-13
3.6296017669856924e-13
3.6293344879848772e-13
3.6346906399425965e-13
3.6409870333038605e-13
3.6411052827177544e-13
3.6403352971982475e-13
3.6576197679820950e-13
3.6594976526443507e-13
3.6575033860022653e-13
3.6654799240549485e-13
3.6658961942429481e-13
3.6750698241555796e-13
3.6763298311477895e-13
3.6769779751750944e-13
3.6869619526608500e-13
3.6932302362617186e-13
3.6908942920320889e-13
3.7105594265950167e-13
3.6975255452846365e-13
3.7006544845755383e-13
3.7035973729894896e-13
3.7152659614477480e-13
3.7116155651452987e-13
3.7272499543192895e-13
3.7187311704912586e-13
3.7264259970162817e-13
3.7300550915783816e-13
3.7345395524380274e-13
3.7349923532816408e-13
3.7491580825636644e-13
3.7450657668674913e-13
3.7457091180001583e-13
3.7533222880456724e-13
3.7529831226323663e-13
3.7609258907397031e-13
3.7758835674585087e-13
3.7662183542758285e-13
3.7797581328361951e-13
3.7882810770572694e-13
3.7990776753798827e-13
3.7917478723901571e-13
3.7970703040433132e-13
3.7992248895642694e-13
3.8086012280546073e-13
3.8035943752654444e-13
3.8145050284948089e-13
3.8169633614535400e-13
3.8333603941211285e-13
3.8240805662606125e-13
3.8360425383799044e-13
3.8318640149444652e-13
3.8450381929093766e-13
3.8425689162324367e-13
3.8526657353381376e-13
3.8522543582873656e-13
3.8619581825495928e-13
3.8594600647302136e-13
3.8617334561452248e-13
3.8671353741220288e-13
3.8726415508228698e-13
3.8873201260068894e-13
3.8816623864037606e-13
3.8878545432190243e-13
3.8877690519331273e-13
3.8916884391432640e-13
3.8987239877679759e-13
3.9064837518857994e-13
3.9038299289267315e-13
3.9123974558592082e-13
3.9217252802730477e-13
3.9171849566785461e-13
3.9250371073484506e-13
3.9384512957915534e-13
3.9321886223712203e-13
3.9341050021947057e-13
3.9382814989638588e-13
3.9461082386340981e-13
3.9452731517808483e-13
3.9571537042979012e-13
3.9584376622121836e-13
3.9752257199246851e-13
3.9764874207890054e-13
3.9758948852361953e-13
3.9752037636156511e-13
3.9810893278992499e-13
3.9806462539008651e-13
3.9831216776799448e-13
3.9871544722180813e-13
3.9929354653968069e-13
4.0044706899226895e-13
4.0039694399815014e-13
4.0087292350292003e-13
4.0172368585527220e-13
4.0141029866607854e-13
4.0196907563168132e-13
4.0270666838710202e-13
4.0288005480197690e-13
4.0320306547708607e-13
4.0387461174542479e-13
4.0465195597787415e-13
4.0553023481202255e-13
4.0486394347005122e-13
4.0599788142054347e-13
4.0588400111927212e-13
4.0606870949864504e-13
4.0603375229954729e-13
4.0643721571219722e-13
4.0726544108270440e-13
4.0707772566738018e-13
4.0780674500412834e-13
4.0873974261409405e-13
4.0914079008230178e-13
4.0886934363927571e-13
4.0937661941997342e-13
4.0997079986807063e-13
4.1034353663433254e-13
4.1104387639505646e-13
4.1144643925139782e-13
4.1171751575136589e-13
4.1220107220451915e-13
4.1298730425006469e-13
4.1296344993573771e-13
4.1361416255618080e-13
4.1436672692990739e-13
4.1423593454689926e-13
4.1513220120829749e-13
4.1543264526575333e-13
4.1532214775173947e-13
4.1618356869778033e-13
4.1687650412984919e-13
4.1718423334330364e-13
4.1702253546026472e-13
4.1740413873219183e-13
4.1851822433399960e-13
4.1889848488522210e-13
4.1873473008548947e-13
4.1932383758120160e-13
4.1977777201462266e-13
4.2019762222562553e-13
4.2021124831974753e-13
4.2096834535678625e-13
4.2134402864019034e-13
4.2197823695781903e-13
4.2319798896511670e-13
4.2319530725652615e-13
4.2389875634248361e-13
4.2374640419834296e-13
4.2474829686175159e-13
4.2537473997250358e-13
4.2636723877869668e-13
4.2643280693761452e-13
4.2691532739666287e-13
4.2751813164260455e-13
4.2707056016850661e-13
4.2777967235435352e-13
4.2829176506736874e-13
4.2886127675445844e-13
4.2913253135264800e-13
4.2932283630321370e-13
4.3061630253549767e-13
4.3116387798649568e-13
4.3106084601536175e-13
4.3133450380565081e-13
4.3258632755514347e-13
4.3221879226823655e-13
4.3252926437875462e-13
4.3393385237818940e-13
4.3332540379600075e-13
4.3333310698640729e-13
4.3383356835801506e-13
4.3522596744565457e-13
4.3425418378324359e-13
4.3471406274211022e-13
4.3602345693821626e-13
4.3669190716046198e-13
4.3685006587580232e-13
4.3841505982533481e-13
4.3779183789621699e-13
4.3841888905723791e-13
4.3814752088732619e-13
4.3919170987465743e-13
4.3992743374341096e-13
4.3941512566965826e-13
4.4072421700179914e-13
4.3994675051357561e-13
4.4048819506078541e-13
4.4094478465640259e-13
4.4128294225333472e-13
4.4118612620200313e-13
4.4181292062198917e-13
4.4272427668687007e-13
4.4359887433964108e-13
4.4275945466374023e-13
4.4471018592387498e-13
4.4403964641293647e-13
4.4469668209426597e-13
4.4502723718928154e-13
4.4564776396674006e-13
4.4719583308082345e-13
4.4603528159494056e-13
4.4590412622998042e-13
4.4628032470987309e-13
4.4747672566339931e-13
4.4709063218334920e-13
4.4749240993435531e-13
4.4790265649992952e-13
4.4825630143570755e-13
4.4949276144561767e-13
4.4956499846187559e-13
4.4971069532348792e-13
4.4992162454317183e-13
4.5113701716691487e-13
4.5071545545654631e-13
4.5157330964641163e-13
4.5115330088189922e-13
4.5220709653876122e-13
4.5210691679417104e-13
4.5270113896672681e-13
4.5303294031405417e-13
4.5327823164369794e-13
4.5371067146348080e-13
4.5487688521467788e-13
4.5495682549236441e-13
4.5525009314590729e-13
4.5626903659950039e-13
4.5768722078370942e-13
4.5726283686330421e-13
4.5744330656167797e-13
4.5834105722579933e-13
4.5859102711828753e-13
4.5859340552191790e-13
4.5891050852033613e-13
4.5995038851069000e-13
4.5959237694697922e-13
4.6093296897182146e-13
4.6074146980440795e-13
4.6099316688104614e-13
4.6155349353327604e-13
4.6254823129362416e-13
4.6244887078212101e-13
4.6373654605235154e-13
4.6394308695032758e-13
4.6401334368807906e-13
4.6443572167534558e-13
4.6398667618234414e-13
4.6523623174292885e-13
4.6567017047088451e-13
4.6630821372541743e-13
4.6615525599503783e-13
4.6623465935998492e-13
4.6778569997891276e-13
4.6752218971727637e-13
4.6792773186380286e-13
4.6840654434235214e-13
4.6906452443013194e-13
4.6925701123562238e-13
4.7111352309068662e-13
4.7037149365511889e-13
4.7209083689251777e-13
4.7153525075453747e-13
4.7153203989426921e-13
4.7352041228125780e-13
4.7290147636856303e-13
4.7342374707409320e-13
4.7358026149224778e-13
4.7404334983477227e-13
4.7534665999594171e-13
4.7518092865278761e-13
4.7564929600675560e-13
4.7704147553065746e-13
4.7637034237145475e-13
4.7681930754886873e-13
4.7707449242834327e-13
4.7767034362308848e-13
4.7821467024887945e-13
4.7895990943573897e-13
4.7910668046326033e-13
4.7931160586334065e-13
4.7957515213023917e-13
4.8081881213351434e-13
4.8048342244689032e-13
4.8218735256584577e-13
4.8219041045568282e-13
4.8231727582888985e-13
4.8277964895715445e-13
4.8288035830319452e-13
4.8401035974969462e-13
4.8423361173961050e-13
4.8475572437289037e-13
4.8506341658060849e-13
4.8647459482428666e-13
4.8611150343153140e-13
4.8671514741647776e-13
4.8712062360943700e-13
4.8756302427530590e-13
4.8855037738385676e-13
4.8824536001688025e-13
4.8837768569003478e-13
4.8902137581295401e-13
4.9015689601222157e-13
4.9052679121356071e-13
4.9088788401215602e-13
4.9161622614282133e-13
4.9222155182747500e-13
4.9228470241267419e-13
4.9250891371576150e-13
4.9343112527904198e-13
4.9304021979701771e-13
4.9440512693457989e-13
4.9421778435000588e-13
4.9421651062055487e-13
4.9540494459989366e-13
4.9654927210786126e-13
4.9607245724819791e-13
4.9597343358520177e-13
4.9676264436488813e-13
4.9714403860023316e-13
4.9928206465189567e-13
4.9848198328882254e-13
4.9857410455578013e-13
4.9914813080863834e-13
4.9872536524281710e-13
4.9967188815006926e-13
5.0028358395271472e-13
5.0133907588897504e-13
5.0113618308079267e-13
5.0108182204246748e-13
5.0202488120239865e-13
5.0282148812522568e-13
5.0331104355296420e-13
5.0372260376231114e-13
5.0452649539765873e-13
5.0455754278835106e-13
5.0434731268389686e-13
5.0519933315005742e-13
5.0548591401079436e-13
5.0605634652488215e-13
5.0734545648505587e-13
5.0807432402949030e-13
5.0729941506180050e-13
5.0776071056177250e-13
5.0802641673587646e-13
5.0890678487854636e-13
5.0922697954138637e-13
5.1011849245783482e-13
5.1008109830170340e-13
5.1026831578795240e-13
5.1103572681311848e-13
5.1111980626926521e-13
5.1227633283430635e-13
5.1243563199032613e-13
5.1290485113598781e-13
5.1342144180210848e-13
5.1347769897049510e-13
5.1457665408940182e-13
5.1510461425353125e-13
5.1452724677686172e-13
5.1514039352386060e-13
5.1530836958054358e-13
5.1565628453671232e-13
5.1660065782065010e-13
5.1685153072830868e-13
5.1636640782707850e-13
5.1744073002510675e-13
5.1766454589951701e-13
5.1759002883312823e-13
5.1868908125465517e-13
5.1835066851807923e-13
5.1885145025827875e-13
5.2040793207782363e-13
5.1962711321209500e-13
5.2000270762164706e-13
5.2079903807196683e-13
5.2076590156683131e-13
5.2065013154709192e-13
5.2269679871689257e-13
5.2237664832738317e-13
5.2317248382857491e-13
5.2286369676361442e-13
5.2381328957573103e-13
5.2551957327915678e-13
5.2399553747685766e-13
5.2490574393579787e-13
5.2519113071556312e-13
5.2743605201668144e-13
5.2672331559328824e-13
5.2688060930767376e-13
5.2709272432846948e-13
5.2913086381321787e-13
5.2873958853946694e-13
5.2813936455673213e-13
5.2968092928603902e-13
5.2957354186716260e-13
5.3061810331654232e-13
5.3035095780839010e-13
5.3212651777488400e-13
5.3208474814877474e-13
5.3215986349524141e-13
5.3243357373981076e-13
5.3196030472659843e-13
5.3332562289061230e-13
5.3320282234467754e-13
5.3319709468894090e-13
5.3506009281861028e-13
5.3476786116025754e-13
5.3544612207534471e-13
5.3601216174936822e-13
5.3628101498311168e-13
5.3623615164205171e-13
5.3728118820904645e-13
5.3802582669057460e-13
5.3828296505173920e-13
5.3943170528586196e-13
5.3865279244207249e-13
5.3995738990361001e-13
5.4033369755863246e-13
5.4059164748704142e-13
5.4141915841425259e-13
5.4238009704059002e-13
5.4230895253904355e-13
5.4218910288314360e-13
5.4343814124219961e-13
5.4326016904124184e-13
5.4363516478777440e-13
5.4395900445625962e-13
5.4419975230208323e-13
5.4490205722127797e-13
5.4518713479289805e-13
5.4546533160188298e-13
5.4558939499951251e-13
5.4661089707921319e-13
5.4716615310121733e-13
5.4674747172033027e-13
5.4796315813841398e-13
5.4827073656643213e-13
5.4813533814064034e-13
5.4955969832919761e-13
5.4968453836844920e-13
5.4986576086656864e-13
5.4969210447134101e-13
5.5063216055028873e-13
5.5086731658224014e-13
5.5178717877187675e-13
5.5191749803712051e-13
5.5267487185129640e-13
5.5371756266881502e-13
5.5318300440407819e-13
5.5426188708410191e-13
5.5464923944798664e-13
5.5532420214127778e-13
5.5499659055015329e-13
5.5582325237801896e-13
5.5648721361482176e-13
5.5820066547759894e-13
5.5730690780412526e-13
5.5762314044393872e-13
5.5779809979326474e-13
5.5920720018442533e-13
5.5907967308961687e-13
5.6067491529464998e-13
5.5996291218404097e-13
5.6047274187322978e-13
5.6054662292855914e-13
5.6205486368088645e-13
5.6142061076321798e-13
5.6258453753877935e-13
5.6243656585883171e-13
5.6278357237447764e-13
5.6274992550962369e-13
5.6392509007904181e-13
5.6402902840550199e-13
5.6409147436974716e-13
5.6613757049247904e-13
5.6571332552467093e-13
5.6595937012590537e-13
5.6611294899027024e-13
5.6667709473339981e-13
5.6718980379305418e-13
5.6768657192659379e-13
5.6823745646775182e-13
5.6789986091038126e-13
5.6849805078602185e-13
5.6879524588512577e-13
5.6967559465145918e-13
5.7125414422959308e-13
5.6971075525810446e-13
5.7056676498334424e-13
5.7112572725253839e-13
5.7067922593795749e-13
5.7174967361240319e-13
5.7147257932502082e-13
5.7241555964753497e-13
5.7353143776483432e-13
5.7287765651926298e-13
5.7416795049557842e-13
5.7517776057721574e-13
5.7483848824215614e-13
5.7597415815920504e-13
5.7589068824958939e-13
5.7704940252770896e-13
5.7620433263930586e-13
5.7804143386042131e-13
5.7714768201395592e-13
5.7772207111578943e-13
5.7737423736372453e-13
5.7776214232889753e-13
5.7977968697362222e-13
5.7960742255215963e-13
5.7921616984773354e-13
5.7949419919488678e-13
5.8191002875024737e-13
5.8131499650368863e-13
5.8169892119831519e-13
5.8319489719843475e-13
5.8254451768331813e-13
5.8265617591015149e-13
5.8405325494009496e-13
5.8406981821637263e-13
5.8492260793346531e-13
5.8529291592908227e-13
5.8566183594403338e-13
5.8708018598846260e-13
5.8617616059747090e-13
5.8640194876136450e-13
5.8669398554159081e-13
5.8873659538250539e-13
5.8750442922868007e-13
5.8910153483742462e-13
5.8793225852630006e-13
5.8987292291391468e-13
5.8930753334620687e-13
5.9005736877088268e-13
5.9012139246352322e-13
5.9089082838978281e-13
5.9188720153943271e-13
5.9243893532271819e-13
5.9215257527921529e-13
5.9393687987475085e-13
5.9329674987409320e-13
5.9329197208947931e-13
5.9416085346822770e-13
5.9531016306162071e-13
5.9488276704844229e-13
5.9573683108903252e-13
5.9599988369163211e-13
5.9667171004411177e-13
5.9627382603190502e-13
5.9664869250877928e-13
5.9742273003669876e-13
5.9755060839025265e-13
5.9796935783908429e-13
5.9904727486699820e-13
5.9882185761038821e-13
5.9969606283472725e-13
6.0063581540064964e-13
6.0022296451055289e-13
6.0125397977114714e-13
6.0223657460805100e-13
6.0385064569740981e-13
6.0184424108750717e-13
6.0343052002007149e-13
6.0342640647050798e-13
6.0442838353381766e-13
6.0451419196316650e-13
6.0499161578178663e-13
6.0555091097219176e-13
6.0619660636013553e-13
6.0598277088990028e-13
6.0670844797166434e-13
6.0717237356697157e-13
6.0884913588760141e-13
6.0837989779500783e-13
6.0859159895440559e-13
6.0908466857279224e-13
6.0934852946731429e-13
6.1094255233476562e-13
6.0981407874498867e-13
6.1072947210256177e-13
6.1139127689123176e-13
6.1184244082794464e-13
6.1188337541292695e-13
6.1232594244676468e-13
6.1339683019307369e-13
6.1342324390010489e-13
6.1382259591408804e-13
6.1535190533683268e-13
6.1486063622621883e-13
6.1518171089188545e-13
6.1647829127857612e-13
6.1664926547880237e-13
6.1741256531474897e-13
6.1912707103908475e-13
6.1797411935168231e-13
6.1951600103904940e-13
6.1891071947506263e-13
6.1997604161650600e-13
6.2189497054147563e-13
6.2116242810632587e-13
6.2139737979212432e-13
6.2148173288437973e-13
6.2214486001326344e-13
6.2255814150173881e-13
6.2289738018203834e-13
6.2390792586597664e-13
6.2423022589966775e-13
6.2402221821891457e-13
6.2554171210092227e-13
6.2564520801436749e-13
6.2571237401791106e-13
6.2592263976905833e-13
6.2746809880366032e-13
6.2755651573667293e-13
6.2748705313969437e-13
6.2974577719062418e-13
6.2967095969043544e-13
6.3029987749035515e-13
6.3050929354803889e-13
6.3160380338317873e-13
6.3140620705633112e-13
6.3152939603192311e-13
6.3177307474506691e-13
6.3349012315504870e-13
6.3308454009079073e-13
6.3366813402005954e-13
6.3351030597585876e-13
6.3525537412922339e-13
6.3497642640512646e-13
6.3531454063323732e-13
6.3585475025821220e-13
6.3505735867504164e-13
6.3628093189764862e-13
6.3670343543935907e-13
6.3651308337721252e-13
6.3744430006547169e-13
6.3779198087260257e-13
6.3749841697660954e-13
6.3931630993688832e-13
6.3873419986922584e-13
6.3945075076556312e-13
6.4056144899034627e-13
6.4040774697779800e-13
6.4152791142066865e-13
6.4192784896855823e-13
6.4315401831014342e-13
6.4090077889750043e-13
6.4293546823035952e-13
6.4275699006832740e-13
6.4356666624042697e-13
6.4267678004773984e-13
6.4382015297154544e-13
6.4431172255798158e-13
6.4604415446435386e-13
6.4597451339611449e-13
6.4641570312547966e-13
6.4596473796740694e-13
6.4729804747499136e-13
6.4658163255791027e-13
6.4795946108104607e-13
6.4909045095547325e-13
6.4960013625686463e-13
6.4962812716257845e-13
6.5021574617987586e-13
6.5052674344828263e-13
6.5088326663773021e-13
6.5169637466973326e-13
6.5360701591152900e-13
6.5188851246135567e-13
6.5279152712724091e-13
6.5323234152567223e-13
6.5432589405843664e-13
6.5427695405906733e-13
6.5516270999777315e-13
6.5579508981335405e-13
6.5701366650976361e-13
6.5632534050808695e-13
6.5803693400638485e-13
6.5740455301848061e-13
6.5799105223739280e-13
6.5914062000859924e-13
6.5957002089616473e-13
6.6030209814146504e-13
6.6033053814455876e-13
6.6017697849429888e-13
6.6135078740053189e-13
6.6209027081854063e-13
6.6296773387370518e-13
6.6209549964976252e-13
6.6434838993527240e-13
6.6440863465142233e-13
6.6554610244596004e-13
6.6440394039231923e-13
6.6535457312060365e-13
6.6596625320097631e-13
6.6641773883043854e-13
6.6671388798875885e-13
6.6813288221115666e-13
6.6855092329720230e-13
6.6884467050507700e-13
6.6843473498390087e-13
6.6908427863118158e-13
6.6940145108805955e-13
6.6941142982674426e-13
6.7127982448863531e-13
6.7125395828911911e-13
6.7183390484493953e-13
6.7198426690679246e-13
6.7131967656815827e-13
6.7249750789746407e-13
6.7285825323106362e-13
6.7360448173859862e-13
6.7339357952762515e-13
6.7466476189837090e-13
6.7469490503355895e-13
6.7497065191341514e-13
6.7566616985451422e-13
6.7723221248010243e-13
6.7675211195611827e-13
6.7680686848783487e-13
6.7784201381870959e-13
6.7778056839181978e-13
6.7865610520944024e-13
6.7926214095905101e-13
6.7818592850651023e-13
6.7989159749202287e-13
6.8038375084538214e-13
6.8068757539438977e-13
6.8115792398815476e-13
6.8106448975608543e-13
6.8196994085267595e-13
6.8262518420440868e-13
6.8207210886716699e-13
6.8390833921020512e-13
6.8409977442489112e-13
6.8436602862243430e-13
6.8430042667705090e-13
6.8560167121873041e-13
6.8555717083582360e-13
6.8501925309047563e-13
6.8533900645938698e-13
6.8763999444799996e-13
6.8735731707097601e-13
6.8749150677000377e-13
6.8758703341330945e-13
6.8937052971328363e-13
6.8914216423239688e-13
6.8960239069256444e-13
6.8981440823495123e-13
6.8966637600601900e-13
6.9047831973701624e-13
6.9207863304856584e-13
6.9088188290792234e-13
6.9151865715114522e-13
6.9209122156175283e-13
6.9375135697868354e-13
6.9265212009534534e-13
6.9456169346107243e-13
6.9412897409969802e-13
6.9423139661303836e-13
6.9566294020197069e-13
6.9554768395578591e-13
6.9612585983284964e-13
6.9657165808183941e-13
6.9743624022995396e-13
6.9711392928162103e-13
6.9809279609315469e-13
6.9843098018173657e-13
6.9926561946676766e-13
6.9949619043724719e-13
7.0012954663255773e-13
7.0029016106764512e-13
7.0107807432330858e-13
7.0222604060531676e-13
7.0100441060070785e-13
7.0211625005882777e-13
7.0273721738353065e-13
7.0368215016766716e-13
7.0325053315010825e-13
7.0462303747130709e-13
7.0603407845803451e-13
7.0642835445165120e-13
7.0535501336427761e-13
7.0769264359648247e-13
7.0708294776560022e-13
7.0888741120163425e-13
7.0824008649281437e-13
7.0869619286875672e-13
7.0902611404809380e-13
7.0905801771918097e-13
7.1052473524884957e-13
7.1048170275077357e-13
7.1173589897842903e-13
7.1242514063008874e-13
7.1082474386239772e-13
7.1177928109670038e-13
7.1240496241748592e-13
7.1224336747998284e-13
7.1431733088642434e-13
7.1392995464685293e-13
7.1466552590010980e-13
7.1507444554491604e-13
7.1546417655667379e-13
7.1585682484564249e-13
7.1721028994173982e-13
7.1688217664275951e-13
7.1801020278575417e-13
7.1893826405998950e-13
7.1966031296357563e-13
7.1937759563358248e-13
7.1995433422071522e-13
7.2195263511384129e-13
7.2128034520334475e-13
7.2239011527936480e-13
7.2175491593164605e-13
7.2256580562273933e-13
7.2381303919407131e-13
7.2430016352542279e-13
7.2433772544541346e-13
7.2421843214610017e-13
7.2525554012297703e-13
7.2571274483901863e-13
7.2632052049426711e-13
7.2620595592551395e-13
7.2740591020842373e-13
7.2832725837694966e-13
7.2873006170393661e-13
7.2827221558282444e-13
7.2941995387261215e-13
7.2985042811069116e-13
7.2947539671554034e-13
7.3069072410125979e-13
7.3204667284059210e-13
7.3115914945654002e-13
7.3134231337208890e-13
7.3240348373106542e-13
7.3218423048293441e-13
7.3300322923780244e-13
7.3338614861245619e-13
7.3480811044232077e-13
7.3463169991521565e-13
7.3537049268722883e-13
7.3571256030386250e-13
7.3534284403836251e-13
7.3685776899405087e-13
7.3649543883086912e-13
7.3743504957975368e-13
7.3788901041730466e-13
7.3821688786180749e-13
7.3855955703481354e-13
7.3942919326649713e-13
7.3954197415907965e-13
7.4058440380190998e-13
7.4123221699999262e-13
7.4181411932802689e-13
7.4146613528455785e-13
7.4163898429038168e-13
7.4308658193799532e-13
7.4325272133057465e-13
7.4335180721375840e-13
7.4310857994973220e-13
7.4524321041222006e-13
7.4495081196971173e-13
7.4547833743344560e-13
7.4584138386311391e-13
7.4535800950036434e-13
7.4632262099622662e-13
7.4799008994443935e-13
7.4737224647322010e-13
7.4792477014309315e-13
7.4869163078458625e-13
7.4877495352015432e-13
7.4849740866925692e-13
7.4979091044299508e-13
7.5022784071891609e-13
7.5005682655090712e-13
7.5220959166990031e-13
7.5191547252446169e-13
7.5248670372133449e-13
7.5267368836799314e-13
7.5332746524753143e-13
7.5367718060670023e-13
7.5497921292309140e-13
7.5477204201780139e-13
7.5510306240731410e-13
7.5612253545853719e-13
7.5585783124660942e-13
7.5714694317140272e-13
7.5730077074178231e-13
7.5725698603039856e-13
7.5916163971791912e-13
7.5882844107439295e-13
7.5907793623657345e-13
7.5973682756877954e-13
7.5997509693701528e-13
7.6047523368067980e-13
7.6122644170513223e-13
7.6333766295757923e-13
7.6244787429650827e-13
7.6251452094573037e-13
7.6326719929846667e-13
7.6286856595466766e-13
7.6406522428826345e-13
7.6440038225229589e-13
7.6449388686363561e-13
7.6543000425117884e-13
7.6559793966728975e-13
7.6751446219681132e-13
7.6668408562371684e-13
7.6725871888669510e-13
7.6776731702916235e-13
7.6961452445106547e-13
7.6864314345458186e-13
7.6948233585033408e-13
7.6992543069642535e-13
7.7086862008068151e-13
7.7146577985682745e-13
7.7130034953981420e-13
7.7162808570197433e-13
7.7242304517116283e-13
7.7240492263277179e-13
7.7313795362581324e-13
7.7380249094225216e-13
7.7360955763190328e-13
7.7452828364930012e-13
7.7487270434990833e-13
7.7637193518578741e-13
7.7578906167718756e-13
7.7698526624916078e-13
7.7664537885955899e-13
7.7766618172241048e-13
7.7911643835555646e-13
7.7879553789864595e-13
7.7894545914618796e-13
7.7965649297825455e-13
7.7954442948153093e-13
7.8068076375981233e-13
7.8052182292130646e-13
7.8180038386686299e-13
7.8203931989421382e-13
7.8220636107776631e-13
7.8297961100759002e-13
7.8313838975617512e-13
7.8410063036700602e-13
7.8371988422217106e-13
7.8386415145882119e-13
7.8457715831482895e-13
7.8589548053047124e-13
7.8540439432633272e-13
7.8710128806848037e-13
7.8638143925236279e-13
7.8699230429489358e-13
7.8737814870182602e-13
7.8753144589925505e-13
7.8802707321531214e-13
7.8897402350032995e-13
7.8886076913666551e-13
7.8969850606829855e-13
7.9099076858683810e-13
7.9035729428050967e-13
7.9122836481767972e-13
7.9195851923391353e-13
7.9209468827876570e-13
7.9368569022592914e-13
7.9308641648596209e-13
7.9427982074185810e-13
7.9504713083069727e-13
7.9507963879768894e-13
7.9649804540992174e-13
7.9561991757288185e-13
7.9751358050835963e-13
7.9673816204443012e-13
7.9703118739717087e-13
7.9715314242145674e-13
7.9895647147785581e-13
7.9808998877268278e-13
7.9777312913501048e-13
7.9864126126918679e-13
7.9903455056231094e-13
8.0050929573523133e-13
7.9977343345772152e-13
8.0077043374727834e-13
8.0041537019283976e-13
8.0168291005223942e-13
8.0330034220909713e-13
8.0184819559425151e-13
8.0277200832793381e-13
8.0330990431798436e-13
8.0393462402127735e-13
8.0475179792226398e-13
8.0490756909356688e-13
8.0577403804485708e-13
8.0595456957182820e-13
8.0588575844761713e-13
8.0691195148970680e-13
8.0727983161269191e-13
8.0725723611922508e-13
8.0790855015683242e-13
8.0814134352497001e-13
8.0993859101183606e-13
8.0916803988145122e-13
8.0993241166574124e-13
8.0940439842057049e-13
8.1026143825338215e-13
8.1027486790953090e-13
8.1120119424378967e-13
8.1178001885256758e-13
8.1147721751678205e-13
8.1230850482272797e-13
8.1305692422606269e-13
8.1471045104779037e-13
8.1409774846992887e-13
8.1490498098869518e-13
8.1551384546619350e-13
8.1559206298304565e-13
8.1556134001583184e-13
8.1708755814824724e-13
8.1630794253613134e-13
8.1691824684307985e-13
8.1758557610554085e-13
8.1748762600080052e-13
8.1826251789454392e-13
8.1879829519422032e-13
8.1892267953414079e-13
8.1902516880956360e-13
8.1975301158600878e-13
8.2041475574984447e-13
8.2034779717964256e-13
8.2085392673333357e-13
8.2213855933274760e-13
8.2311219956516187e-13
8.2305933220574121e-13
8.2338173394780974e-13
8.2368514114827042e-13
8.2419961463094644e-13
8.2451219184824810e-13
8.2552734937455786e-13
8.2550857045330833e-13
8.2519128075187508e-13
8.2786603929975237e-13
8.2802184027408740e-13
8.2776518303703068e-13
8.2746144476320832e-13
8.2882264766115208e-13
8.2935947812082453e-13
8.2944367362937833e-13
8.3026163161794378e-13
8.3121634519681197e-13
8.3139693579344473e-13
8.3187389694410462e-13
8.3212122562219541e-13
8.3265962116292421e-13
8.3296735169676061e-13
8.3361356404778726e-13
8.3450603909645099e-13
8.3418223184337361e-13
8.3511138473882371e-13
8.3554720811477137e-13
8.3627798226006880e-13
8.3705717994763528e-13
8.3699346342458894e-13
8.3847669026977024e-13
8.3842454917564028e-13
8.3815818591017976e-13
8.3844717492921670e-13
8.3938149456616529e-13
8.3940290262576479e-13
8.3983963482162813e-13
8.4054116707407052e-13
8.4132946443495802e-13
8.4006676243239013e-13
8.4181734391800584e-13
8.4156159113521091e-13
8.4210506290902871e-13
8.4201593896972472e-13
8.4295134221434750e-13
8.4353492833085918e-13
8.4322088419359604e-13
8.4374902971268913e-13
8.4398044393809570e-13
8.4459485658110289e-13
8.4556231999369676e-13
8.4608319811076855e-13
8.4601446411675550e-13
8.4653609160342139e-13
8.4686648640218905e-13
8.4833101198095665e-13
8.4744850041043328e-13
8.4899792787826908e-13
8.4860457168823737e-13
8.4934852728946293e-13
8.4928500619412366e-13
8.5187737797696951e-13
8.5108347882929919e-13
8.5178868851032195e-13
8.5155723140923487e-13
8.5271533746249653e-13
8.5257591468243835e-13
8.5357323776084545e-13
8.5310628272250858e-13
8.5412935239021365e-13
8.5494630043708730e-13
8.5416346671984468e-13
8.5591663635530485e-13
8.5589951984883608e-13
8.5553594828499599e-13
8.5674098767149377e-13
8.5745774755399136e-13
8.5735554371849246e-13
8.5769740599376171e-13
8.5842602077181918e-13
8.5882559690868466e-13
8.5958392371176636e-13
8.5945214518131404e-13
8.5955828727201374e-13
8.6002909751351235e-13
8.6028982159825160e-13
8.6099539073746004e-13
8.6085981024252386e-13
8.6211888164772931e-13
8.6175646507015511e-13
8.6214044694342371e-13
8.6380884867520156e-13
8.6347132374403026e-13
8.6356678083897644e-13
8.6518230447247729e-13
8.6419413069534383e-13
8.6463651795778185e-13
8.6392608210240982e-13
8.6558408232670771e-13
8.6603725390918312e-13
8.6612827339004397e-13
8.6661298523517311e-13
8.6756331957022631e-13
8.6728211862249819e-13
8.6750124207437058e-13
8.6859352182133732e-13
8.6849484551560201e-13
8.6921764186842367e-13
8.7041856716097193e-13
8.6914035419659287e-13
8.6949120607256093e-13
8.6999145324084612e-13
8.7094802228446643e-13
8.7048498810816253e-13
8.7152859528103813e-13
8.7241813843981305e-13
8.7293584760039816e-13
8.7216543689713932e-13
8.7360892338951725e-13
8.7383577826744231e-13
8.7372387611239702e-13
8.7485916775410332e-13
8.7598281933773816e-13
8.7525442940292959e-13
8.7576794582589511e-13
8.7574206053764026e-13
8.7640188591645345e-13
8.7636938180513531e-13
8.7777631414725548e-13
8.7739171252305003e-13
8.7852726936301650e-13
8.7946996201574368e-13
8.7900481579706381e-13
8.7939209146550885e-13
8.7979199204358806e-13
8.8047432980819447e-13
8.8106396044249268e-13
8.8092489554910091e-13
8.8149691261363531e-13
8.8221292273032384e-13
8.8300853509763572e-13
8.8305943000475759e-13
8.8315126693840353e-13
8.8354533122351622e-13
8.8384756749650555e-13
8.8398637693008437e-13
8.8462128714049506e-13
8.8463744417628447e-13
8.8469734727337172e-13
8.8541145527673819e-13
8.8576614684047972e-13
8.8566700047642179e-13
8.8627186203667443e-13
8.8655442242040164e-13
8.8816024474672100e-13
8.8729916919541544e-13
8.8852169987708725e-13
8.8803538153792033e-13
8.8895905632031564e-13
8.8923570241815549e-13
8.9060310093703118e-13
8.8993497768263919e-13
8.9105760931096719e-13
8.9102120141028939e-13
8.9123442659153554e-13
8.9132136791624977e-13
8.9273389594209910e-13
8.9228324197924043e-13
8.9307127038866466e-13
8.9304591280006732e-13
8.9324309636205069e-13
8.9366291666161787e-13
8.9424648205279882e-13
8.9482469964251571e-13
8.9580487146584424e-13
8.9607662563099000e-13
8.9543609412598422e-13
8.9590876979850268e-13
8.9669429694959685e-13
8.9711993209680139e-13
8.9771400043517365e-13
8.9784686697011014e-13
8.9884574914681896e-13
8.9833318525958110e-13
8.9891245419550879e-13
8.9985818782186134e-13
9.0010947240525749e-13
8.9998751683932009e-13
9.0200494436909695e-13
9.0161638453348171e-13
9.0352807001984016e-13
9.0238572748356891e-13
9.0292912017528497e-13
9.0409752303369550e-13
9.0375095375737151e-13
9.0476553321230156e-13
9.0501460242122957e-13
9.0562688709334477e-13
9.0523079485103286e-13
9.0660329060792191e-13
9.0549569019498560e-13
9.0752445807476417e-13
9.0706900595436262e-13
9.0750970761623476e-13
9.0751048134122666e-13
9.0749648367121168e-13
9.0776247643738734e-13
9.0879344953768952e-13
9.0871661548861906e-13
9.0914994612200996e-13
9.0919645114859559e-13
9.0949267848788442e-13
9.1004226337810344e-13
9.1120636110046032e-13
9.1125857247649297e-13
9.1163985705247855e-13
9.1316481051963537e-13
9.1258261434211893e-13
9.1246169086275970e-13
9.1412130366875149e-13
9.1358060347271744e-13
9.1431859617168583e-13
9.1430902352280205e-13
9.1506929921744277e-13
9.1513309673124933e-13
9.1595697562273446e-13
9.1759052504677754e-13
9.1694741034797368e-13
9.1641127879074343e-13
9.1698582121763600e-13
9.1710519934223346e-13
9.1794082264347381e-13
9.1833272849547821e-13
9.1878466022615776e-13
9.2018547389852112e-13
9.2009514777152991e-13
9.1914539117790687e-13
9.2214329428267345e-13
9.2072693005548991e-13
9.2106304110344013e-13
9.2092504614584863e-13
9.2107162505972236e-13
9.2221590654318599e-13
9.2213275734658280e-13
9.2309752853341403e-13
9.2336802176264571e-13
9.2282414029792718e-13
9.2401991963879092e-13
9.2448526126603002e-13
9.2482123190849796e-13
9.2480839688614004e-13
9.2652749541961041e-13
9.2668136781272543e-13
9.2704159502040742e-13
9.2693080128255346e-13
9.2806768475425128e-13
9.2802870014285495e-13
9.2783780898272278e-13
9.2812939450607727e-13
9.2972893930495344e-13
9.2933339050172230e-13
9.2985690512384637e-13
9.3033866717084122e-13
9.3085428328379849e-13
9.3139874866009295e-13
9.3215653793857067e-13
9.3255094483460730e-13
9.3360607567691672e-13
9.3438026445308071e-13
9.3223252621296242e-13
9.3368041599949053e-13
9.3433858579142374e-13
9.3430637751579452e-13
9.3471310693688700e-13
9.3563849077800648e-13
9.3673379362853062e-13
9.3586967269643583e-13
9.3692571359503231e-13
9.3725755422013512e-13
9.3864504702957606e-13
9.3823470421009549e-13
9.3893695113291320e-13
9.3854716827362864e-13
9.3984379659427016e-13
9.3959038134094711e-13
9.4020727664695672e-13
9.4114535469175473e-13
9.4211907700587754e-13
9.4109236529199360e-13
0.0000000000000000e+00
0.0000000000000000e+00
0.0000000000000000e+00
1.0951551657394760e-15
1.1465368169065585e-15
2.7401764313747161e-15
2.3920526676252232e-15
2.7501926164653105e-15
3.4164495434152205e-15
3.7018506285538206e-15
4.1223535212580996e-15
5.4128035286468338e-15
5.2386029863568232e-15
5.6775346368717332e-15
7.8189399265768564e-15
7.2262969158998186e-15
7.1768365747706859e-15
8.0098875239491987e-15
8.4060964577947785e-15
9.1041530322936467e-15
9.5178360328119341e-15
9.7397552649714452e-15
1.0932474666912504e-14
1.1402078848188291e-14
1.0762595197631983e-14
1.1872231202013757e-14
1.3102231306786696e-14
1.2564611461505085e-14
1.3153510138840682e-14
1.3652285420293448e-14
1.4032933446296113e-14
1.4549915001481700e-14
1.5327996157869757e-14
1.5753187659378797e-14
1.6376193441286108e-14
1.7646926880853680e-14
1.7043522164286307e-14
1.7754463185739791e-14
1.8459935955905168e-14
1.9928164278136473e-14
1.9877456424201006e-14
2.0196598806212979e-14
2.0804631509352728e-14
2.0623028328918065e-14
2.1223514930107096e-14
2.2138327339058216e-14
2.2207552149647276e-14
2.2908676556412868e-14
2.2871783706015625e-14
2.3694127319539800e-14
2.4446296071685444e-14
2.4327069566273006e-14
2.5668419436132363e-14
2.5550391927340109e-14
2.5641153696618386e-14
2.6330602700449113e-14
2.6533139472022112e-14
2.6991283212453826e-14
2.7548770325577843e-14
2.8773226370097697e-14
2.7944035476029254e-14
2.9394635142845361e-14
2.9173622278908685e-14
2.9052527888992950e-14
3.0367255206640665e-14
3.0802738066058642e-14
3.0284060630549275e-14
3.0773018372176311e-14
3.1858534312624183e-14
3.1792390264925930e-14
3.2917380597459854e-14
3.2661362047138154e-14
3.3080762772238039e-14
3.5055546713790735e-14
3.4691485752926567e-14
3.4791606401844240e-14
3.4674003899092735e-14
3.6487722423444628e-14
3.5700010253260884e-14
3.6108927479126038e-14
3.7508318514353361e-14
3.8121881839905275e-14
3.8113835829305272e-14
3.8502016581122732e-14
3.8825798400590771e-14
3.9449236294338977e-14
4.0777368048742218e-14
3.9845458739303381e-14
4.0686751992269472e-14
4.0862013602485246e-14
4.1399462632567884e-14
4.2133741964940542e-14
4.2205515024590136e-14
4.3503768102697908e-14
4.4155536231796642e-14
4.3507625442375254e-14
4.3929871896611599e-14
4.4404115961437124e-14
4.4819701674381627e-14
4.5672151630208728e-14
4.6220899136724634e-14
4.6604317094974313e-14
4.6967401833708388e-14
4.7275425939880505e-14
4.9129979634601211e-14
4.8197242419901064e-14
4.8971759169265118e-14
4.9930529869140030e-14
5.0363574341649991e-14
5.1035536324109314e-14
5.0354601664496724e-14
5.1989180416218031e-14
5.2603027835630495e-14
5.3219188334090135e-14
5.4407832376830869e-14
5.3761785569003979e-14
5.5832224733131799e-14
5.5274445576585626e-14
5.5400272722149404e-14
5.7361027020488415e-14
5.7323119675145283e-14
5.7218283297583395e-14
5.7148577126062483e-14
5.8500183441392884e-14
5.8333403673756155e-14
6.3593686704698196e-14
6.0740711831906224e-14
6.1050999338024871e-14
7.1737783849260369e-14
6.2422119402560912e-14
7.0330824926112547e-14
8.1303965642843210e-14
6.5441641581529085e-14
9.0406723280341179e-14
9.0954807019085870e-14
7.7009426183261420e-14
1.0856733696060649e-13
9.5495039258594966e-14
1.0685653907150636e-13
1.2498437594925194e-13
1.0502004991212784e-13
1.4129986942682843e-13
1.4216901765736391e-13
1.1916829649452490e-13
1.7038333698372859e-13
1.4607870518833532e-13
1.5729137022031095e-13
1.9401585427827044e-13
1.6920427548761191e-13
2.0905307136206185e-13
2.2443370192726325e-13
1.8832620707840353e-13
2.5876072330141855e-13
2.3618956051001264e-13
2.3747072980649129e-13
2.9344199717694243e-13
2.6870066129832991e-13
3.1946629005718663e-13
3.4196367711957059e-13
2.9451187613756352e-13
3.9692915494963641e-13
3.7199370643023998e-13
3.6695837929470927e-13
4.5027951451219459e-13
4.1831496863508819e-13
4.7760828437694804e-13
5.2894123074902013e-13
4.5947987060616412e-13
6.0899738593800233e-13
5.9080724371391052e-13
5.5985177766819486e-13
7.0529085018333128e-13
6.4933907038205300e-13
7.1986806047204529e-13
8.0559780399289600e-13
7.3735052321099351e-13
9.3183333030700237e-13
9.3239485414825241e-13
8.6076456452178327e-13
1.1043383551225710e-12
9.9944881753757362e-13
1.0802901215272279e-12
1.2372759149913337e-12
1.1685424261173711e-12
1.4126730109824693e-12
1.4557407574074277e-12
1.3230714051241710e-12
1.7081195283035525e-12
1.5291369177556987e-12
1.6636782112747395e-12
1.8939383142153914e-12
1.8389032668397365e-12
2.1411483499346268e-12
2.2474048007439797e-12
2.0650028039958573e-12
2.6350226241092684e-12
2.4226798927767813e-12
2.5763496602448526e-12
2.9135293064242429e-12
2.8789412889775277e-12
3.2366883687188520e-12
3.4511110282719990e-12
3.1909280499039971e-12
4.0471758764353867e-12
3.8602582847745515e-12
3.9568876142208769e-12
4.5741785580991162e-12
4.4546980893535620e-12
4.8638291851499361e-12
5.2792957913526191e-12
5.0105535026175148e-12
6.1989981266267527e-12
6.0950387549322566e-12
6.0761785674884529e-12
7.2204131705844991e-12
6.8440980800336028e-12
7.4531550347287705e-12
8.0797861141762848e-12
7.9653136636432749e-12
9.4940379443142309e-12
9.5608663464979061e-12
9.2908218581924602e-12
1.1285600127222487e-11
1.0480441252845072e-11
1.1524880840757350e-11
1.2402463402250798e-11
1.2586101839062345e-11
1.4468913513378993e-11
1.4824105816342538e-11
1.4274562645821428e-11
1.7498345097600157e-11
1.6022100153101784e-11
1.7853358015297343e-11
1.9258940306810729e-11
1.9675751432677366e-11
2.1952823945205861e-11
2.2821859959715935e-11
2.2040458312963560e-11
2.7011050485025502e-11
2.5376672489522790e-11
2.7561656575011613e-11
2.9974070588856816e-11
3.0592723597631242e-11
3.3135770583010107e-11
3.4982219375325189e-11
3.4005330369435993e-11
4.1542050260118563e-11
4.0179348784548702e-11
4.2481609547310905e-11
4.7072120346143351e-11
4.7173068606334056e-11
5.1189949816903794e-11
5.3551385616550266e-11
5.4131409866792725e-11
6.3634550281147621e-11
6.3297119456504968e-11
6.5169505711237380e-11
7.4306402063491001e-11
7.2335191018277630e-11
7.9554259074050820e-11
8.2226798426652144e-11
8.5668862365553177e-11
9.7385273726966884e-11
9.8561909896758370e-11
9.9600819914583681e-11
1.1610168906420934e-10
1.1037611672821148e-10
1.2275091688413533e-10
1.2764877608282250e-10
1.3425366666529856e-10
1.4843889400523797e-10
1.5221643235932129e-10
1.5255666100376728e-10
1.8013521856624755e-10
1.6806373809472982e-10
1.8950660604915031e-10
1.9921329622562436e-10
2.0909675702794070e-10
2.2499509682039624e-10
2.3386963512108132e-10
2.3398308002685480e-10
2.7817856627961261e-10
2.6620733908533361e-10
2.9272976203868821e-10
3.0963899043621398e-10
3.2392461768094503e-10
3.4598438953737318e-10
3.5849865039605432e-10
3.6596000333097448e-10
4.2786626478265871e-10
4.2089378579189240e-10
4.5063118314082216e-10
4.8725200656839791e-10
4.9822517872961806e-10
5.4211960373897182e-10
5.5036600774801003e-10
5.8070085981700653e-10
6.5545807446147082e-10
6.5851116521496992e-10
6.9121845463761193e-10
7.6790607270138293e-10
7.6271883739571297e-10
8.4085664730867254e-10
8.4812909040517232e-10
9.1330043496196077e-10
1.0018493855880074e-09
1.0210057108069892e-09
1.0561455883411684e-09
1.1999188428816982e-09
1.1600793274485468e-09
1.2958270157641096e-09
1.3270681013472473e-09
1.4254160120984671e-09
1.5246077916031212e-09
1.5732698217360576e-09
1.6136803638369711e-09
1.8625530168847623e-09
1.7676679280180832e-09
1.9987705260426813e-09
2.0676625205589081e-09
2.2140754800572347e-09
2.3203576218269932e-09
2.4160143930706550e-09
2.4754040196121682e-09
2.8759762473972517e-09
2.8027811211357646e-09
3.0849156454510013e-09
3.2063306877717247e-09
3.4214340812046217e-09
3.6464095709627505e-09
3.7062899924245075e-09
3.9170112854947840e-09
4.4222421448219049e-09
4.4134093644034306e-09
4.7454480845038683e-09
5.0663683761700843e-09
5.2505845663822939e-09
5.7082198813800713e-09
5.6963351178700132e-09
6.1913373091868257e-09
6.7685817416248988e-09
6.8762730094423238e-09
7.2720337033126000e-09
7.9778732999238180e-09
8.0168819706353252e-09
8.8354238555234039e-09
8.8554087784931355e-09
9.6865157592547015e-09
1.0326291268963101e-08
1.0620806236541297e-08
1.1105240844069159e-08
1.2454142984421735e-08
1.2175397622839440e-08
1.3605611648314327e-08
1.3829828968269726e-08
1.5079103144920576e-08
1.5695902448212886e-08
1.6347030136138653e-08
1.6947001998602366e-08
1.9322058051156996e-08
1.8675035693144443e-08
2.0973240536976212e-08
0.0000000000000000e+00
1.0951552279158288e-15
1.2949584208543132e-15
3.1803313095290334e-15
3.7019398685400650e-15
3.6557203834065413e-15
3.8612404371217774e-15
5.0191067556326911e-15
4.5165129620800400e-15
5.3902877474623763e-15
5.6451880703405742e-15
5.6782312403328462e-15
7.9608295484234809e-15
7.8395482129019294e-15
7.8800495536075280e-15
8.8493637280888669e-15
1.0519980625247926e-14
1.2321438603987407e-14
1.0348048856900928e-14
1.1381864891675138e-14
1.1435822595045757e-14
2.4569542702851625e-14
1.2690523980398859e-14
1.9928839766651218e-14
2.4494211462110043e-14
4.5426503980639902e-14
4.0672702542011540e-14
3.4234463263618484e-14
5.1599900580523732e-14
8.6276323273028242e-14
1.1044261318465607e-13
7.8026632439256972e-14
1.1069186400113258e-13
1.8267796289110108e-13
2.3545136285515422e-13
1.7699394818832297e-13
2.2277730093585020e-13
3.8435471570147182e-13
6.1390561557796152e-13
7.4419394774352918e-13
6.6109797507535181e-13
1.2282852129287969e-12
2.0659216560262498e-12
2.2876891870000362e-12
3.3977741723042155e-12
3.5877460324198421e-12
7.7629030439774608e-12
7.3074634109404180e-12
1.3195886418318825e-11
1.3711091906082728e-11
2.5171019713646586e-11
2.8679965113660562e-11
4.9930252730301012e-11
4.9980501577243457e-11
9.3484652502550473e-11
1.1108426320983772e-10
1.6226415452507378e-10
2.2906166143604754e-10
2.5514344466203546e-10
4.6088352486350636e-10
4.9578054999502905e-10
8.6444310178033755e-10
9.0637812594054111e-10
1.5659136504087142e-09
1.5360793534554400e-09
3.1459403056382464e-09
2.4490141568642728e-09
5.5274182799487373e-09
5.8161813737289817e-09
8.5904626520287239e-09
1.2717905280272338e-08
1.4337547270554960e-08
2.3910478629709327e-08
2.8474602322985535e-08
4.8583148080561462e-08
5.5550651978358494e-08
8.9078876619748676e-08
1.0654319263462666e-07
1.4919373305262734e-07
2.0538706732679404e-07
2.7158721005469869e-07
4.4193631046321803e-07
4.7929878579816174e-07
8.3043329225025788e-07
1.0889620081385639e-06
1.5205086433371826e-06
2.4182230954549410e-06
2.7014184617891120e-06
4.7793359173755946e-06
5.1843234876498452e-06
8.0823957271032857e-06
9.9436648099556936e-06
1.5480836663640520e-05
1.5285597824189488e-05
2.6831662766163349e-05
2.5878070767813964e-05
2.2239543821094925e-05
2.4327757938831498e-05
4.5360088914568951e-05
2.7517402728095749e-05
2.9935366199948099e-05
4.6377587991275474e-05
2.9999255687887179e-05
2.9439498988865998e-05
3.0216541923807705e-05
2.8078547178905455e-05
3.1534811701248065e-05
2.7658754239127438e-05
3.3762315307067415e-05
2.7214927578195833e-05
3.1303846488810329e-05
3.1419974782978875e-05
3.4353015790944847e-05
2.9542048064168466e-05
3.5477607065227574e-05
3.4240558922690164e-05
3.6546114991843235e-05
3.3660903045731420e-05
3.9424525557673736e-05
3.4428273400853135e-05
3.4381041461947057e-05
3.6049486562411089e-05
3.6478179623291032e-05
3.3498928291006187e-05
3.4975695746197813e-05
4.2534665630396047e-05
3.7834112257759590e-05
2.9294193079018415e-05
3.8281641738724486e-05
3.8735120214060970e-05
3.7075337406602427e-05
3.1465474896012242e-05
3.3998904095040554e-05
3.5468442522197895e-05
3.4405258320157460e-05
3.6163584197200712e-05
3.9325298865969557e-05
3.9146350801904067e-05
3.8424167885447796e-05
3.8233073755080458e-05
4.1101075297883947e-05
3.9054251724999991e-05
4.1294453674058595e-05
4.3429155037276590e-05
4.8521557702778089e-05
4.4073785442313379e-05
4.5325150638991072e-05
4.4111138472329257e-05
4.7617543544472345e-05
4.4415720502421120e-05
4.5967629923526171e-05
5.2816321907902126e-05
5.0335490389930064e-05
4.6544649514186352e-05
5.3535224837890915e-05
5.1683400751751838e-05
4.8142592284684013e-05
5.2045507602502790e-05
5.8466567148776238e-05
5.2658564597713061e-05
5.2623793782819329e-05
5.5843826680896474e-05
5.7088532885618240e-05
5.3525724891857931e-05
5.0262656179108575e-05
6.1717916051136143e-05
5.5635810764193668e-05
6.8817449470781017e-05
5.2948074830446759e-05
6.1747802986640359e-05
6.1803563421416541e-05
5.8553877162079116e-05
5.6359817904948576e-05
6.6869741665533458e-05
7.0596078529142891e-05
6.3105518542568936e-05
6.6191909673762373e-05
7.1322985915401314e-05
6.2629742410743572e-05
6.6748845165381899e-05
7.3977627722861524e-05
7.1431913188879943e-05
7.0740942817666254e-05
7.6614674386560940e-05
7.3730694165261677e-05
7.6626285165686564e-05
6.8284193174246793e-05
7.8118008554569406e-05
7.9889720765324507e-05
7.8245834225308415e-05
7.6449337424705648e-05
8.3010506556216942e-05
7.9614882254215756e-05
7.5707327118809903e-05
8.1038279596675692e-05
9.2050965456651326e-05
7.9311400838219333e-05
8.6001638805929519e-05
8.4644959425587057e-05
9.7803997978260942e-05
8.5906222507387394e-05
8.7746388610609021e-05
9.2188657414060004e-05
9.8611457432360648e-05
8.9226759355896267e-05
9.8883671897432015e-05
1.0211899771456773e-04
1.0246437963938178e-04
9.3489779003316239e-05
9.6830652895674935e-05
1.0951433546994049e-04
9.9945163965554939e-05
1.0670164457845813e-04
1.0840755619730302e-04
1.1678358597398422e-04
1.0518855127263322e-04
1.2429303805110072e-04
1.1787829967807959e-04
1.2087480671931026e-04
1.1533162113568077e-04
1.2270340980447697e-04
1.2782684109376573e-04
1.3305906902876032e-04
1.1846968246766038e-04
1.4073720902924228e-04
1.3743937662016487e-04
1.3477346349041885e-04
1.3502854184759266e-04
1.5264785670924378e-04
1.4655279671111881e-04
1.4849901147782907e-04
1.4730531532271537e-04
1.6425011764592160e-04
1.5680732269009079e-04
1.5526971434226016e-04
1.7002218900869062e-04
1.8555955975752423e-04
1.6572097748265133e-04
1.8329456053964527e-04
1.8716416980167318e-04
2.1257704676759035e-04
1.7990887005473643e-04
2.0007294431965210e-04
2.0922619557804998e-04
2.1123097029228003e-04
1.9481522076839869e-04
2.3241186780809616e-04
2.2704624042865610e-04
2.4275039816743741e-04
2.2640196874066214e-04
2.4075239022407262e-04
2.6064334011354162e-04
2.4665753875079312e-04
2.5512626084930938e-04
2.8591064891371628e-04
2.7055362072751310e-04
2.7786815977525332e-04
2.9257850508073336e-04
3.0024939623459883e-04
3.2519078535519342e-04
3.0166863721295086e-04
3.1918470317759485e-04
3.5136343621113285e-04
3.2137912660696558e-04
3.5665767010932851e-04
3.7454151484132673e-04
3.5155747199523278e-04
3.8698279026603335e-04
3.7802344587296291e-04
4.0878335433765537e-04
4.3056110498481353e-04
3.8200257747802280e-04
4.3588810044769373e-04
4.7196889145647468e-04
4.1997038477880179e-04
4.9778734004423644e-04
4.8509938668302562e-04
4.9958651834519944e-04
5.3331324107914330e-04
4.7347915156353832e-04
5.5781714320335570e-04
5.8639171433434549e-04
5.0850079046094654e-04
6.3030314650750624e-04
6.2345550664991308e-04
6.0266097655152441e-04
7.0056962430055738e-04
6.3373820075952913e-04
7.0318023496565379e-04
7.6147629221214497e-04
6.1264576194993597e-04
8.1947290368838261e-04
8.0493586298878872e-04
7.1788702156438554e-04
9.2589121379466142e-04
8.3290814561733898e-04
8.7599756109546555e-04
1.0358247011349640e-03
7.6937953614226930e-04
1.0639080496533480e-03
1.0545845070940349e-03
8.7994617060798536e-04
1.2415300312404703e-03
1.1010815962340657e-03
1.0684123629465783e-03
1.4109742609564747e-03
1.0525586304499855e-03
1.4220189682878403e-03
1.4761214442417631e-03
1.1028088189185678e-03
1.7309234150786174e-03
1.4818263964038766e-03
1.3571001693486043e-03
1.9842368045215200e-03
1.4357356366235204e-03
1.8839936670356891e-03
2.1442475548322237e-03
1.4825398731103375e-03
2.3843768958517332e-03
2.2218016366894488e-03
1.7448183860190748e-03
2.8159550989471827e-03
2.0135996889150153e-03
2.4719071608085078e-03
3.1245230948549114e-03
2.0172831347552394e-03
3.2315814932902440e-03
3.3350451905860006e-03
2.2627264866107019e-03
3.9205558617032765e-03
3.1757192392489037e-03
3.1405148010148006e-03
4.4777454928194068e-03
2.7304402040261295e-03
4.2561916528939927e-03
4.9424633761016891e-03
3.0072815408859355e-03
5.3485244494655467e-03
4.9842598314947285e-03
3.7786656127425195e-03
6.2108317984438770e-03
4.4144812784460774e-03
5.3181602473952299e-03
7.0703639745448221e-03
3.9139568074545300e-03
6.8819753672507960e-03
7.5421186084330604e-03
4.3400368634627399e-03
8.1680914715447986e-03
7.3225396958095917e-03
5.9936349230240360e-03
9.5396909344437827e-03
6.3901864064849498e-03
8.0860378299710042e-03
1.0734703089368240e-02
5.8239194310137051e-03
9.9844908493217505e-03
1.1210294043824625e-02
6.1585425518418972e-03
1.1939153164076843e-02
1.0508596895707102e-02
8.2097955251060600e-03
1.3746617057765947e-02
9.8237623616232780e-03
1.0857074527005215e-02
1.5246342422038015e-02
9.0846933741189195e-03
1.3147898966892264e-02
1.6010314040051488e-02
7.5556621809451836e-03
1.5662249235075403e-02
1.5312572404002498e-02
9.8053849131731780e-03
1.7748762023690603e-02
1.4016973203699651e-02
1.2363243534277812e-02
2.0033644112927816e-02
1.3899351458084176e-02
1.5151921980356182e-02
2.1364290269537126e-02
1.2399191956952648e-02
1.7629990658485615e-02
2.1114950846244984e-02
1.0492118868902651e-02
2.0117050859088211e-02
1.9382290004562156e-02
1.2869378030223257e-02
2.2817446111807953e-02
1.7675710965902546e-02
1.5350831681155128e-02
2.5255168626602452e-02
1.7442068184582372e-02
1.7201146068040400e-02
2.6648340288034117e-02
1.5909359755897138e-02
2.0243641222370736e-02
2.6207491601567743e-02
1.3704198934932615e-02
2.3481131420176275e-02
2.3560358600760552e-02
1.4612903185338845e-02
2.7161744864835000e-02
2.1140527279386746e-02
1.8073335978603857e-02
3.0909604466623108e-02
2.1110668648509426e-02
2.1836562338822113e-02
3.4331198181225972e-02
2.1655697841567647e-02
2.7391843942083043e-02
3.7227110348166573e-02
2.2113591206326947e-02
3.3347960491375755e-02
4.0266427874708827e-02
2.3754775366112431e-02
4.7724721677528607e-02
4.7686554737755363e-02
4.4912008453711925e-02
9.3816308674670487e-02
8.6066812551890817e-02
2.1766170624278322e-01
nan
0.0000000000000000e+00
1.0951552279158288e-15
1.2949584208543132e-15
3.1803313099949788e-15
3.7030560719242382e-15
3.6624048834471680e-15
3.6948300389424453e-15
4.6519284378072997e-15
4.4491668717028322e-15
5.2731012034548165e-15
5.2304751694955335e-15
5.5894365228066498e-15
6.8595573889382448e-15
6.6755791119957791e-15
7.4606411743818055e-15
7.7793314006619457e-15
8.1198110693485968e-15
9.0924178525059972e-15
8.8302873342950264e-15
9.1493251912313227e-15
9.2073688338788399e-15
1.0063441191553924e-14
1.0649705350158788e-14
1.1048504818670098e-14
1.1007837599065605e-14
1.1732176898822879e-14
1.2940204588296437e-14
1.3103558850886425e-14
1.4368693196808930e-14
1.3681769016703502e-14
1.4894577589624052e-14
1.4588333532428104e-14
1.6414508378446205e-14
1.7232828646207923e-14
1.6437634466472658e-14
1.9159702672167725e-14
1.8461992208340389e-14
1.8826111280595603e-14
1.9249232006077116e-14
2.2248502636672179e-14
2.0667037230793194e-14
2.0066917686580646e-14
2.1667914910527984e-14
2.3670532015061463e-14
2.6503886824809844e-14
2.3823448645154427e-14
2.4970184432462085e-14
3.5665515845111043e-14
3.8667499426784393e-14
3.0707435834098194e-14
3.2025671797765416e-14
4.5676226463021345e-14
4.7554070291224174e-14
4.4854076724107426e-14
4.4740911100775990e-14
5.4761783616448001e-14
8.2476126001595944e-14
1.0303733479804780e-13
6.9750920837420826e-14
1.1159856158976887e-13
1.3239159313953164e-13
2.3608242965072457e-13
1.4992803517708736e-13
2.1109112991808948e-13
2.9952321275450102e-13
3.6587313125731803e-13
6.3416538564551840e-13
3.2703886774565844e-13
7.6931163428510764e-13
5.9545906944458315e-13
1.1816469072771727e-12
1.1499555122750349e-12
1.3974125280680204e-12
1.8427667698376926e-12
1.9965617493894716e-12
3.3476811794083036e-12
1.9721644969948877e-12
5.6049563955592651e-12
3.1808734321641611e-12
8.5539640452378416e-12
7.1424766401987884e-12
1.0348028956046845e-11
1.5271041453316265e-11
1.3840135980040791e-11
2.8244687854633020e-11
1.5405100518165142e-11
3.7840627790706325e-11
3.2355210130979190e-11
4.9041226816345124e-11
6.6356168727794593e-11
5.9610238421201489e-11
1.0222792193983517e-10
7.7373029634086191e-11
1.4641049789694237e-10
1.4495398736689095e-10
2.0432207196584344e-10
2.5024221230111232e-10
2.6253538942907244e-10
4.6452499892055505e-10
3.8837930499585470e-10
7.1539344313451735e-10
6.9883329904299946e-10
1.0121260377072870e-09
1.4012231700053054e-09
1.1955255290943341e-09
2.4940055797602945e-09
1.6166109736799260e-09
3.9482174016320123e-09
2.7669599744020780e-09
5.4256789870864321e-09
5.6671540189670478e-09
6.5936098584247112e-09
1.1732320914441960e-08
7.7286123649946361e-09
1.8353623093815297e-08
1.1003855622300699e-08
2.3997197985252402e-08
2.3878843095654108e-08
3.0026236248591765e-08
4.3824697767068414e-08
3.9891021087956748e-08
7.5863049656662162e-08
4.3869566768561700e-08
1.1217461938146964e-07
9.6067394673440581e-08
1.5527180323472510e-07
2.0127232367113577e-07
1.8326456095791675e-07
3.5192701112296040e-07
2.3816768615007835e-07
5.8051551415316817e-07
4.0206735674776740e-07
8.0079911749498286e-07
8.1224639009455097e-07
1.0130865736194208e-06
1.7040181989968935e-06
1.1437739578111664e-06
2.6642465329219209e-06
1.7986137271524430e-06
3.4652928559401080e-06
4.2718820903316818e-06
4.3167903748703763e-06
6.9394221166425602e-06
5.7388721892995388e-06
1.0858985115754448e-05
7.6571595573944148e-06
1.4110503755441009e-05
1.1117471456456186e-05
2.0227143569520989e-05
1.8160405152594378e-05
1.8470090226285164e-05
2.0607424919594168e-05
2.1858037123552923e-05
1.4316025187861841e-05
2.6533452196198812e-05
1.8210023620695416e-05
1.8458078647287554e-05
2.0983373326475113e-05
2.2051083226689049e-05
1.2618211392008966e-05
2.3999580309936276e-05
1.6624012148007042e-05
1.4581466155051224e-05
1.6653919737561866e-05
2.0773587962715386e-05
2.2684541200893479e-05
1.9556279447717771e-05
1.9459809989584290e-05
2.5875556792394995e-05
0.0000000000000000e+00
1.0951552279158288e-15
1.2949584207192184e-15
3.1803313339139183e-15
3.6313732906196154e-15
3.4427165150353259e-15
3.7209300850210487e-15
4.5466795122570613e-15
4.0361871928904624e-15
4.6907878892983242e-15
4.7839635334880746e-15
5.7280716025913045e-15
6.8549932503078325e-15
6.7568133014619380e-15
6.6379832941838453e-15
7.3181502047474887e-15
7.6348912775565565e-15
9.9028585115326436e-15
9.4269698248314183e-15
9.2993772018431551e-15
8.8426014841997474e-15
1.0371991488963980e-14
9.9525904620067740e-15
9.9538920313034232e-15
1.1814233133373249e-14
1.1469874185658942e-14
1.2311823238287852e-14
1.2901302953346516e-14
1.3061844515362087e-14
1.3867694137025662e-14
1.4465799835583947e-14
1.4449730354023497e-14
1.5072664489804227e-14
1.5528049442303933e-14
1.8694564124593164e-14
2.3515630846973787e-14
1.8341500131581843e-14
1.9780753220119518e-14
2.2440027607048941e-14
2.2752635297357193e-14
2.6351566117419183e-14
2.4318024170729098e-14
2.1863476691955263e-14
4.0136607258696696e-14
2.9767373582942002e-14
3.2171307417849677e-14
3.1265973907178474e-14
5.4670489744111037e-14
5.6693407396720877e-14
6.2111772773082535e-14
5.9272704194610763e-14
6.7258145687689754e-14
9.5154652308002611e-14
1.5038793856756680e-13
1.0357066368022261e-13
1.4861261606141442e-13
1.5803582926900014e-13
2.3361505227077248e-13
3.5173842628419924e-13
2.6693255880516891e-13
5.4829173469049364e-13
3.2370711124645992e-13
8.3487342414500152e-13
4.6388542766161239e-13
1.1656153940932192e-12
9.1667309005524869e-13
1.7006579912412604e-12
1.8520100965893109e-12
2.1775255667045847e-12
3.3971498488441296e-12
2.6068570814773606e-12
5.5442438105107385e-12
2.9502459177444345e-12
8.3556871098579143e-12
4.9425383284393099e-12
1.1624727447681353e-11
9.9149451745027161e-12
1.5908809768375868e-11
2.0210607034414228e-11
2.0219050538194735e-11
3.4027104544601556e-11
2.4405524312668007e-11
5.6556809254019608e-11
3.2964514145369803e-11
8.4262229335558833e-11
5.5126694401969323e-11
1.1373275465185118e-10
1.1725669796643832e-10
1.4844717933693467e-10
2.1627759906140680e-10
1.8633823972345619e-10
3.6360185298821228e-10
2.3866748078125198e-10
5.5739364301352377e-10
4.4136579076738699e-10
7.2078079148257594e-10
7.6610245289766138e-10
9.6902724472979416e-10
1.3079243564610115e-09
1.2674628083892078e-09
2.1751574952988788e-09
2.2241112950798380e-09
3.2123864383527002e-09
4.0071885200733528e-09
4.3813165634641194e-09
6.3456242365567496e-09
5.4386123726798494e-09
9.3998311357071625e-09
9.4402549307992155e-09
1.1839086178554953e-08
1.7730960758449387e-08
1.6570426778764605e-08
3.0385389289844145e-08
2.3855774504782276e-08
4.8422751389576915e-08
0.0000000000000000e+00
1.0951552279158288e-15
1.2949584207178608e-15
3.1803313428463375e-15
3.6313733647655125e-15
3.4427164461722965e-15
3.7209302268058409e-15
4.5466827240297992e-15
4.0361872946928912e-15
4.6907877195231946e-15
4.7840006548637057e-15
6.3558088733711265e-15
6.2302668061129967e-15
6.4675150373333495e-15
6.8605392092886875e-15
7.5669434906265883e-15
8.8576218717525115e-15
9.4058962498207029e-15
9.3340353274412939e-15
1.0910182141844525e-14
1.1043908418921911e-14
1.2228068534841433e-14
1.2128479353831343e-14
1.1901298274329144e-14
1.5137244561331480e-14
1.6187062678177186e-14
1.9536344402043812e-14
1.4401180453055521e-14
1.8079536548216982e-14
1.7263561273738943e-14
3.5656208974658497e-14
2.4057123654632307e-14
2.5214814028330139e-14
3.6883239455374678e-14
4.2045875271756756e-14
7.1012531403285735e-14
3.3516109117781873e-14
5.9905518390351934e-14
5.9849405508531311e-14
1.2381325193838678e-13
1.0651774119458398e-13
1.2958370225651608e-13
1.4119033852298644e-13
2.2672093780485408e-13
2.9289646918761699e-13
3.0556674678146974e-13
4.2398913702145350e-13
4.1823174314842686e-13
7.9593075640469929e-13
5.2350003990334314e-13
1.1704468251103956e-12
6.8584010826352946e-13
1.7361726080418365e-12
1.3436823338011152e-12
2.4144683634357373e-12
2.2461873956627349e-12
3.3922337327663003e-12
4.3783274266160937e-12
4.4799785238141784e-12
7.5632524722142450e-12
5.9368240383291767e-12
1.1704285289665880e-11
8.1615416896098673e-12
1.6292532271932680e-11
1.0884881935787222e-11
2.2861575590972572e-11
2.1026566756195910e-11
3.2987867891490871e-11
3.8361393967651655e-11
4.6835353746726657e-11
6.4986709315395832e-11
6.5580437488003379e-11
1.0306213449815357e-10
7.9412346455863511e-11
1.5245403005315443e-10
1.0481982455702528e-10
2.3026439169261585e-10
1.7464964337934616e-10
3.1744673469265609e-10
3.4258280729952096e-10
4.3232919451340359e-10
5.8860477057939149e-10
5.6851901882473279e-10
1.0217329379274657e-09
8.2655231266683635e-10
1.5628771276425763e-09
1.2150636367358665e-09
2.1076056931124209e-09
1.9126942463062081e-09
2.9562652604074267e-09
3.3462559583673673e-09
4.3587429914752027e-09
6.3615455280020804e-09
6.3030552905618466e-09
9.9826352983992536e-09
9.4693690399111573e-09
1.4767850377435294e-08
1.5345832537440661e-08
2.1840674596543972e-08
2.1232824029107899e-08
3.1186024275464564e-08
3.3508403095065251e-08
5.1178440936905192e-08
5.8988885068601588e-08
7.3729755731719044e-08
9.9568040544908228e-08
1.1763124294910944e-07
1.5851800935519797e-07
1.6626591720499685e-07
2.3099600961384101e-07
2.2646770366572996e-07
3.5039307000747943e-07
3.1475361991887186e-07
5.4692328254038084e-07
5.9917243391448427e-07
8.4223164447643949e-07
1.0132611516551915e-06
1.2168863387032581e-06
1.6062981192241525e-06
1.6642690472153358e-06
2.4354582784598600e-06
2.3268836857478188e-06
3.6642879195766009e-06
3.4136947116446353e-06
6.1688501733589250e-06
5.8190289630806551e-06
9.1308687285466193e-06
1.0018211885081844e-05
1.2732091317594255e-05
1.3861103735004034e-05
0.0000000000000000e+00
1.0951552279158292e-15
1.2949680086654394e-15
3.1844244171496142e-15
3.4804940270932589e-15
3.5909298827521828e-15
4.7713980597873126e-15
4.4254563853699700e-15
4.9497221096719908e-15
6.2805264337162000e-15
6.2092334007354735e-15
8.5626953425671831e-15
7.5908615773508995e-15
1.2342976888011939e-14
1.3933040954552334e-14
1.4523034052110786e-14
2.4426799740719474e-14
3.5738153290040545e-14
3.1969450019036753e-14
5.2644923534077167e-14
9.3089283073972655e-14
6.8748753725886430e-14
1.2752073574301925e-13
2.2055586909688871e-13
1.6616793419576775e-13
3.0594891393037017e-13
5.0612406530600999e-13
3.6082375525715932e-13
7.0693966716149740e-13
1.2016144236016208e-12
1.0557479055996662e-12
1.7125993726187064e-12
2.9133778965854496e-12
3.0554556183871162e-12
4.0692383689803450e-12
6.8850132601738702e-12
8.4169138456587515e-12
9.4798486340480875e-12
1.6013024720649226e-11
2.2415228598890215e-11
2.1532473196916440e-11
3.9379603560200768e-11
5.8426809033172513e-11
4.8248685840684063e-11
9.4981501910920253e-11
1.4921794438157578e-10
1.1431347532976760e-10
2.2425963450451092e-10
3.7341849796400564e-10
2.6484633358195283e-10
5.2674660450132294e-10
9.1628776616465771e-10
7.9310497070955077e-10
1.2831137860123586e-09
2.2031267934283253e-09
2.2715735518201892e-09
3.0640347285572775e-09
5.1887325356043551e-09
6.2925348904529414e-09
7.1585695125654681e-09
1.2045978679740844e-08
1.6926500467628735e-08
1.6352843459004647e-08
2.9756646785563445e-08
4.4288059521908378e-08
3.6703711975608234e-08
7.1902950025335043e-08
1.1259440551583132e-07
8.7096894427224693e-08
1.6961501316835806e-07
2.8200295828607399e-07
2.1638303752546267e-07
4.0925377969081618e-07
7.0985326796647758e-07
6.7550885681704382e-07
1.0259101877052146e-06
1.7928581001298166e-06
1.9852035631389396e-06
0.0000000000000000e+00
1.0951552279158288e-15
1.2949584208543132e-15
3.1803313099949788e-15
3.7030560719242382e-15
3.6624048834471680e-15
3.6948300389424453e-15
4.6519284378072997e-15
4.4491668717028322e-15
5.2731012034548165e-15
5.2304751694955335e-15
5.5894365228066498e-15
6.8595573889382448e-15
6.6755791119957791e-15
7.4606411743818055e-15
7.7793314006619457e-15
8.1198110693485968e-15
9.0924178525059972e-15
8.8302873342950264e-15
9.1493251912313196e-15
9.2073688338788399e-15
1.0063441191553949e-14
1.0649705350159263e-14
1.1048504818674465e-14
1.1007837599087878e-14
1.1732176899504413e-14
1.2940204662506530e-14
1.3103599025200186e-14
1.3547056455011671e-14
1.4451175976129426e-14
1.4450207869445424e-14
1.5408213030106098e-14
1.5542855267562235e-14
1.7976943598780365e-14
1.6747598913487169e-14
2.1800823991734280e-14
1.9101625756844761e-14
1.9250113243222423e-14
2.2766711314835699e-14
2.1884189265877295e-14
2.0276951535077845e-14
2.0994998396982809e-14
2.6491978043316191e-14
2.8688015931948345e-14
2.7604521617324818e-14
3.0117160315757754e-14
2.5628645460273704e-14
4.6675431527108834e-14
3.8368794497550048e-14
3.8380126740226342e-14
3.7635557385403072e-14
6.2792767584538576e-14
6.5762952624406934e-14
5.6058213467244103e-14
6.5535165801507125e-14
7.6953741842254727e-14
1.2833677619071023e-13
1.1881072682615318e-13
1.1919995673714992e-13
1.3958685777124605e-13
2.3206279176815449e-13
2.9623874349031385e-13
2.6598248336262924e-13
3.3102088760314892e-13
3.9385223788883412e-13
7.1867022729747207e-13
6.4736568647418217e-13
8.6454583856236628e-13
8.0662802998500965e-13
1.4424249141943416e-12
1.4060919232488976e-12
1.7982788135555548e-12
2.4148981834310771e-12
2.5709777530360399e-12
4.4558232542870785e-12
4.0230493134772460e-12
5.6645372608161572e-12
6.8538070659157706e-12
7.7246625649268621e-12
9.6391346052078724e-12
1.2209202661077986e-11
1.3611645385185763e-11
1.8918893352032176e-11
2.0800205173665339e-11
3.0300113748463955e-11
2.8096472085142955e-11
4.9922628310368815e-11
4.9760942781105811e-11
7.6989824691491067e-11
8.9137355571547831e-11
1.1966798677680355e-10
1.2812494177071527e-10
1.5188495416993942e-10
2.4501674445479644e-10
1.9414444641436675e-10
4.3291750724946054e-10
3.6048036988164346e-10
5.7308064124900861e-10
6.1257973135313979e-10
7.2168433565607769e-10
1.1112073875282779e-09
9.9519299158999317e-10
1.5746680128883403e-09
1.5652625683697084e-09
2.4883108783661180e-09
2.6582987564368154e-09
3.5152733874526063e-09
4.2507553035611789e-09
5.1950222702145215e-09
7.0911573221162752e-09
8.4227255214095805e-09
1.0553032741056363e-08
1.2522716053779392e-08
1.6787885554500822e-08
2.0762822173176089e-08
2.3946533219026603e-08
3.4994621658490406e-08
3.2953195049666938e-08
6.0603400615407723e-08
5.8793321091690869e-08
8.1758022384767360e-08
1.1463420779540441e-07
1.0634113109216158e-07
1.7499587879907142e-07
1.5965739366527443e-07
2.5720413303491010e-07
2.5726465446409699e-07
3.9159172034742662e-07
4.8289913634906260e-07
5.6646310137085334e-07
8.9239328298094452e-07
8.2317285836520262e-07
1.3899685306378772e-06
1.3973023269927401e-06
2.0584485127839416e-06
2.3286182708571364e-06
2.8693927402374423e-06
3.5705109694573032e-06
4.1619633710792030e-06
5.2590719005464187e-06
6.2803299703051427e-06
9.2427786235013104e-06
9.5888460487036673e-06
1.2906246205720316e-05
1.4902136087076362e-05
1.6882590254421761e-05
1.7857845907091934e-05
1.7700435154987476e-05
2.0004909676649451e-05
2.4355250126761473e-05
2.4026475131591829e-05
2.7449554188579824e-05
2.0744564834516314e-05
3.1405867164732641e-05
2.4412117733000221e-05
1.5259630128522350e-05
2.5255866274133232e-05
2.0821975877259138e-05
2.7177159799946788e-05
2.0550865325225311e-05
1.9029806426013552e-05
2.6890341008773934e-05
2.3338902252007071e-05
1.4465397966157149e-05
2.3071348696163564e-05
2.1189253541268723e-05
1.6502296505794197e-05
1.9776357457342313e-05
1.9688855312375547e-05
2.3045397862111546e-05
1.8795994849436205e-05
2.4836483768591091e-05
2.3561332607308808e-05
1.9363302700689934e-05
2.5486872225076246e-05
1.8228391173089070e-05
1.5113037117686155e-05
1.6559120003753606e-05
2.0730493117704232e-05
2.2114001183901933e-05
1.9842242427525134e-05
1.8405345286497786e-05
2.2572013416758247e-05
2.0503172286182313e-05
1.5965107081424284e-05
2.5308656249818910e-05
1.9220009906255231e-05
2.7420901324173874e-05
1.8853359693548825e-05
0.0000000000000000e+00
1.0951552279158292e-15
1.2949680086654394e-15
3.1844244171496142e-15
3.4804940270932589e-15
3.5909298827521828e-15
4.7713980597873126e-15
4.4254563853699700e-15
4.9497221096719908e-15
6.2805264337162000e-15
6.2092334007354735e-15
8.5626953425671831e-15
7.5908615773508995e-15
1.2342976888011939e-14
1.3933040954552334e-14
1.4523034052110786e-14
2.4426799740719474e-14
3.5738153290040551e-14
3.1969450019036658e-14
5.2644923534076801e-14
9.3089283073971254e-14
6.8748753725816518e-14
1.2752073569329175e-13
2.2055586681589869e-13
1.6616688458699687e-13
3.0390731938138446e-13
5.0626451015380901e-13
3.6067623617623014e-13
7.0652911769355305e-13
1.1973889031957141e-12
1.0441500220126830e-12
1.7120592396415927e-12
2.9049219084076257e-12
3.0365037969532923e-12
4.0660207589642828e-12
6.8701135602006456e-12
8.3860446191609304e-12
9.4754365172530051e-12
1.5974462825375179e-11
2.2334356445821489e-11
2.1502488951706103e-11
3.9310025000615499e-11
5.8179928200245082e-11
4.8144691799659727e-11
9.4704031518173349e-11
1.4845869759009567e-10
1.1385704603852495e-10
2.2348150167105345e-10
3.7103962832111494e-10
2.6358421901878788e-10
5.2337641603758709e-10
9.0910598722248498e-10
7.8262901146339257e-10
1.2735841451799945e-09
2.1820561833900783e-09
2.2427261833985825e-09
3.0363707864296167e-09
5.1262735636713213e-09
6.1890264208487426e-09
7.0734691439019936e-09
1.1893091034217460e-08
1.6592459026038850e-08
1.6093844593980698e-08
2.9295208644690996e-08
4.3360502938033668e-08
3.5934820667008707e-08
7.0703694873454192e-08
1.1071539587483463e-07
8.5180882934446108e-08
1.6706654438544243e-07
2.7693283670992457e-07
1.9747323735454043e-07
3.8961139979364944e-07
0.0000000000000000e+00
1.0951552279158292e-15
1.2949863113231797e-15
3.1779345480295453e-15
3.6034127835288148e-15
3.4622414328617146e-15
3.8375149707931864e-15
4.5430284494882181e-15
3.8013199033229409e-15
5.4639927397487850e-15
4.9298544607127447e-15
5.7302823766677822e-15
6.9957292864884668e-15
6.9227357541412028e-15
6.8267701752275898e-15
9.0396794547105120e-15
9.9458225077487100e-15
9.6717605554501579e-15
9.0067862490643609e-15
1.0934382511477512e-14
9.7422901496021845e-15
1.0248185960751562e-14
1.0729914691468845e-14
1.1192774087192539e-14
1.2107814455573984e-14
1.2886482937915145e-14
1.3955798183229469e-14
1.3812969212931216e-14
1.4129863521563584e-14
1.4661542673153442e-14
1.4577822869372753e-14
1.5047490149221734e-14
1.5280900316993387e-14
1.6665624617449107e-14
1.8049911965139643e-14
1.9040429283098991e-14
2.8457539723321957e-14
3.6614283690569796e-14
3.1911951531747939e-14
5.4500568604362521e-14
3.3922623779834667e-14
5.8976217871240448e-14
7.7521991579590870e-14
5.3610937017934582e-14
1.0998535995590507e-13
9.8485014355098990e-14
9.3580075734129871e-14
2.2131032290298560e-13
1.4999231711041332e-13
3.1306293919018870e-13
2.5675419890938825e-13
2.6947244164562855e-13
4.9558223119042459e-13
2.2729934656511325e-13
6.0866107744935941e-13
5.3902158199673979e-13
3.8448055192326683e-13
1.0959061252643800e-12
7.2699225341138201e-13
1.3220348899190624e-12
1.6341930110894459e-12
1.0498222736642313e-12
2.6664875914119468e-12
1.3692376098941157e-12
2.7996453839429714e-12
3.2452638420415043e-12
1.6598865055636468e-12
5.0091351393879285e-12
4.7520127445777221e-12
4.4920656746960626e-12
8.6279724395753782e-12
6.1090085751040891e-12
1.1681712514226146e-11
1.3375435847727092e-11
9.2054004218856373e-12
1.8547234893900370e-11
1.5990920267591570e-11
1.9656720386457871e-11
3.3229084804667327e-11
1.9862052186527110e-11
4.1619074621822210e-11
5.2647276830319238e-11
3.4987369188394572e-11
9.1764126206384334e-11
4.8162708794316130e-11
9.9449373686221329e-11
1.2458933895126649e-10
6.6682331678178531e-11
1.9825010796987643e-10
1.2646538001952705e-10
1.8417524314383937e-10
3.3613031217878752e-10
2.0879987158169285e-10
4.8813961689781834e-10
3.7573027267229627e-10
4.1046855222122245e-10
8.0188165647903994e-10
4.0461348706914182e-10
1.0120389592528115e-09
9.2804931162546475e-10
6.3527610576870827e-10
1.8079903562086733e-09
9.9880687174629253e-10
2.0813905136655657e-09
2.6174270233587976e-09
1.6206429379144131e-09
4.2454177934667614e-09
2.9803228942385464e-09
4.1496017106586237e-09
6.0521497847878491e-09
3.0856286944112041e-09
8.3910591298043939e-09
9.1757807566476876e-09
6.4135648884121069e-09
1.5502528248970576e-08
9.8706933013015813e-09
1.7891432146453525e-08
2.5394485511116470e-08
1.3557385375471425e-08
3.6144292421916795e-08
2.8417217427879360e-08
3.1377086234539623e-08
6.3096872978740931e-08
3.3707061317773299e-08
8.0368049990182562e-08
8.7415033803433190e-08
5.6935514301341591e-08
1.6143904310563408e-07
8.5168471540065176e-08
1.7890891092096179e-07
2.2323355903144063e-07
1.2680276450543093e-07
3.6191845226458969e-07
2.1204588518080635e-07
3.4122257578123538e-07
5.7773606325269105e-07
3.3950590972853922e-07
8.3172955819946142e-07
6.5588347246837853e-07
6.6189639515459761e-07
1.4021872092287935e-06
7.3593745075176569e-07
1.7405585689750545e-06
1.7618113799754333e-06
1.0780391242679681e-06
3.1927953121294191e-06
1.9385613730375569e-06
3.4281524140980377e-06
4.8893170898008489e-06
2.8013728875122067e-06
7.2868982703794813e-06
6.0591669695506979e-06
9.3425475444618900e-06
1.2856386185870109e-05
6.4464050233525444e-06
1.9675122857463766e-05
1.0952153149053682e-05
1.2759659193826592e-05
2.2614175441176012e-05
1.0067762459293698e-05
2.3801823678009911e-05
1.4406289760710616e-05
2.2501302760938245e-05
2.4594533648604871e-05
1.3114046742865650e-05
2.8947736068670671e-05
1.4051430297730225e-05
2.9882147212966626e-05
2.4024884681107786e-05
2.2689037860037306e-05
3.2389169249325530e-05
2.0116450812728299e-05
3.5556442222767116e-05
2.8950140026379545e-05
3.1959346482850905e-05
3.9247848658259063e-05
3.7816213469664463e-05
5.3611062476076394e-05
3.8078094801158003e-05
3.9288515663973802e-05
3.2167566149753481e-05
3.0344252475985247e-05
3.4203634693510819e-05
1.7107904639768563e-05
3.1987690150368661e-05
3.4912929029985293e-05
1.6242165773681130e-05
3.9964025650806483e-05
3.1742522965090485e-05
1.9216450797985628e-05
3.4893977339398891e-05
3.4924837681461089e-05
2.3796066479677371e-05
4.3489520197919811e-05
4.8473743344156961e-05
3.3448288542963627e-05
4.0816831476177064e-05
4.2557476115096349e-05
3.3969122268002221e-05
0.0000000000000000e+00
1.0951552279158292e-15
1.2949863113231797e-15
3.1779345480295453e-15
3.6034127835288148e-15
3.4622414328617300e-15
3.8375149707931170e-15
4.5430284494881865e-15
3.8013199033207810e-15
5.4639927397274574e-15
4.9298544602999417e-15
5.7302823599543077e-15
6.9956990605366185e-15
6.6209883536547924e-15
6.5665534198285927e-15
6.9751859380065623e-15
9.1069613231664590e-15
9.5294999813934533e-15
9.4266608846331464e-15
1.0635095879846854e-14
1.0473962674088027e-14
1.1514607932524546e-14
1.1884522370064487e-14
1.2111981886814665e-14
1.2892522407831575e-14
1.3164734926306738e-14
1.3530560457120465e-14
1.4180755933167507e-14
1.5294152566514089e-14
1.4823393257060504e-14
1.5169243111163840e-14
1.5875739687880289e-14
1.7469135550723186e-14
1.7081500832509200e-14
1.7416637928025586e-14
1.7076840056265364e-14
1.8257574067851801e-14
1.9421874030514917e-14
2.0288049997209713e-14
1.9490646840855502e-14
1.9506896962555739e-14
2.0815501947127871e-14
2.2603617702366486e-14
2.4656183260133524e-14
3.3675275251588720e-14
2.2388397914703485e-14
4.8001635642422301e-14
3.1986250821771543e-14
4.6033819156177036e-14
5.8645093070526261e-14
4.3568653190059166e-14
7.0692439986906060e-14
1.1342400167282635e-13
1.0459711179477472e-13
1.8296638150478651e-13
1.5440075125505819e-13
2.2447616547142226e-13
2.4263716754564921e-13
1.6481260526007059e-13
2.8272190708445860e-13
2.9544544565643448e-13
2.3739045485286582e-13
6.2691365568328676e-13
4.9278068395321305e-13
7.8556952374847269e-13
1.0384176930638581e-12
6.5781205587914458e-13
1.6736789128797007e-12
8.1366529652809600e-13
1.7101105794319861e-12
1.9695394264918616e-12
9.9061013761713939e-13
3.1438103452977730e-12
2.3427054447195666e-12
2.7851743479713727e-12
5.8610616831004588e-12
4.1672337768147159e-12
8.4126535505861012e-12
6.5291789869193011e-12
7.0464308947526550e-12
1.2754910130683070e-11
5.2831049391506296e-12
1.4860896882442182e-11
1.5053754539068411e-11
1.0351968020910016e-11
2.8530839697519606e-11
2.3452156878380748e-11
3.1884091070051509e-11
4.8169986354110784e-11
2.8187685795820554e-11
6.9298222008612427e-11
5.3934500319073420e-11
5.8859092242326590e-11
9.9614514474933530e-11
5.6912890696720499e-11
1.1896534247903936e-10
1.7933733230663131e-10
1.2338788849439509e-10
2.8582936987488223e-10
1.9192454889295671e-10
2.8123357542895878e-10
4.5130598805147261e-10
2.1502349398014367e-10
6.0304657026041819e-10
4.9741259564590204e-10
4.0994473876534200e-10
1.0846890486006491e-09
6.3882792737905066e-10
1.3428089308731547e-09
1.6156206454061502e-09
1.0511499444508215e-09
2.8153119859088915e-09
1.4652336197793797e-09
2.9457814463331069e-09
3.6997806282400570e-09
1.9594101888949208e-09
5.7560339913806114e-09
4.0129062286678706e-09
4.9699567241391191e-09
1.0046931264292830e-08
6.2629312628128962e-09
1.3801974450477933e-08
1.2039238686754176e-08
1.0097827944264858e-08
2.3103940486969512e-08
1.0961248410377119e-08
2.6310330590714416e-08
3.1658356257986700e-08
1.8454130116166022e-08
5.1658778290712264e-08
4.1225066014679301e-08
5.0974837154520537e-08
9.0547491064402580e-08
4.9905225822801179e-08
1.1823964875624308e-07
1.1225821691251347e-07
8.8968139133530636e-08
2.0931728488337163e-07
1.0344145215974722e-07
2.2615249665865038e-07
3.2578340032727018e-07
2.0436381970917537e-07
5.2424685039160240e-07
3.3848991353262375e-07
4.8465391712452169e-07
8.4535710614299020e-07
4.4534517395418882e-07
1.1538887581985519e-06
9.5662721011697409e-07
8.0458823725222269e-07
2.0339720602088447e-06
1.0917895723404409e-06
2.4586161040485791e-06
2.8693044149830418e-06
1.8192612390554646e-06
5.0054807409315878e-06
2.6047678566958743e-06
5.1110559464039391e-06
7.1497193173058992e-06
5.0417428429370257e-06
1.1333663401121485e-05
6.1791439844996861e-06
1.6229610417921437e-05
1.6109578160813375e-05
1.1226070131334102e-05
2.8614462479000975e-05
1.3648214167613555e-05
2.5504291583160938e-05
1.6876423334280061e-05
2.1895277597277562e-05
2.6793443892209972e-05
1.3576775276795626e-05
2.8507549269561864e-05
2.2889271852116455e-05
1.6443934876762960e-05
3.1942384182792235e-05
2.6521963415074398e-05
2.1258964720371322e-05
4.3242745142663152e-05
2.4821692004119997e-05
3.4950692874153914e-05
4.2179266495499351e-05
2.5813326520284509e-05
2.8253897984882209e-05
2.3536535472833574e-05
1.7892823468823851e-05
2.5544176365355044e-05
4.6211498117609221e-05
1.2617291541974916e-05
4.6623402027738788e-05
2.2243727474526054e-05
2.0816946984878113e-05
2.1126664327819247e-05
2.7504599790303754e-05
2.5561461245267490e-05
3.8716063014213564e-05
5.0261888354984855e-05
3.1031326820902204e-05
4.0061512986680405e-05
5.8015895806546339e-05
3.3911546688031217e-05
2.3722763513985557e-05
4.6512880580933947e-05
3.8742105618732282e-05
1.3338128739961518e-05
5.0767641671631537e-05
2.9834169468083077e-05
2.6836774312759563e-05
0.0000000000000000e+00
1.0951552279158292e-15
1.2949863113231803e-15
3.1782536142711293e-15
3.5787127672784516e-15
3.3891139222250698e-15
3.8010210602352519e-15
4.2096586073880872e-15
3.9574658173717560e-15
4.3885831262572694e-15
4.4336705343534993e-15
5.5167581789470581e-15
5.6401121538197699e-15
6.6135549971838615e-15
6.9694724506881450e-15
6.8178608497246100e-15
7.5279605435691712e-15
8.7480316818202997e-15
8.3748733826884330e-15
8.9008004213996220e-15
9.5925374423059611e-15
1.1117743933907585e-14
1.0638029841266096e-14
1.1314697776201136e-14
1.1236306625789563e-14
1.2198586356591026e-14
1.3167834013836055e-14
1.3911349462727584e-14
1.4255890472701407e-14
1.3686302392889802e-14
1.5452403799263134e-14
1.5217437646546319e-14
1.5483133951866886e-14
1.5931021599264567e-14
1.7228245047213682e-14
1.7095294392302074e-14
1.7635139025916664e-14
1.8185485986939806e-14
1.9012676688110986e-14
1.8852064960613747e-14
1.9497219118351979e-14
1.9884518977974631e-14
2.0240530328306153e-14
2.1227994261037185e-14
2.2559652493921565e-14
2.2866375603123789e-14
2.3060225297067052e-14
2.2892473284944581e-14
2.3239270785383205e-14
2.4088544786012908e-14
2.6038337882113215e-14
2.5158648282779401e-14
2.4960950893316203e-14
2.5737312261963497e-14
2.6299550311705902e-14
2.7508407329015740e-14
2.7560733268458153e-14
2.8811537760991207e-14
2.8288237796428382e-14
2.8801042694388807e-14
2.9121671242083150e-14
3.1817254239470421e-14
3.5853152679610821e-14
4.4137320624183205e-14
4.3439599009921130e-14
4.7965103875092914e-14
6.0642746443518609e-14
6.7308802883634308e-14
7.5810580345267509e-14
7.7410048632621348e-14
9.4736378430263182e-14
1.1375189533239200e-13
1.1995624620468273e-13
1.3574907948566861e-13
1.3710758637184780e-13
1.8327446923671596e-13
2.1362308283719684e-13
2.0923128668431724e-13
2.3224339658482850e-13
2.7349215552224930e-13
3.4124413862664411e-13
3.8167371478008878e-13
3.8252556314714665e-13
4.6114571250886125e-13
5.2849771599448196e-13
6.3198391709924672e-13
7.0554911040563922e-13
7.0048370942640433e-13
9.0231504612274204e-13
1.0447964115284197e-12
1.1677206438433876e-12
1.2912469184865317e-12
1.2931117737876232e-12
1.7525461984646943e-12
2.0090031799911854e-12
2.1060063498505660e-12
2.3170257274346529e-12
2.4973500917533378e-12
3.3888014298966373e-12
3.8108644437066200e-12
3.8184411424356194e-12
4.4045002382497142e-12
5.1111941442130219e-12
6.4321910554121487e-12
7.0831473382942956e-12
6.9686518565804448e-12
8.8872194752958506e-12
1.0178151527615106e-11
1.1977705624068200e-11
1.3059177442713041e-11
1.3092392152095911e-11
1.7473604990823115e-11
1.9923217956654092e-11
2.1860098914737358e-11
2.3836083307040227e-11
2.4176187720043004e-11
3.3681744229392725e-11
3.8401691764154637e-11
4.0223425099293543e-11
4.2391906746620359e-11
4.9050888920550379e-11
6.5020025047208988e-11
7.2408599832662866e-11
7.2448241295339311e-11
8.6590410675383017e-11
9.9537170068616319e-11
1.2278277762636211e-10
1.3436556137935616e-10
1.3329983213121150e-10
1.7321455627918461e-10
1.9795288879097439e-10
2.2751575012855875e-10
2.4728019599492714e-10
2.4991662632486935e-10
3.3907255741273841e-10
3.8549753544096750e-10
4.1682407246238811e-10
4.4825465067508853e-10
4.6832362903612596e-10
6.5377299806051120e-10
7.3826764943655512e-10
7.6387278833871506e-10
8.3675613475507540e-10
9.6661868001402343e-10
1.2496890240761658e-09
1.3851467841584159e-09
1.3656595989011016e-09
1.7027694672030588e-09
1.9453589678211059e-09
2.3477614688161659e-09
2.5490757505577757e-09
2.5484866847467845e-09
3.3707649513276964e-09
3.8455599871304144e-09
4.3253460843632459e-09
4.6820879921036951e-09
4.7610531683597601e-09
6.5320166723991797e-09
7.4414986734604159e-09
7.9510434851867406e-09
8.3984538377038891e-09
9.2619183225946296e-09
1.2603620683822845e-08
1.4137410301643096e-08
1.4433229943331398e-08
1.6485046595920411e-08
1.8977959012061014e-08
2.4008551541311992e-08
2.6467827682972526e-08
2.5900096242139272e-08
3.3199377035336477e-08
3.8051838522571534e-08
4.4807589778303527e-08
4.8491991339919896e-08
4.9134920689314344e-08
6.5435603353617906e-08
7.4539488477886354e-08
8.2038730510386529e-08
8.8930714389414278e-08
9.0770901796471431e-08
1.2613457524325723e-07
1.4382732588637974e-07
1.5142714343465751e-07
1.5843047790628892e-07
1.8328006542221097e-07
2.4375681803225777e-07
0.0000000000000000e+00
1.0951552279158292e-15
1.2949863113231803e-15
3.1782536142711293e-15
3.5787127672784516e-15
3.3891139222250698e-15
3.8010210602352519e-15
4.2096586073880525e-15
3.9574658173717647e-15
4.3885831262570588e-15
4.4336705343514909e-15
5.5167581788725502e-15
5.6401121526748400e-15
6.6135543421506845e-15
6.9689754213579632e-15
6.9601103668302158e-15
7.0248670572166556e-15
7.8420556651820922e-15
8.4229358201796934e-15
9.0163746812334189e-15
9.7722430210662440e-15
9.2943998913917200e-15
9.7073526662803147e-15
9.9998714239695475e-15
1.1648308078809408e-14
1.0432197806045754e-14
1.1910073722195426e-14
1.1684023387940338e-14
1.3239394170615994e-14
1.3875255889019035e-14
1.3305948192658619e-14
1.3598279376407280e-14
1.4700687997443881e-14
1.4730674286244477e-14
1.5369535233725199e-14
1.5806818235337655e-14
1.6773014176942843e-14
1.7343050214786587e-14
1.7432969386597723e-14
1.9450103047182079e-14
2.0251688666845070e-14
2.0316816134675505e-14
1.9564462506654508e-14
2.0219117616965889e-14
2.0295031605171495e-14
2.1933095918897673e-14
2.0434380833755725e-14
2.1657652333853788e-14
2.2351604957856380e-14
2.4190157562448103e-14
2.4584230074655076e-14
2.4830797704643792e-14
2.4295395723205568e-14
2.6084001555151623e-14
2.6160305931898709e-14
2.6667713174717396e-14
2.7191248710501699e-14
2.7437340561910542e-14
2.7693677011664985e-14
2.8417051323134931e-14
2.9358785051716426e-14
2.9467836445137148e-14
2.9118778391451561e-14
2.9616548675712188e-14
3.1651777148544943e-14
3.2379391263043024e-14
3.2890972878819783e-14
3.8543770166585634e-14
4.0429334254811316e-14
3.7748964148025035e-14
4.5630069560104455e-14
5.1027444757431037e-14
5.5522964434666167e-14
6.4002629939419394e-14
5.6935263268731396e-14
7.1016176774428995e-14
7.4228486705624024e-14
8.0416894944740190e-14
9.8156271796660295e-14
1.0839210936945007e-13
1.1285884089351620e-13
1.2970280585934174e-13
1.5572246443779640e-13
1.7668498185027908e-13
1.9798039134470032e-13
2.1073446354596259e-13
2.6675003490016161e-13
3.0518939453917906e-13
3.3166386300596300e-13
3.6551016014945281e-13
4.0934374430724916e-13
5.2141354463345416e-13
5.7235351482419363e-13
6.1053343851921666e-13
7.3283613038783044e-13
8.2778064205088631e-13
9.6777398037086483e-13
1.0842667901920128e-12
1.1160018387381583e-12
1.4330073809708042e-12
1.6198590460060416e-12
1.7609064105693210e-12
1.9888185509373644e-12
2.0441157867375305e-12
2.7932028008026211e-12
3.1059182930955315e-12
3.1522762535104279e-12
3.6245313853460347e-12
4.1819554790056664e-12
5.3702281357856516e-12
5.9612259099751646e-12
5.9609852256689255e-12
7.3947183951986896e-12
8.4223395589430648e-12
1.0102949048583515e-11
1.1201345846080473e-11
1.1107350694554744e-11
1.4654375686699286e-11
1.6594502611120667e-11
1.8557437074392038e-11
2.0469139929405391e-11
2.0376592858366241e-11
2.8340653785087008e-11
3.2061321310475894e-11
3.3400337098892502e-11
3.6481985099083108e-11
4.0934035042618475e-11
5.4834913148951071e-11
6.0873432169719260e-11
6.0655741664553819e-11
7.2746463875892634e-11
8.3372670226434885e-11
1.0399562212262290e-10
1.1377373357883976e-10
1.1263386249964208e-10
1.4601613051958221e-10
1.6640366313865829e-10
1.9320943685682587e-10
2.1083289990269859e-10
2.1162883584969691e-10
2.8595063603343641e-10
3.2445613700066027e-10
3.5120824245909835e-10
3.8222711048477595e-10
3.9320899191718569e-10
5.5166315228149235e-10
6.2285836206056997e-10
6.4404943125950502e-10
7.0369470036949923e-10
8.1329206012404562e-10
1.0593871387592864e-09
1.1715364734714031e-09
1.1570126765402539e-09
1.4327684275664237e-09
1.6432453992351887e-09
1.9916296761025172e-09
2.1666063554050511e-09
2.1671329557049483e-09
2.8503781986387879e-09
3.2509906534412057e-09
3.6722156921529096e-09
3.9907223846565482e-09
4.0384045060984224e-09
5.5373869116758796e-09
6.3167865181559678e-09
6.7392966333343474e-09
7.1675345061022832e-09
7.8359234214548071e-09
1.0683929064235976e-08
1.1999456876642680e-08
1.2251590639135101e-08
1.3898083902444087e-08
1.6017017219073653e-08
2.0389360696406941e-08
2.2405373176395678e-08
2.1974908683492611e-08
2.8099265902066346e-08
3.2169856048239959e-08
3.8046805929906794e-08
4.1299890650425586e-08
4.1480134412247999e-08
5.5463660070898931e-08
6.3177700129434187e-08
6.9695207004935303e-08
7.5443552774505248e-08
7.6906221804125985e-08
1.0693600779935386e-07
1.2158007706084761e-07
1.2838106235136155e-07
1.3424642892881174e-07
1.5459605108928626e-07
2.0599990381582570e-07
2.2960204761823612e-07
2.3133134760800473e-07
2.7356693381818007e-07
3.1377108229422678e-07
3.8990611562031671e-07
4.2672558229941664e-07
4.2206142308686988e-07
5.4818322299204426e-07
6.2541660719723329e-07
7.2430525583449538e-07
7.8619339643725997e-07
7.9293141097600576e-07
1.0732625488601887e-06
1.2228145244098135e-06
1.3263748770445492e-06
1.4262629388384835e-06
1.4769308744202098e-06
2.0720500934564679e-06
2.3418824510918086e-06
2.4376997479852281e-06
2.6368239293688962e-06
3.0495270344063063e-06
3.9691114513549212e-06
4.4125811739220497e-06
4.3735061329070015e-06
5.3700389079767476e-06
6.1629643964189291e-06
9.2995112489427373e-06
5.4690489215149583e-06
9.8937669621250266e-06
8.3327909770018015e-06
9.4228417634070914e-06
1.4170182976821205e-05
1.1309253443780251e-05
1.1545505945004898e-05
1.7616731158719898e-05
1.1776760955808152e-05
1.6768463376061628e-05
2.1196759325466394e-05
1.5382947596939808e-05
1.3969555641778591e-05
1.5608470117640936e-05
1.4640337087616428e-05
1.4066409282914071e-05
2.1461217403626978e-05
1.7875376045565168e-05
2.0072774985388919e-05
1.9935977279014558e-05
1.5386506236207066e-05
1.8689563839827787e-05
1.9814105711849397e-05
2.0306457433107030e-05
1.8712644568975041e-05
2.2992066685601715e-05
1.8559085159612875e-05
1.9563157244538038e-05
1.8992485123759951e-05
2.2256467047077921e-05
2.3798103369314310e-05
2.3786512808350060e-05
2.2525650987679451e-05
