0.0000000000000000e+00
1.5814602882812994e-06
1.1419739709466849e-06
1.2051390123761262e-06
9.9099106815713405e-07
8.0367030710621444e-07
1.0055064530483272e-06
7.8791525064806719e-07
9.2886125816533403e-07
1.0901903204179868e-06
1.1466432872949023e-06
7.3685874437641408e-07
9.0302297266406714e-07
7.1434826164595964e-07
9.6250306528998459e-07
8.9805910170179041e-07
1.1248892066598402e-06
6.5725398705744408e-07
6.5513915971567820e-07
7.2233832250091723e-07
7.1561300609897287e-07
7.0494960899102027e-07
6.8534894559912760e-07
7.1100222870855977e-07
6.3008364028903248e-07
6.5618150762662248e-07
6.4601550855915426e-07
7.7479742390212328e-07
7.5217074580565416e-07
7.6165800219538674e-07
6.9199322191307915e-07
6.7273834820624989e-07
6.9726443755411322e-07
8.1171320983104293e-07
6.5975408599771398e-07
6.7905186336839153e-07
6.5553782181400183e-07
7.1809039122103688e-07
7.4704260910724854e-07
5.8428711861027361e-07
6.1302358604364952e-07
6.7506442856657285e-07
7.2816113280037976e-07
6.4764419377331584e-07
6.7436907259275862e-07
7.2129529474803053e-07
8.1810188754583451e-07
8.3137025587127893e-07
6.8554031781104873e-07
8.2736577406025692e-07
7.6258517399102009e-07
6.8056792287877719e-07
7.4872554079556810e-07
7.3794125745959966e-07
6.6666804145175339e-07
6.4067146102459465e-07
6.2850766054896728e-07
6.4241199375831109e-07
6.5294527867354488e-07
7.6151068646465755e-07
6.9046728265822009e-07
6.6484713999051998e-07
6.5959391083780446e-07
7.1834725770387091e-07
7.6333740081066505e-07
6.3085052612328476e-07
6.5542636160237290e-07
6.5866933484422321e-07
6.8169207432650793e-07
6.3529905840169527e-07
6.2149900026032316e-07
6.5546264326589839e-07
6.7416514450860710e-07
6.9691933396311922e-07
7.0685241505976138e-07
7.2395215985897724e-07
6.8678168377680309e-07
6.9692447195332212e-07
7.6028038967290379e-07
7.5766737759380514e-07
7.6429516976703427e-07
8.2447960758836426e-07
6.4845856865395334e-07
6.6212741435831781e-07
7.0735663014542106e-07
6.7196104771201942e-07
7.2389843008520981e-07
6.4245961038947053e-07
6.3899911696650717e-07
6.4514690429441454e-07
6.6591501790739421e-07
6.5022923780279719e-07
6.7789750693374186e-07
7.2842235769233570e-07
7.2261409185491708e-07
7.4584670673145291e-07
6.9934148020613397e-07
6.6215705274443105e-07
6.9014029848198963e-07
6.5873545410194085e-07
7.2103719087674959e-07
7.5804503366752059e-07
7.3399826207763092e-07
7.0693142551511771e-07
6.8561380119883657e-07
6.8566887342830434e-07
7.2108621491842706e-07
7.0239405172970656e-07
7.2984027487775776e-07
7.3450443411442633e-07
6.9906744582743882e-07
7.3640251259551176e-07
7.7275766431279528e-07
7.0506186056211548e-07
6.8759709452414000e-07
7.7024921475348002e-07
6.9944236778405285e-07
7.2005599272397761e-07
6.8099384845161642e-07
6.8042019740690730e-07
7.2683474834880978e-07
7.2921960751292940e-07
7.4625997798256228e-07
7.6298054689650358e-07
7.3719219130176073e-07
6.9161481973941947e-07
7.1238019337949817e-07
7.2390548712280153e-07
6.9423452852283665e-07
7.0790780617395365e-07
6.7533294053298126e-07
6.8336070272927436e-07
7.1331198925938096e-07
7.1415628923557312e-07
7.4410327573642169e-07
7.4122582303440877e-07
7.2376049311290738e-07
7.4902501271476615e-07
7.1592287186003539e-07
7.1973589045068540e-07
7.6762520990461090e-07
7.6698475891331275e-07
7.6036316283844059e-07
8.0786712002195232e-07
7.5951584983952600e-07
7.0392569550910468e-07
7.5174851704926064e-07
6.9092968533081616e-07
7.1229120047079308e-07
7.2566507011658903e-07
7.0022161347379638e-07
7.1630617260326827e-07
7.0220821579509635e-07
7.2189498023726380e-07
7.6253739753145561e-07
7.5644912597508959e-07
7.2780359988862118e-07
7.5446466649090470e-07
7.4732379774037557e-07
7.0739025728204155e-07
7.3922414454942874e-07
7.4044562869324190e-07
7.4588010506697761e-07
7.7624255395775579e-07
7.6586664104667285e-07
7.6289446499584930e-07
7.3912862809195562e-07
7.1451635866371219e-07
7.4318146016727494e-07
7.2336562511861252e-07
7.3202189054459500e-07
7.7504027761942660e-07
7.5663696167581436e-07
7.4723406367674335e-07
7.7456471941708388e-07
7.7677060427111450e-07
7.3641015056526440e-07
7.8683493004588462e-07
7.4182111090600037e-07
7.3710803672793136e-07
7.5499387611699165e-07
7.3649786464384694e-07
7.6667816142246814e-07
7.6996961515597512e-07
7.7167118924424941e-07
7.9091372187108130e-07
7.6291450472080664e-07
7.2856187474034796e-07
7.4331670254043314e-07
7.4250004821456324e-07
7.2402184798536203e-07
7.5044337024248090e-07
7.5051031988731329e-07
7.4235387535020699e-07
7.6372933968551680e-07
7.6371585919690819e-07
7.7489713831880582e-07
7.7779535371524666e-07
7.6442150088701650e-07
7.7829576462787780e-07
7.4579653527154410e-07
7.3646061267172562e-07
8.0708221975248475e-07
7.9868423050661162e-07
7.6742315379050247e-07
8.0701145058366795e-07
7.9747689568502533e-07
7.4034443184546028e-07
7.7134152863410475e-07
7.4493119944073289e-07
7.3820519568979396e-07
7.6458395070869602e-07
7.5302761343134394e-07
7.7047780519495981e-07
7.7095679607974422e-07
7.6774563396905600e-07
7.9514757953300642e-07
7.8595106338661264e-07
7.6925297853168140e-07
7.8666378445072703e-07
7.8007537805477455e-07
7.5875617517356943e-07
7.7770004936138296e-07
7.8798591993450252e-07
7.8815605209737656e-07
8.0276214759155529e-07
7.9362201899361861e-07
7.8463980230915447e-07
7.7486488857842862e-07
7.5977812816401446e-07
7.7285862853743160e-07
7.5445974715696678e-07
7.5062379519271385e-07
8.1225795215999328e-07
8.0067875585964953e-07
7.7325639767563941e-07
8.0615837203023631e-07
8.1046655994935955e-07
7.7325783016895882e-07
8.0600124269424996e-07
7.9068144520752840e-07
7.7464649145670295e-07
7.9415440771678601e-07
7.8688432278281167e-07
8.0134132585969317e-07
8.0882785834148349e-07
8.0192921566390188e-07
8.1256655736897611e-07
7.9095873726147680e-07
7.6723515463722953e-07
7.8253680050389059e-07
7.8197594252411356e-07
7.7149366658905841e-07
7.9135294835558936e-07
8.0059698124387716e-07
7.9725858778942930e-07
8.0729288151150328e-07
8.0599329154458872e-07
8.0544867843888877e-07
8.0613617584002305e-07
8.0115230090482720e-07
8.0992782679874117e-07
7.9031208039288762e-07
7.8056399502449591e-07
8.3566070819990378e-07
8.2798307905228690e-07
7.9012245631183740e-07
8.2697642476973876e-07
8.2306033221824905e-07
7.7993577916849785e-07
7.9942473688336682e-07
7.9232600455712069e-07
7.8275959605223696e-07
8.0619664273425623e-07
8.0497946255619990e-07
8.1289129057563199e-07
8.1962951737918635e-07
8.1440909454380875e-07
8.2645480213787144e-07
8.1710601486062273e-07
8.0398137284995492e-07
8.2032771491832830e-07
8.1841887838499834e-07
8.0575760101419512e-07
8.1936756160614864e-07
8.2676717241816788e-07
8.2435247650099805e-07
8.3095856762304251e-07
8.2534062602262928e-07
8.1499158486131667e-07
8.0775021896675890e-07
8.0283797870710213e-07
8.1164522976622478e-07
8.0169341446230161e-07
8.0184114486756816e-07
8.4837452143933334e-07
8.3994192588009755e-07
8.0382993658447317e-07
8.3943596703162396e-07
8.4307867328395091e-07
8.1240478017635313e-07
8.3222350494532623e-07
8.3068991613622312e-07
8.1851735376070190e-07
8.3434248727092578e-07
8.3263355645805683e-07
8.3594637822995410e-07
8.4204707740719344e-07
8.3558357851097774e-07
8.3886574394964269e-07
8.2518768664790393e-07
8.0921856858461953e-07
8.2282430427085334e-07
8.2607276251929102e-07
8.2120778782018280e-07
8.3691688917943636e-07
8.4460437675672306e-07
8.4134658294353646e-07
8.4609059792507837e-07
8.4425670391957451e-07
8.3981105954736601e-07
8.3901996183962058e-07
8.3929521078579548e-07
8.4505496962690569e-07
8.3402687356699522e-07
8.3296523096396795e-07
8.6804238184919891e-07
8.5872760830566996e-07
8.2780088255028666e-07
8.5404958912911598e-07
8.5367243122764458e-07
8.2268126668381753e-07
8.3593828512581783e-07
8.3837029208679039e-07
8.3149760047973075e-07
8.4977610361796477e-07
8.5331341997434583e-07
8.5475932532924086e-07
8.5964167527277391e-07
8.5517485658140282e-07
8.5916460036366828e-07
8.5255180085582680e-07
8.4335442276463802e-07
8.5650247127707977e-07
8.5846862453076198e-07
8.5090214866044963e-07
8.6075236185205243e-07
8.6523124510651348e-07
8.6055398903437580e-07
8.6248011011581943e-07
8.5869654126219564e-07
8.5101414382363085e-07
8.4751539717632165e-07
8.4821435493264443e-07
8.5454254145870940e-07
8.4984190970188293e-07
8.5499234003554915e-07
8.8562228039828810e-07
8.7714126616177442e-07
8.5128225512864632e-07
8.7351128748896528e-07
8.7663577156512742e-07
8.5396386824755968e-07
8.6706053584454195e-07
8.7124985716651655e-07
8.6275819321601139e-07
8.7447392951298563e-07
8.7562378479413660e-07
8.7325480242143300e-07
8.7610139805237613e-07
8.7141834253562634e-07
8.7132793822224709e-07
8.6384095168914166e-07
8.5526515269062323e-07
8.6706675336826814e-07
8.7210554315623372e-07
8.6952335584904636e-07
8.8104190050013438e-07
8.8659008957716545e-07
8.8223896748968500e-07
8.8343429849112399e-07
8.8162938562401513e-07
8.7725755560778228e-07
8.7726149510067043e-07
8.8029805701562639e-07
8.8427884104551484e-07
8.7794337909524061e-07
8.8046205505512774e-07
9.0245994720324419e-07
8.9258997045392450e-07
8.7004943740946622e-07
8.8716741154193888e-07
8.8880053827936821e-07
8.6832083512829266e-07
8.7866504409518828e-07
8.8515574590266966e-07
8.8064699507369302e-07
8.9342195518579531e-07
8.9780867026072903e-07
8.9569467631458562e-07
8.9801597016371615e-07
8.9481746391548668e-07
8.9492222025448250e-07
8.9105714713888472e-07
8.8638736344286726e-07
8.9685976981340437e-07
9.0016204915411029e-07
8.9510690952854113e-07
9.0159377347127361e-07
9.0403745394644387e-07
8.9852420592481004e-07
8.9838911709062878e-07
8.9631569897341628e-07
8.9158128593647682e-07
8.9140342216464454e-07
8.9532687418858310e-07
9.0006961571198071e-07
8.9770744799819870e-07
9.0366813806150440e-07
9.2301784159711632e-07
9.1440947220424668e-07
8.9582343402639265e-07
9.1042205618703310e-07
9.1330928479601733e-07
8.9770019949409283e-07
9.0726270793859902e-07
9.1356458336880935e-07
9.0772356357321000e-07
9.1526943139535540e-07
9.1697474234566105e-07
9.1245981233774143e-07
9.1323797146592941e-07
9.1065097486107332e-07
9.0966380012359431e-07
9.0644925115248727e-07
9.0343138022287873e-07
9.1337289545838644e-07
9.1850565870867219e-07
9.1659103016069730e-07
9.2391707237692368e-07
9.2722613839338014e-07
9.2251552097859403e-07
9.2222347827601656e-07
9.2115871325413573e-07
9.1808260421055518e-07
9.1930658834149161e-07
9.2361086085888097e-07
9.2630505578290731e-07
9.2237656759605578e-07
9.2567446652650192e-07
9.3892648233998606e-07
9.2952672332040081e-07
9.1371632286616653e-07
9.2595894905814062e-07
9.2878416849583643e-07
9.1598986299256407e-07
9.2460335698557101e-07
9.3210833666651604e-07
9.2898465632004637e-07
9.3692950989825110e-07
9.4036804105891266e-07
9.3665951126251547e-07
9.3724366187046748e-07
9.3566538871615271e-07
9.3474229396445800e-07
9.3301457757506236e-07
9.3174856236070007e-07
9.3991813417457002e-07
9.4314329327206936e-07
9.3932246901858584e-07
9.4298203918034293e-07
9.4408647487216860e-07
9.3897279095948812e-07
9.3850520954198328e-07
9.3820491882268024e-07
9.3607159962791761e-07
9.3797985936678120e-07
9.4302411186485899e-07
9.4634058190439368e-07
9.4482083802463684e-07
9.4983582267379303e-07
9.6136015349845581e-07
9.5318851749469942e-07
9.4027999870432864e-07
9.5079205691690718e-07
9.5377774716990500e-07
9.4360533381445725e-07
9.5095019124649530e-07
9.5726100503259746e-07
9.5301631413450070e-07
9.5730791523133819e-07
9.5866548353239564e-07
9.5387849605467493e-07
9.5383222800341174e-07
9.5329401656710724e-07
9.5280180977272529e-07
9.5223319773183350e-07
9.5259351814481827e-07
9.6047257387855579e-07
9.6456432889396157e-07
9.6266949362230800e-07
9.6668773641375927e-07
9.6834001856954073e-07
9.6404124170559581e-07
9.6357058605537541e-07
9.6367435692815681e-07
9.6217707216894932e-07
9.6423849316311864e-07
9.6861575778165451e-07
9.7016404366399373e-07
9.6739259121902298e-07
9.7036982911772211e-07
9.7807768791279410e-07
9.6994065261215357e-07
9.5952063591852410e-07
9.6918581116156080e-07
9.7272495787448235e-07
9.6512240737320287e-07
9.7216401793380661e-07
9.7892119252396554e-07
9.7635233811057294e-07
9.8069708692009187e-07
9.8290161918477726e-07
9.7897027985603197e-07
9.7887643222572572e-07
9.7883196234057179e-07
9.7825585209049802e-07
9.7801496190579941e-07
9.7879753500321693e-07
9.8487291906323927e-07
9.8722055927952848e-07
9.8409638999645502e-07
9.8584906713831980e-07
9.8633288412068679e-07
9.8237421536825315e-07
9.8239975717183416e-07
9.8359673160998474e-07
9.8335029169861686e-07
9.8618116452886963e-07
9.9096733683173046e-07
9.9285656773460812e-07
9.9146060024718197e-07
9.9516913999710896e-07
1.0017256341271808e-06
9.9464980056337368e-07
9.8624594869075325e-07
9.9456710433723163e-07
9.9767962132031850e-07
9.9132272612004045e-07
9.9696071906555767e-07
1.0022627929566094e-06
9.9887816043240868e-07
1.0009573354385735e-06
1.0019484246171880e-06
9.9794417029595430e-07
9.9796234408997311e-07
9.9903277172507594e-07
9.9939048504619317e-07
1.0002337066896500e-06
1.0021784334028143e-06
1.0079782047890055e-06
1.0105895997455488e-06
1.0085908708157466e-06
1.0104667496932817e-06
1.0112612196253244e-06
1.0079897667568581e-06
1.0079798912085572e-06
1.0091516324981849e-06
1.0089324641214916e-06
1.0112813437381623e-06
1.0150343074455117e-06
1.0155745933770496e-06
1.0133941040094397e-06
1.0158305980291253e-06
1.0203051498455167e-06
1.0139108305923825e-06
1.0076924086940631e-06
1.0158364857386102e-06
1.0195534453270203e-06
1.0151555732291416e-06
1.0206180341313503e-06
1.0258934413821591e-06
1.0234816365309354e-06
1.0254706193419635e-06
1.0268336933015897e-06
1.0235529657328887e-06
1.0235606509279358e-06
1.0247290815738422e-06
1.0248391315996484e-06
1.0254280654173043e-06
1.0271140957748665e-06
1.0313821887508254e-06
1.0326805296308874e-06
1.0300903824942475e-06
1.0308502411268664e-06
1.0312867001648657e-06
1.0287945810929000e-06
1.0295398262422998e-06
1.0316988890516977e-06
1.0325323133069197e-06
1.0353925404434759e-06
1.0392358359800978e-06
1.0399067700442744e-06
1.0384864432551487e-06
1.0411466603917067e-06
1.0448512750322992e-06
1.0393142917480298e-06
1.0344095902375286e-06
1.0414115715118216e-06
1.0444338952298300e-06
1.0405082562780090e-06
1.0446969837877998e-06
1.0486951583866648e-06
1.0458656602731310e-06
1.0466832075131421e-06
1.0475725744246269e-06
1.0448086461789412e-06
1.0453185086925034e-06
1.0474359502413206e-06
1.0484296970916757e-06
1.0497818817444188e-06
1.0521062425711116e-06
1.0560535192226066e-06
1.0573257789298359e-06
1.0553938967997662e-06
1.0561930717448351e-06
1.0567795579774488e-06
1.0547829510514070e-06
1.0554110744970286e-06
1.0572738991464923e-06
1.0578229654510019e-06
1.0599866389074444e-06
1.0628410957466878e-06
1.0626563716846004e-06
1.0609282692210462e-06
1.0629865407019236e-06
1.0657668822360947e-06
1.0612203486491051e-06
1.0580941953213614e-06
1.0650962671807969e-06
1.0685234049227645e-06
1.0659030598153757e-06
1.0698718135293340e-06
1.0736075377703061e-06
1.0713427502912606e-06
1.0720587286201694e-06
1.0730879135049714e-06
1.0708650425952912e-06
1.0713282137573785e-06
1.0732774523647342e-06
1.0739191695925429e-06
1.0748021264811515e-06
1.0766342626801797e-06
1.0794600587170129e-06
1.0799381436378956e-06
1.0779286338881323e-06
1.0784035835566678e-06
1.0791217631053688e-06
1.0780143977356586e-06
1.0793571737571432e-06
1.0819054380061821e-06
1.0831454582701525e-06
1.0855209223805288e-06
1.0882510882214068e-06
1.0880953532657960e-06
1.0868006626679240e-06
1.0888605488574649e-06
1.0911289931866685e-06
1.0872272131571408e-06
1.0848833998781978e-06
1.0908781704594917e-06
1.0935572733753825e-06
1.0910509373741205e-06
1.0940310347334274e-06
1.0968557974968628e-06
1.0945501489077051e-06
1.0948598932255384e-06
1.0959007093490296e-06
1.0944177746293537e-06
1.0954600735129221e-06
1.0980658764604577e-06
1.0993249725293941e-06
1.1006277365759592e-06
1.1026988771421610e-06
1.1051945446905931e-06
1.1055614084182704e-06
1.1039626499812278e-06
1.1044601258098855e-06
1.1052251590341917e-06
1.1044150079194457e-06
1.1055606694204121e-06
1.1076834205700650e-06
1.1085399438965187e-06
1.1102683801058790e-06
1.1122552743581017e-06
1.1117047462770030e-06
1.1104812562422664e-06
1.1124009366036947e-06
1.1144137751414282e-06
1.1115195839742307e-06
1.1104848915811223e-06
1.1164193009313368e-06
1.1192542816801178e-06
1.1175303258145720e-06
1.1202475105594067e-06
1.1227487197630285e-06
1.1207997027211854e-06
1.1210516038142232e-06
1.1221231226642655e-06
1.1210010315698367e-06
1.1219368989941262e-06
1.1242262489955802e-06
1.1251095117213207e-06
1.1259497192862632e-06
1.1275613773750001e-06
1.1293638383573916e-06
1.1293974728419394e-06
1.1280581893479966e-06
1.1286777271961124e-06
1.1297773773638965e-06
1.1297396076111596e-06
1.1314031126411296e-06
1.1338846731680823e-06
1.1350952999863048e-06
1.1368262045959258e-06
1.1386022449198556e-06
1.1380653883353052e-06
1.1371171303503722e-06
1.1389558448612272e-06
1.1406240611951059e-06
1.1381793416405031e-06
1.1375498873792826e-06
1.1426081529420254e-06
1.1447772931122773e-06
1.1430665432887893e-06
1.1451309156039799e-06
1.1471086993181203e-06
1.1453963896915785e-06
1.1456954489658813e-06
1.1470099241497637e-06
1.1465976404420547e-06
1.1480011580395323e-06
1.1506396198619673e-06
1.1518543850770641e-06
1.1528586996069108e-06
1.1544787320139206e-06
1.1559990812304173e-06
1.1559440744907654e-06
1.1548878836680692e-06
1.1555253815487768e-06
1.1566003433050650e-06
1.1566937088783818e-06
1.1581142106976412e-06
1.1601561425353406e-06
1.1610203009075720e-06
1.1622828882565941e-06
1.1636165140260479e-06
1.1630401406954764e-06
1.1623955959630571e-06
1.1643382636995607e-06
1.1660582554032337e-06
1.1644580016420521e-06
1.1646851691256319e-06
1.1695601885116640e-06
1.1716944007318603e-06
1.1704198834848998e-06
1.1722338184539072e-06
1.1739310130611764e-06
1.1724792575046402e-06
1.1727654908886544e-06
1.1740533513281382e-06
1.1738473957251868e-06
1.1750964629033192e-06
1.1773712217184358e-06
1.1782590887081170e-06
1.1789217564959238e-06
1.1802345080690482e-06
1.1814254752875575e-06
1.1813680449583453e-06
1.1807307310914865e-06
1.1816659537380519e-06
1.1830796448322851e-06
1.1837246510752300e-06
1.1854327943817248e-06
1.1875777926484016e-06
1.1885646978519100e-06
1.1897337195324475e-06
1.1908674674233466e-06
1.1903332599714622e-06
1.1898876353214314e-06
1.1917226479578209e-06
1.1931973864857026e-06
1.1918861715136974e-06
1.1922766841544659e-06
1.1964255448795190e-06
1.1980500803260852e-06
1.1968201683223280e-06
1.1982891605339129e-06
1.1997762422403521e-06
1.1987106885432713e-06
1.1992485884835793e-06
1.2008210799103060e-06
1.2011621996506825e-06
1.2026985060764479e-06
1.2050763582679833e-06
1.2060842902882226e-06
1.2067696643774039e-06
1.2079998593648956e-06
1.2089916014162272e-06
1.2089036473275271e-06
1.2084747255819128e-06
1.2094148931970132e-06
1.2107531765816350e-06
1.2114133944345953e-06
1.2128776035773150e-06
1.2146489612535843e-06
1.2153972033877994e-06
1.2163076836134559e-06
1.2172627457435535e-06
1.2169106446645954e-06
1.2168579985351224e-06
1.2188704833628626e-06
1.2204781824577672e-06
1.2197787778318831e-06
1.2206539708738205e-06
1.2245278737498748e-06
1.2260201689311504e-06
1.2250360640673309e-06
1.2263125182310646e-06
1.2276025547666894e-06
1.2267490424815006e-06
1.2272982318785393e-06
1.2288070784528461e-06
1.2292379045025276e-06
1.2306011610091778e-06
1.2326438226068114e-06
1.2334202506000668e-06
1.2339213946945556e-06
1.2350161714298903e-06
1.2359370354491541e-06
1.2360327699279979e-06
1.2360408988836072e-06
1.2372806153186117e-06
1.2388604632817703e-06
1.2398439698726522e-06
1.2414083561780469e-06
1.2431307763424694e-06
1.2438836975257035e-06
1.2446914553794470e-06
1.2455069405566014e-06
1.2452317786680052e-06
1.2453307102406528e-06
1.2472258090809990e-06
1.2486450348515871e-06
1.2481186080987335e-06
1.2490243524875126e-06
1.2523373385280583e-06
1.2534992937194520e-06
1.2526362332446292e-06
1.2538015766162334e-06
1.2550857617433862e-06
1.2546511702100692e-06
1.2554881532263158e-06
1.2572161166124201e-06
1.2579969406228919e-06
1.2594805003364404e-06
1.2614724712180569e-06
1.2622540652197880e-06
1.2627304117322457e-06
1.2637382396075488e-06
1.2645462656910882e-06
1.2646625297678373e-06
1.2648222634835541e-06
1.2660445737616694e-06
1.2675190915803678e-06
1.2684553343639177e-06
1.2698143687435587e-06
1.2712703533971413e-06
1.2719111895028944e-06
1.2726410105315528e-06
1.2734620557819423e-06
1.2734663593149912e-06
1.2739386595349324e-06
1.2759810380056186e-06
1.2775020484441083e-06
1.2773652936295414e-06
1.2784934342534975e-06
1.2815024045306799e-06
1.2825171659489017e-06
1.2818161903022707e-06
1.2828632683223657e-06
1.2840313751657158e-06
1.2837719218183378e-06
1.2846218622291229e-06
1.2862617709073049e-06
1.2870576376754011e-06
1.2883823733414501e-06
1.2901134541803154e-06
1.2907744432741349e-06
1.2912100744698629e-06
1.2922190347387316e-06
1.2931047834293032e-06
1.2934693565338681e-06
1.2939954983115902e-06
1.2954345583020461e-06
1.2970295798823873e-06
1.2981094723166365e-06
1.2994536064242028e-06
1.3008022284181778e-06
1.3014144150001737e-06
1.3020776891074104e-06
1.3028278853481186e-06
1.3029286187800353e-06
1.3035109417096489e-06
1.3054314224474980e-06
1.3068004068727244e-06
1.3067660058676247e-06
1.3078721273153976e-06
1.3104846787502591e-06
1.3113339756308519e-06
1.3108222192393771e-06
1.3119044843357205e-06
1.3131667352027533e-06
1.3132772660104476e-06
1.3143595174266573e-06
1.3161170626337408e-06
1.3170929796389946e-06
1.3184245602380363e-06
1.3200389060322219e-06
1.3206689688160332e-06
1.3210886023333065e-06
1.3220433265549582e-06
1.3228837294850115e-06
1.3232959888194937e-06
1.3239233521013210e-06
1.3253226964680448e-06
1.3268046667080803e-06
1.3278206528834445e-06
1.3290223566849582e-06
1.3302197537080841e-06
1.3308295073211210e-06
1.3315385863918225e-06
1.3323931881403612e-06
1.3327777019312249e-06
1.3336517998351393e-06
1.3356463766453737e-06
1.3370530595397478e-06
1.3372390461379053e-06
1.3384122628447339e-06
1.3407480099173156e-06
1.3414861462678948e-06
1.3411102542012793e-06
1.3421392535857631e-06
1.3433431556986873e-06
1.3435905009402659e-06
1.3446743183363886e-06
1.3463331768125248e-06
1.3472894375594300e-06
1.3485011707778432e-06
1.3499466135313819e-06
1.3505560036428156e-06
1.3510384231081655e-06
1.3520751456047571e-06
1.3530512689512674e-06
1.3536950807887226e-06
1.3545810011928911e-06
1.3560947112531604e-06
1.3575987460080676e-06
1.3586468375106827e-06
1.3597872396058313e-06
1.3608826018451630e-06
1.3614770426310094e-06
1.3621664065498512e-06
1.3630033527882209e-06
1.3634830936593327e-06
1.3644270941193794e-06
1.3663007978385908e-06
1.3675876633860586e-06
1.3678435316947245e-06
1.3689924888336685e-06
1.3710782768252488e-06
1.3717789363058653e-06
1.3716279954771465e-06
1.3727598228938916e-06
1.3740802566818554e-06
1.3746075993262683e-06
1.3758371531052625e-06
1.3775228131690962e-06
1.3785433884611837e-06
1.3797083388834904e-06
1.3810347018301003e-06
1.3816240172620546e-06
1.3821203246244197e-06
1.3831394736706554e-06
1.3841107915517095e-06
1.3848066662883449e-06
1.3857506388579654e-06
1.3872112112481387e-06
1.3886149771736029e-06
1.3896144588195246e-06
1.3906821115144830e-06
1.3917253475087719e-06
1.3923920328616232e-06
1.3931906291654965e-06
1.3941615255036077e-06
1.3948745989839335e-06
1.3960095645758821e-06
1.3978849438082099e-06
1.3991563035546161e-06
1.3995267114687545e-06
1.4006717273252528e-06
1.4025414949331157e-06
1.4031858711200251e-06
1.4031649317448928e-06
1.4042869374377206e-06
1.4055804875540654e-06
1.4062057815069457e-06
1.4074236535604586e-06
1.4090155712414296e-06
1.4100127242967303e-06
1.4111089939056777e-06
1.4123535681836833e-06
1.4129950980663139e-06
1.4136102901312854e-06
1.4147399130556895e-06
1.4158441240857799e-06
1.4167148177583742e-06
1.4178112797593567e-06
1.4193026947966696e-06
1.4206711523305247e-06
1.4216529248329317e-06
1.4226610816792926e-06
1.4236387848624791e-06
1.4243185285893703e-06
1.4251339107714339e-06
1.4261169996047615e-06
1.4269090810560368e-06
1.4280793540081074e-06
1.4298435268231318e-06
1.4310294888325368e-06
1.4314640512165742e-06
1.4326069541414429e-06
1.4343428317328908e-06
1.4350323145622769e-06
1.4352360064964877e-06
1.4364711536669891e-06
1.4378586776732025e-06
1.4386677835645443e-06
1.4399525324160689e-06
1.4415128670329662e-06
1.4425141701034398e-06
1.4435565885058295e-06
1.4447145178664162e-06
1.4453644296518348e-06
1.4460213641261982e-06
1.4471580448616076e-06
1.4482741622096538e-06
1.4491874979203535e-06
1.4503105548180056e-06
1.4517484820589227e-06
1.4530442787288680e-06
1.4540085940458757e-06
1.4550056687379559e-06
1.4560016984443140e-06
1.4567898024199725e-06
1.4577291928661984e-06
1.4588315629950579e-06
1.4597864504786149e-06
1.4610574522339904e-06
1.4627742050199325e-06
1.4639193550655543e-06
1.4644169094086584e-06
1.4655391483992171e-06
1.4671291881371864e-06
1.4678129526635342e-06
1.4681409901731727e-06
1.4693868684731669e-06
1.4707596359619079e-06
1.4716329478958669e-06
1.4728990935493942e-06
1.4743839645671655e-06
1.4753772180046683e-06
1.4764015453463517e-06
1.4775457432164930e-06
1.4782885918575278e-06
1.4790794004919595e-06
1.4803178888798689e-06
1.4815332472614917e-06
1.4825568672126950e-06
1.4837507252500409e-06
1.4851695552084395e-06
1.4864119178366911e-06
1.4873519202453925e-06
1.4883157967675850e-06
1.4892885978736922e-06
1.4901135131368572e-06
1.4910888159527585e-06
1.4922135630463512e-06
1.4932253743959327e-06
1.4945074465982869e-06
1.4961322680265796e-06
1.4972289243999869e-06
1.4977983599115029e-06
1.4989455470145845e-06
1.5004827074644050e-06
1.5012523379029455e-06
1.5017770203779019e-06
1.5031137883687127e-06
1.5045417267005178e-06
1.5055188179583506e-06
1.5067985220302480e-06
1.5082286502532715e-06
1.5092086848762065e-06
1.5101985982148852e-06
1.5112987108881702e-06
1.5120766336626978e-06
1.5129243224277041e-06
1.5141796918231305e-06
1.5154085687162535e-06
1.5164622324844950e-06
1.5176652014642742e-06
1.5190422130128111e-06
1.5202462060927547e-06
1.5212022316793474e-06
1.5221995414740381e-06
1.5232299834422413e-06
1.5241677985716388e-06
1.5252510986413967e-06
1.5264607940607401e-06
1.5275692934781618e-06
1.5288880507470517e-06
1.5304456802532649e-06
1.5315025052954891e-06
1.5321193571171090e-06
1.5332562631640115e-06
1.5347099700182083e-06
1.5355086770879815e-06
1.5361450475522352e-06
1.5374967550778958e-06
1.5389120770577387e-06
1.5399295217661012e-06
1.5411930967369857e-06
1.5425744512862804e-06
1.5435692527254623e-06
1.5445813334551912e-06
1.5457114281221153e-06
1.5465943536642213e-06
1.5475627251636341e-06
1.5488924801649147e-06
1.5501801563734437e-06
1.5512914691123773e-06
1.5525150687259447e-06
1.5538553308224343e-06
1.5550153278214182e-06
1.5559630090927691e-06
1.5569582114537219e-06
1.5579988021992120e-06
1.5589852944965346e-06
1.5601084719147632e-06
1.5613391020620375e-06
1.5624849351510518e-06
1.5638030638705192e-06
1.5652950288076430e-06
1.5663390213107905e-06
1.5670383296641844e-06
1.5682206450218902e-06
1.5696695099245174e-06
1.5705630246928907e-06
1.5713539348934712e-06
1.5727630655540014e-06
1.5741978884135434e-06
1.5752651662265312e-06
1.5765172719663989e-06
1.5778477399748401e-06
1.5788370083082569e-06
1.5798428743617667e-06
1.5809659258554350e-06
1.5818995189528807e-06
1.5829266254227330e-06
1.5842728130570434e-06
1.5855698605157480e-06
1.5867021486547380e-06
1.5879304058318322e-06
1.5892482513465608e-06
1.5904030637357636e-06
1.5913931330871117e-06
1.5924466518658531e-06
1.5935581429163713e-06
1.5946418435037036e-06
1.5958437846728881e-06
1.5971236860337285e-06
1.5983175902408986e-06
1.5996372836242027e-06
1.6010666433047364e-06
1.6020885204831077e-06
1.6028377512662084e-06
1.6040279246232922e-06
1.6054392600046405e-06
1.6063791393700234e-06
1.6072630182083567e-06
1.6086832990584396e-06
1.6101060003005040e-06
1.6112012664068698e-06
1.6124475296493839e-06
1.6137578723075627e-06
1.6147832184456038e-06
1.6158369402495484e-06
1.6170108687066785e-06
1.6180412074505702e-06
1.6191620071765120e-06
1.6205518647837836e-06
1.6218747904229749e-06
1.6230318107603266e-06
1.6242591131946343e-06
1.6255454366707982e-06
1.6266789908266119e-06
1.6276827013894900e-06
1.6287587733369057e-06
1.6298999045622454e-06
1.6310328607702023e-06
1.6322696998319283e-06
1.6335654909843430e-06
1.6347841792166036e-06
1.6361028783256394e-06
1.6374955349294362e-06
1.6385346485853044e-06
1.6393725770185626e-06
1.6406176983186422e-06
1.6420466074865589e-06
1.6430709806834895e-06
1.6440655173394718e-06
1.6455129017264841e-06
1.6469322866500866e-06
1.6480492032260494e-06
1.6492812457658174e-06
1.6505597178399458e-06
1.6515968932259690e-06
1.6526692001000928e-06
1.6538608068115485e-06
1.6549457986408994e-06
1.6561182886474580e-06
1.6575200084650704e-06
1.6588490982126696e-06
1.6600244153908758e-06
1.6612614308371391e-06
1.6625466554635145e-06
1.6637014406970988e-06
1.6647628341582302e-06
1.6659047594706657e-06
1.6671125798717670e-06
1.6683186079322475e-06
1.6696049653724719e-06
1.6709234670075891e-06
1.6721624062019272e-06
1.6734714638663898e-06
1.6748207989868939e-06
1.6758614203176549e-06
1.6767566954710788e-06
1.6780244620015849e-06
1.6794444772575078e-06
1.6805189938453764e-06
1.6815863448960431e-06
1.6830400973089619e-06
1.6844506005513533e-06
1.6855930033997946e-06
1.6868333876388716e-06
1.6881169926387594e-06
1.6892046830606459e-06
1.6903360324665665e-06
1.6915823434072753e-06
1.6927454434556909e-06
1.6939826897509906e-06
1.6954038291421100e-06
1.6967395224414842e-06
1.6979257655736698e-06
1.6991603281411166e-06
1.7004309110119170e-06
1.7015888450196406e-06
1.7026820030042609e-06
1.7038606435170431e-06
1.7051051991768288e-06
1.7063542687808674e-06
1.7076680449589759e-06
1.7089993077891156e-06
1.7102586290733498e-06
1.7115737890106124e-06
1.7129132566210977e-06
1.7139924932373069e-06
1.7149757547219641e-06
1.7162977691967186e-06
1.7177410643961412e-06
1.7188820324815018e-06
1.7200232033398659e-06
1.7214842167608127e-06
1.7228831082731696e-06
1.7240389801101726e-06
1.7252753482608372e-06
1.7265503232602433e-06
1.7276665820720534e-06
1.7288325671665228e-06
1.7301088507385069e-06
1.7313223635149024e-06
1.7326011653173657e-06
1.7340305781103618e-06
1.7353731954523431e-06
1.7365809483767973e-06
1.7378347913467245e-06
1.7391227517803086e-06
1.7403188416171121e-06
1.7414741838197727e-06
1.7427144734704154e-06
1.7440130160585075e-06
1.7453117359351226e-06
1.7466533435448031e-06
1.7479934198543303e-06
1.7492628636466967e-06
1.7505727756935089e-06
1.7518932788963659e-06
1.7529953461863047e-06
1.7540407022819128e-06
1.7553931786491605e-06
1.7568425423069260e-06
1.7580298671144430e-06
1.7592264853831311e-06
1.7606921929153093e-06
1.7620893477510129e-06
1.7632744233117344e-06
1.7645331519263329e-06
1.7658317863094728e-06
1.7670046955260000e-06
1.7682297308873144e-06
1.7695546407201131e-06
1.7708258137213038e-06
1.7721459470785118e-06
1.7735810704861611e-06
1.7749243510760753e-06
1.7761430233313641e-06
1.7774036473652587e-06
1.7786961801254605e-06
1.7799148593999547e-06
1.7811123418159322e-06
1.7823939411153144e-06
1.7837284330578486e-06
1.7850622287372201e-06
1.7864258301757441e-06
1.7877793874918383e-06
1.7890711028496496e-06
1.7903974087423197e-06
1.7917294200888406e-06
1.7928820515378147e-06
1.7940082598960979e-06
1.7954078691690816e-06
1.7968779712437739e-06
1.7981140824934848e-06
1.7993588711511480e-06
1.8008237387821893e-06
1.8022125528704222e-06
1.8034147983031913e-06
1.8046843594897824e-06
1.8059947269885517e-06
1.8072072704677264e-06
1.8084739465756221e-06
1.8098320520850985e-06
1.8111460474363920e-06
1.8124989550450375e-06
1.8139422684679204e-06
1.8152973583578688e-06
1.8165439967156239e-06
1.8178338670005545e-06
1.8191567695945564e-06
1.8204214759548294e-06
1.8216776682535878e-06
1.8230109259683817e-06
1.8243854219830321e-06
1.8257515004433379e-06
1.8271312542792968e-06
1.8284909690724396e-06
1.8297945408855182e-06
1.8311271496366165e-06
1.8324626073674444e-06
1.8336529267054741e-06
1.8348410133585952e-06
1.8362726311387025e-06
1.8377551417218534e-06
1.8390317482505039e-06
1.8403199520278987e-06
1.8417919287703060e-06
1.8431887031368970e-06
1.8444264011753786e-06
1.8457292513713673e-06
1.8470741705587787e-06
1.8483425832571066e-06
1.8496619019248888e-06
1.8510590284933154e-06
1.8524137336900959e-06
1.8537933176248534e-06
1.8552388631870919e-06
1.8565984154019411e-06
1.8578633988318173e-06
1.8591723356461151e-06
1.8605156630838300e-06
1.8618148688953702e-06
1.8631163254996243e-06
1.8644893669227870e-06
1.8658958837145146e-06
1.8672908759973556e-06
1.8686910073437654e-06
1.8700685763804570e-06
1.8713996906684072e-06
1.8727585660610132e-06
1.8741201215749601e-06
1.8753648935528492e-06
1.8766227269853988e-06
1.8780919664848369e-06
1.8795908034831010e-06
1.8809034884476398e-06
1.8822255345388871e-06
1.8836980828870090e-06
1.8850965708125414e-06
1.8863600616995449e-06
1.8876872780968484e-06
1.8890580250689020e-06
1.8903706754186657e-06
1.8917320300038925e-06
1.8931609277975389e-06
1.8945514344694642e-06
1.8959587106476569e-06
1.8974160282149487e-06
1.8987947359376979e-06
1.9000947299876629e-06
1.9014405063445210e-06
1.9028212518268017e-06
1.9041674067322522e-06
1.9055200145688313e-06
1.9069338673821178e-06
1.9083696337050919e-06
1.9097873783949194e-06
1.9112010234033516e-06
1.9125896196222620e-06
1.9139400810903297e-06
1.9153178208567170e-06
1.9166996114755033e-06
1.9179896517926479e-06
1.9193049099454145e-06
1.9208041513299810e-06
1.9223179973378494e-06
1.9236665772093540e-06
1.9250257427585508e-06
1.9265110521882797e-06
1.9279277240188016e-06
1.9292323653645360e-06
1.9305994170134014e-06
1.9320091253582939e-06
1.9333725654714809e-06
1.9347780145976264e-06
1.9362374088648108e-06
1.9376578972709626e-06
1.9390857647198893e-06
1.9405492954074894e-06
1.9419413156648603e-06
1.9432691089765513e-06
1.9446445429709433e-06
1.9460559978364605e-06
1.9474417520878035e-06
1.9488379523905397e-06
1.9502876899012044e-06
1.9517519441052526e-06
1.9531959058579407e-06
1.9546319338518276e-06
1.9560446537279080e-06
1.9574285129124537e-06
1.9588398214544223e-06
1.9602558011136411e-06
1.9615986030202010e-06
1.9629716065212380e-06
1.9645000630101935e-06
1.9660276554904346e-06
1.9674058910756641e-06
1.9687937466046351e-06
1.9702867606433523e-06
1.9717171898811278e-06
1.9730562629400284e-06
1.9744571295793486e-06
1.9759003357357706e-06
1.9773078061101810e-06
1.9787524494368071e-06
1.9802411385473777e-06
1.9816930721492399e-06
1.9831475631397075e-06
1.9846288967655401e-06
1.9860478277076245e-06
1.9874161497995189e-06
1.9888325738853762e-06
1.9902835746503902e-06
1.9917132351723384e-06
1.9931524735768774e-06
1.9946347094025494e-06
1.9961225066312436e-06
1.9975867056025607e-06
1.9990396958473759e-06
2.0004717408153812e-06
2.0018835552801718e-06
2.0033237548723295e-06
2.0047703703920138e-06
2.0061602545847318e-06
2.0075841832209854e-06
2.0091399173161193e-06
2.0106846016322669e-06
2.0120967941498098e-06
2.0135200248585878e-06
2.0150328452546704e-06
2.0164903261406976e-06
2.0178741184522751e-06
2.0193172848880432e-06
2.0207995180193652e-06
2.0222513444789393e-06
2.0237326303432146e-06
2.0252467238678728e-06
2.0267242181907798e-06
2.0281996681876906e-06
2.0296950842674707e-06
2.0311372182329663e-06
2.0325413924999784e-06
2.0339943671415137e-06
2.0354811215141188e-06
2.0369509624302359e-06
2.0384302563233755e-06
2.0399448915643468e-06
2.0414597310361459e-06
2.0429507528018199e-06
2.0444303558816291e-06
2.0458929000818435e-06
2.0473427530666346e-06
2.0488206451622322e-06
2.0503046253256933e-06
2.0517428240792947e-06
2.0532141223967124e-06
2.0547937965984421e-06
2.0563528539410895e-06
2.0577936445788101e-06
2.0592463404999443e-06
2.0607760449940950e-06
2.0622581235517466e-06
2.0636825066058248e-06
2.0651644789996575e-06
2.0666830359558576e-06
2.0681762714367708e-06
2.0696934514618239e-06
2.0712355289758797e-06
2.0727432454830232e-06
2.0742472227455829e-06
2.0757672174060478e-06
2.0772428012121156e-06
2.0786906780913262e-06
2.0801857734732995e-06
2.0817112505703368e-06
2.0832207284763269e-06
2.0847366564899197e-06
2.0862793140675208e-06
2.0878168414861285e-06
2.0893304743937067e-06
2.0908334187527970e-06
2.0923237887799108e-06
2.0938086018938768e-06
2.0953217150612292e-06
2.0968414605656245e-06
2.0983252036141009e-06
2.0998411281412566e-06
2.1014464249153637e-06
2.1030255458103016e-06
2.1045009274643994e-06
2.1059901107378556e-06
2.1075464134330391e-06
2.1090620361253708e-06
2.1105323586763950e-06
2.1120562735307612e-06
2.1136118729671310e-06
2.1151438512115844e-06
2.1166930221145674e-06
2.1182592594644885e-06
2.1197929123207317e-06
2.1213219891653713e-06
2.1228648229906386e-06
2.1243720363122156e-06
2.1258609644891794e-06
2.1273958527326589e-06
2.1289585025767400e-06
2.1305066183876313e-06
2.1320593912943817e-06
2.1336327975595750e-06
2.1351983204693835e-06
2.1367416168655927e-06
2.1382761146096599e-06
2.1398022110965828e-06
2.1413278177824578e-06
2.1428801099524102e-06
2.1444374861452395e-06
2.1459647025262310e-06
2.1475205862293419e-06
2.1491481919289210e-06
2.1507452665268139e-06
2.1522517344710051e-06
2.1537740183118890e-06
2.1553558614087650e-06
2.1569041016818607e-06
2.1584181140785045e-06
2.1599823781490163e-06
2.1615744421723683e-06
2.1631449328691875e-06
2.1647278777727156e-06
2.1663226571743539e-06
2.1678878789176775e-06
2.1694489947138870e-06
2.1710225764480684e-06
2.1725678333471898e-06
2.1741014228364132e-06
2.1756775552883721e-06
2.1772769373639899e-06
2.1788611782162314e-06
2.1804470533878541e-06
2.1820477149206250e-06
2.1836384976986962e-06
2.1852093217944823e-06
2.1867740145293600e-06
2.1883347695282979e-06
2.1898997228137111e-06
2.1914902601224563e-06
2.1930851288376288e-06
2.1946551881398684e-06
2.1962510480133136e-06
2.1979045675190892e-06
2.1995258407535912e-06
2.2010691649101491e-06
2.2026302389547684e-06
2.2042442196600221e-06
2.2058300214209797e-06
2.2073893533559136e-06
2.2089938256122158e-06
2.2106207964271800e-06
2.2122265104406443e-06
2.2138399171405894e-06
2.2154607605298515e-06
2.2170552453223232e-06
2.2186469410537088e-06
2.2202509955430683e-06
2.2218337443417660e-06
2.2234107433845702e-06
2.2250273044240499e-06
2.2266635244384662e-06
2.2282847387627559e-06
2.2299057730009691e-06
2.2315376425495542e-06
2.2331591493425342e-06
2.2347634804501792e-06
2.2363641916339623e-06
2.2379642034628754e-06
2.2395709311629922e-06
2.2412004871621755e-06
2.2428321501869409e-06
2.2444420212737999e-06
2.2460738772883863e-06
2.2477511891933380e-06
2.2493958392682302e-06
2.2509743602304936e-06
2.2525727507223479e-06
2.2542189958968202e-06
2.2558423767382854e-06
2.2574460880855618e-06
2.2590905563841211e-06
2.2607533052505264e-06
2.2623957052066071e-06
2.2640426360570002e-06
2.2656942815222200e-06
2.2673231230066395e-06
2.2689506499274039e-06
2.2705902350857356e-06
2.2722136358129289e-06
2.2738347372401959e-06
2.2754909446775821e-06
2.2771622659518446e-06
2.2788178351070367e-06
2.2804712890299061e-06
2.2821324489769086e-06
2.2837836293974870e-06
2.2854209195231880e-06
2.2870575329305502e-06
2.2886967226359934e-06
2.2903448576742008e-06
2.2920135589275655e-06
2.2936828981728567e-06
2.2953333709141429e-06
2.2970028263113380e-06
2.2987081737021577e-06
2.3003818427756582e-06
2.3020000784900842e-06
2.3036395515032446e-06
2.3053218014162675e-06
2.3069847415590414e-06
2.3086322850490550e-06
2.3103152254642818e-06
2.3120117725321467e-06
2.3136882946068653e-06
2.3153667811977741e-06
2.3170482821377754e-06
2.3187108164511909e-06
2.3203740537697967e-06
2.3220497207068451e-06
2.3237139560663685e-06
2.3253788550516087e-06
2.3270749708801589e-06
2.3287825935110831e-06
2.3304744475863528e-06
2.3321631878860166e-06
2.3338576639004342e-06
2.3355431218723791e-06
2.3372176675636848e-06
2.3388936400134093e-06
2.3405740115417707e-06
2.3422638024334037e-06
2.3439708778454173e-06
2.3456764308425273e-06
2.3473649192622834e-06
2.3490694141311354e-06
2.3508021147606257e-06
2.3525051580268016e-06
2.3541627590592724e-06
2.3558430314220150e-06
2.3575620414053869e-06
2.3592651131465053e-06
2.3609564475855026e-06
2.3626785933917163e-06
2.3644107050192788e-06
2.3661236564830323e-06
2.3678370472281545e-06
2.3695525902895759e-06
2.3712527062885149e-06
2.3729550251250989e-06
2.3746694417744913e-06
2.3763754522213303e-06
2.3780833321728886e-06
2.3798178508280452e-06
2.3815601048023032e-06
2.3832864872069453e-06
2.3850091613035445e-06
2.3867364797291660e-06
2.3884564047299365e-06
2.3901686368674246e-06
2.3918845321536350e-06
2.3936065451993155e-06
2.3953382927177246e-06
2.3970845732595357e-06
2.3988278687935878e-06
2.4005559807969105e-06
2.4022977943675086e-06
2.4040618422558605e-06
2.4057987142529597e-06
2.4074986990956096e-06
2.4092217676260336e-06
2.4109791835013735e-06
2.4127226336608623e-06
2.4144563809073837e-06
2.4162161101041677e-06
2.4179823720702021e-06
2.4197304074151586e-06
2.4214781111330044e-06
2.4232279351605739e-06
2.4249659953242367e-06
2.4267080147955177e-06
2.4284621359889720e-06
2.4302105217696709e-06
2.4319617048371610e-06
2.4337355903165746e-06
2.4355143120194318e-06
2.4372775984508572e-06
2.4390371259342102e-06
2.4408007322022563e-06
2.4425585026347603e-06
2.4443110576964049e-06
2.4460684988669086e-06
2.4478325658232880e-06
2.4496055483718174e-06
2.4513899065852125e-06
2.4531697303317953e-06
2.4549359198431145e-06
2.4567139862121058e-06
2.4585098612796174e-06
2.4602816635906421e-06
2.4620244268362733e-06
2.4637906535217447e-06
2.4655875256657392e-06
2.4673722328101738e-06
2.4691489632164432e-06
2.4709476104580729e-06
2.4727501936980254e-06
2.4745358143415723e-06
2.4763208622873618e-06
2.4781082264428390e-06
2.4798868087299270e-06
2.4816703178504064e-06
2.4834651920797786e-06
2.4852557467806166e-06
2.4870490034871800e-06
2.4888609753711038e-06
2.4906752283171381e-06
2.4924747760256670e-06
2.4942710256188832e-06
2.4960714598132808e-06
2.4978679727238745e-06
2.4996617599875047e-06
2.5014616011647153e-06
2.5032684486487511e-06
2.5050833976645628e-06
2.5069071179485024e-06
2.5087253393088180e-06
2.5105315249721358e-06
2.5123481859303838e-06
2.5141792105769025e-06
2.5159890975179830e-06
2.5177763020462328e-06
2.5195864113248421e-06
2.5214231858436070e-06
2.5232487072908749e-06
2.5250671175501380e-06
2.5269036460762789e-06
2.5287420780280029e-06
2.5305651045706834e-06
2.5323879186502910e-06
2.5342137677223983e-06
2.5360337657602048e-06
2.5378596894622713e-06
2.5396963911773041e-06
2.5415299526725403e-06
2.5433660578911787e-06
2.5452175102309232e-06
2.5470693715078777e-06
2.5489075649464968e-06
2.5507431106111672e-06
2.5525829926771004e-06
2.5544204299997953e-06
2.5562567986307814e-06
2.5580995324112859e-06
2.5599488446298948e-06
2.5618049114305434e-06
2.5636672424199027e-06
2.5655233742913888e-06
2.5673691003415426e-06
2.5692244359795611e-06
2.5710918093671656e-06
2.5729412251142363e-06
2.5747736007782114e-06
2.5766282356000543e-06
2.5785060687865429e-06
2.5803734877032541e-06
2.5822345556399949e-06
2.5841106067673844e-06
2.5859871239980821e-06
2.5878498797398530e-06
2.5897128963226655e-06
2.5915794930118461e-06
2.5934423802479748e-06
2.5953114727538632e-06
2.5971902187318604e-06
2.5990662547253605e-06
2.6009442577717130e-06
2.6028346000406754e-06
2.6047240196675892e-06
2.6066011492584505e-06
2.6084766744561806e-06
2.6103570913116454e-06
2.6122366384556888e-06
2.6141166371175912e-06
2.6160032195590273e-06
2.6178959182273074e-06
2.6197941401307906e-06
2.6216966022211514e-06
2.6235925877860928e-06
2.6254797636604723e-06
2.6273758455769357e-06
2.6292820592162909e-06
2.6311730289974574e-06
2.6330513126683266e-06
2.6349505262974327e-06
2.6368693980425637e-06
2.6387782746370376e-06
2.6406812714638313e-06
2.6425966253163522e-06
2.6445115931130567e-06
2.6464147144171650e-06
2.6483189485116704e-06
2.6502275447219300e-06
2.6521343920958407e-06
2.6540476645879489e-06
2.6559695724847191e-06
2.6578890927412570e-06
2.6598100596072918e-06
2.6617408915079458e-06
2.6636699358982546e-06
2.6655881347884198e-06
2.6675056724985286e-06
2.6694284299172925e-06
2.6713513623047518e-06
2.6732755727826684e-06
2.6752060030410499e-06
2.6771416942378062e-06
2.6790816027857788e-06
2.6810240924873145e-06
2.6829602049392795e-06
2.6848892230538780e-06
2.6868268622066232e-06
2.6887734257835991e-06
2.6907074201281520e-06
2.6926324348268896e-06
2.6945770147278688e-06
2.6965381419299694e-06
2.6984897004090517e-06
2.7004358468352925e-06
2.7023922366711084e-06
2.7043477416701102e-06
2.7062931854386779e-06
2.7082404300292829e-06
2.7101924764049014e-06
2.7121440436564861e-06
2.7141017345593646e-06
2.7160667842923512e-06
2.7180294568236999e-06
2.7199930421492012e-06
2.7219645223951898e-06
2.7239338646361945e-06
2.7258940537013572e-06
2.7278547251074145e-06
2.7298211032694764e-06
2.7317886398930262e-06
2.7337581182249041e-06
2.7357334044532291e-06
2.7377131316709627e-06
2.7396959549822111e-06
2.7416801038901654e-06
2.7436582043899351e-06
2.7456307620691632e-06
2.7476116179768118e-06
2.7496003034628174e-06
2.7515785566333466e-06
2.7535505401966403e-06
2.7555403525318020e-06
2.7575437657276272e-06
2.7595379536744986e-06
2.7615272069673738e-06
2.7635251299157560e-06
2.7655221423962231e-06
2.7675110080510311e-06
2.7695025171645637e-06
2.7714993126861591e-06
2.7734966820936393e-06
2.7754998228295069e-06
2.7775091643363541e-06
2.7795161227788312e-06
2.7815235668137836e-06
2.7835373448922675e-06
2.7855488768790721e-06
2.7875528096886200e-06
2.7895581195378144e-06
2.7915693182078140e-06
2.7935821890361089e-06
2.7955971831109203e-06
2.7976173083609972e-06
2.7996409991279626e-06
2.8016668335323145e-06
2.8036931509850763e-06
2.8057140869903036e-06
2.8077311128609154e-06
2.8097563496264606e-06
2.8117886936155599e-06
2.8138125749037428e-06
2.8158323829867893e-06
2.8178683082219336e-06
2.8199152705724189e-06
2.8219534094556094e-06
2.8239871173021842e-06
2.8260282479498295e-06
2.8280685712167609e-06
2.8301024043472039e-06
2.8321394519788736e-06
2.8341819159556878e-06
2.8362255067863541e-06
2.8382742463184903e-06
2.8403280138375949e-06
2.8423793680023528e-06
2.8444309531835836e-06
2.8464877921896735e-06
2.8485426542560189e-06
2.8505915653464001e-06
2.8526427830976945e-06
2.8547000791739606e-06
2.8567594456771576e-06
2.8588210025391545e-06
2.8608870193367274e-06
2.8629558196702473e-06
2.8650259988967772e-06
2.8670961047017938e-06
2.8691615600628773e-06
2.8712244839384406e-06
2.8732953829731215e-06
2.8753726386564180e-06
2.8774429332560051e-06
2.8795106755194523e-06
2.8815927363406491e-06
2.8836835836330342e-06
2.8857661044365047e-06
2.8878448258353443e-06
2.8899301651337212e-06
2.8920150963706922e-06
2.8940951854876523e-06
2.8961790533028821e-06
2.8982684217931150e-06
2.9003592835982873e-06
2.9024546684958180e-06
2.9045540543269595e-06
2.9066510331827649e-06
2.9087480867320901e-06
2.9108495689910607e-06
2.9129494160456032e-06
2.9150447115973587e-06
2.9171429340717251e-06
2.9192471511435594e-06
2.9213535263229502e-06
2.9234619129248176e-06
2.9255740476620181e-06
2.9276883200154938e-06
2.9298034846429542e-06
2.9319183711596582e-06
2.9340295332872357e-06
2.9361395279218993e-06
2.9382573661891361e-06
2.9403809743532276e-06
2.9424989136124975e-06
2.9446154647309106e-06
2.9467446411874223e-06
2.9488806959000646e-06
2.9510089703534071e-06
2.9531340738593060e-06
2.9552651712152203e-06
2.9573962251351013e-06
2.9595237613375129e-06
2.9616553771862945e-06
2.9637923242268041e-06
2.9659308395606719e-06
2.9680731836392052e-06
2.9702186492445216e-06
2.9723618403374729e-06
2.9745051483149066e-06
2.9766524205473379e-06
2.9787986083170247e-06
2.9809416185295397e-06
2.9830881026962083e-06
2.9852404400048272e-06
2.9873949318852129e-06
2.9895512102392902e-06
2.9917105867530607e-06
2.9938715647335098e-06
2.9960330921297243e-06
2.9981942898318705e-06
3.0003526250143395e-06
3.0025108662253377e-06
3.0046766588592836e-06
3.0068475820173411e-06
3.0090137959193510e-06
3.0111793975155697e-06
3.0133560418093162e-06
3.0155380169335396e-06
3.0177128996362855e-06
3.0198853619958196e-06
3.0220634876884362e-06
3.0242420742354973e-06
3.0264183615489802e-06
3.0285989421461304e-06
3.0307846221767840e-06
3.0329718492760598e-06
3.0351622531685057e-06
3.0373550391952614e-06
3.0395457195092445e-06
3.0417366281720484e-06
3.0439311584649782e-06
3.0461250859158978e-06
3.0483169355520184e-06
3.0505125627823102e-06
3.0527137175174034e-06
3.0549168542332865e-06
3.0571214976560180e-06
3.0593286997035741e-06
3.0615371614700773e-06
3.0637460708770307e-06
3.0659548421254564e-06
3.0681616934030758e-06
3.0703694285068945e-06
3.0725844204795395e-06
3.0748039821722022e-06
3.0770196389097530e-06
3.0792352300177726e-06
3.0814604114000491e-06
3.0836896697252172e-06
3.0859125526025345e-06
3.0881337083216434e-06
3.0903602354781124e-06
3.0925876215817458e-06
3.0948136468643393e-06
3.0970439767711409e-06
3.0992790308427894e-06
3.1015154963784219e-06
3.1037545754358056e-06
3.1059954964736534e-06
3.1082346185407981e-06
3.1104742379071013e-06
3.1127173633497639e-06
3.1149604447481528e-06
3.1172024306917300e-06
3.1194483915205628e-06
3.1216995149345211e-06
3.1239524051962462e-06
3.1262065200697309e-06
3.1284627365987986e-06
3.1307199729897118e-06
3.1329776378616070e-06
3.1352353917751531e-06
3.1374920282326303e-06
3.1397502694784160e-06
3.1420153565978146e-06
3.1442844235432467e-06
3.1465501899857665e-06
3.1488162779779596e-06
3.1510907071131560e-06
3.1533682875987875e-06
3.1556403162330341e-06
3.1579113808027628e-06
3.1601876889867613e-06
3.1624652596994511e-06
3.1647422594187600e-06
3.1670235046647900e-06
3.1693090699644288e-06
3.1715958612037745e-06
3.1738847673581549e-06
3.1761751168610210e-06
3.1784639981322284e-06
3.1807536363582391e-06
3.1830466844173245e-06
3.1853401448072162e-06
3.1876332563131448e-06
3.1899303509194991e-06
3.1922321585956150e-06
3.1945354984098956e-06
3.1968398401523598e-06
3.1991459806840311e-06
3.2014530785981158e-06
3.2037607614693795e-06
3.2060688876032048e-06
3.2083766636757322e-06
3.2106866312141218e-06
3.2130030166964681e-06
3.2153228454586439e-06
3.2176398657648695e-06
3.2199574621098463e-06
3.2222823124198940e-06
3.2246096073944893e-06
3.2269321456369980e-06
3.2292543803871307e-06
3.2315817104196113e-06
3.2339105959019995e-06
3.2362394730796922e-06
3.2385724082586581e-06
3.2409092359570696e-06
3.2432471282095166e-06
3.2455867699467292e-06
3.2479276334615703e-06
3.2502674678043411e-06
3.2526084210946097e-06
3.2549527885395558e-06
3.2572979906599025e-06
3.2596434565426374e-06
3.2619928469079337e-06
3.2643464875772343e-06
3.2667014121611298e-06
3.2690571530950384e-06
3.2714144759386093e-06
3.2737727522682864e-06
3.2761317779356392e-06
3.2784915704564450e-06
3.2808516408386288e-06
3.2832142871875200e-06
3.2855828449264948e-06
3.2879543368951496e-06
3.2903234462235813e-06
3.2926933501694981e-06
3.2950696230552550e-06
3.2974478891242190e-06
3.2998222604995271e-06
3.3021969889352950e-06
3.3045767119620155e-06
3.3069582313741269e-06
3.3093401844599807e-06
3.3117259587854913e-06
3.3141151949273037e-06
3.3165053305624557e-06
3.3188969384676336e-06
3.3212896471682861e-06
3.3236817424530378e-06
3.3260752641258304e-06
3.3284721889065966e-06
3.3308702645921924e-06
3.3332690296237764e-06
3.3356715541212511e-06
3.3380778879030894e-06
3.3404853157679694e-06
3.3428934671511047e-06
3.3453031207555905e-06
3.3477138549614597e-06
3.3501256058684272e-06
3.3525384628617820e-06
3.3549521387038715e-06
3.3573686527101948e-06
3.3597905753710163e-06
3.3622149700740096e-06
3.3646373322701089e-06
3.3670606573342610e-06
3.3694896116581321e-06
3.3719202446902700e-06
3.3743477680404451e-06
3.3767761997225739e-06
3.3792094862408984e-06
3.3816447004009277e-06
3.3840806397759462e-06
3.3865201420925986e-06
3.3889627227160446e-06
3.3914061062649631e-06
3.3938508201707662e-06
3.3962966596496267e-06
3.3987423526031341e-06
3.4011897896841827e-06
3.4036406406644613e-06
3.4060929051322103e-06
3.4085461736833550e-06
3.4110029882360375e-06
3.4134631853629513e-06
3.4159243180853895e-06
3.4183861339785218e-06
3.4208494194259667e-06
3.4233139276227476e-06
3.4257796903173906e-06
3.4282468439153231e-06
3.4307152204843967e-06
3.4331865608264157e-06
3.4356628094395174e-06
3.4381411366121125e-06
3.4406177779106076e-06
3.4430955644822575e-06
3.4455784206599697e-06
3.4480628137075988e-06
3.4505448735850646e-06
3.4530283368101973e-06
3.4555165210758949e-06
3.4580067137767837e-06
3.4604978260664854e-06
3.4629922226687051e-06
3.4654893541377121e-06
3.4679872217427376e-06
3.4704863339999321e-06
3.4729866328899388e-06
3.4754872129328774e-06
3.4779898002373414e-06
3.4804957620895094e-06
3.4830033095418398e-06
3.4855120748784205e-06
3.4880241587980449e-06
3.4905392575066645e-06
3.4930552102457031e-06
3.4955718991338120e-06
3.4980901314764657e-06
3.5006097873740481e-06
3.5031309526013218e-06
3.5056537727496210e-06
3.5081781339017609e-06
3.5107054958774142e-06
3.5132372695200703e-06
3.5157707925264604e-06
3.5183029473262331e-06
3.5208363986448558e-06
3.5233744608783877e-06
3.5259139951719511e-06
3.5284518906080984e-06
3.5309915705376820e-06
3.5335357894596711e-06
3.5360820469612628e-06
3.5386293551788961e-06
3.5411796799356031e-06
3.5437324745244514e-06
3.5462860279671563e-06
3.5488408470200932e-06
3.5513969917892066e-06
3.5539538349436047e-06
3.5565129270137441e-06
3.5590753491764935e-06
3.5616394614097918e-06
3.5642049256703170e-06
3.5667734767886828e-06
3.5693447217131350e-06
3.5719167714531194e-06
3.5744896367425035e-06
3.5770641465144571e-06
3.5796402731904158e-06
3.5822181120778523e-06
3.5847977951761991e-06
3.5873792493748813e-06
3.5899636741740192e-06
3.5925520583691184e-06
3.5951419423506001e-06
3.5977308030592266e-06
3.6003211555353784e-06
3.6029157811395637e-06
3.6055119011977673e-06
3.6081070259763615e-06
3.6107042570247940e-06
3.6133058245463648e-06
3.6159094052059574e-06
3.6185141140325137e-06
3.6211216060514723e-06
3.6237313401420117e-06
3.6263418747973333e-06
3.6289537382772847e-06
3.6315670898861193e-06
3.6341814885494805e-06
3.6367983015713603e-06
3.6394183708692457e-06
3.6420401943177008e-06
3.6446634519633569e-06
3.6472895832790290e-06
3.6499181710836423e-06
3.6525476052483407e-06
3.6551780006831177e-06
3.6578101789223840e-06
3.6604441753168424e-06
3.6630800856352427e-06
3.6657179901647955e-06
3.6683578020585638e-06
3.6710005061009020e-06
3.6736467689308279e-06
3.6762943384602001e-06
3.6789411997582496e-06
3.6815897234608564e-06
3.6842422656131741e-06
3.6868963542245987e-06
3.6895499907559725e-06
3.6922059620175198e-06
3.6948660634569465e-06
3.6975281338556147e-06
3.7001913823279149e-06
3.7028572229320587e-06
3.7055251747260707e-06
3.7081940354462064e-06
3.7108643399859182e-06
3.7135363131883149e-06
3.7162096663469885e-06
3.7188855643539300e-06
3.7215646159256835e-06
3.7242454359494308e-06
3.7269277369911459e-06
3.7296127209019510e-06
3.7322999663970970e-06
3.7349881165272932e-06
3.7376773925329624e-06
3.7403685993825505e-06
3.7430617965717749e-06
3.7457570463313830e-06
3.7484543927582922e-06
3.7511537427647449e-06
3.7538558842185563e-06
3.7565612363971074e-06
3.7592677925865519e-06
3.7619739876770643e-06
3.7646820406782796e-06
3.7673939192900946e-06
3.7701074366675784e-06
3.7728209868899278e-06
3.7755370309566648e-06
3.7782569723803073e-06
3.7809788211506419e-06
3.7837018871901640e-06
3.7864273885976331e-06
3.7891549018439780e-06
3.7918834481490631e-06
3.7946135771963406e-06
3.7973455428724891e-06
3.8000791464190325e-06
3.8028153728211566e-06
3.8055546426738965e-06
3.8082956837751954e-06
3.8110382398619860e-06
3.8137833340659251e-06
3.8165305821386068e-06
3.8192788526023522e-06
3.8220284376202785e-06
3.8247801064946103e-06
3.8275339254628318e-06
3.8302899096032358e-06
3.8330480385079542e-06
3.8358082186136861e-06
3.8385710770979636e-06
3.8413368579317271e-06
3.8441037863043476e-06
3.8468706792636606e-06
3.8496396074513438e-06
3.8524122117709653e-06
3.8551865376161815e-06
3.8579612947462620e-06
3.8607386537062396e-06
3.8635196905796996e-06
3.8663025782549268e-06
3.8690867294043333e-06
3.8718732217296675e-06
3.8746616974291033e-06
3.8774513673138469e-06
3.8802427679676118e-06
3.8830361739269951e-06
3.8858314353925523e-06
3.8886293509831150e-06
3.8914301819987813e-06
3.8942327746510393e-06
3.8970369106326341e-06
3.8998434652036012e-06
3.9026521011177898e-06
3.9054618953785988e-06
3.9082731908944539e-06
3.9110867049736082e-06
3.9139024859463640e-06
3.9167205059236694e-06
3.9195407063972572e-06
3.9223629821843039e-06
3.9251878393584573e-06
3.9280153957962351e-06
3.9308441137022902e-06
3.9336731314155910e-06
3.9365043617713272e-06
3.9393391591422634e-06
3.9421757634406456e-06
3.9450131322596242e-06
3.9478531549263678e-06
3.9506966375321786e-06
3.9535419146265136e-06
3.9563885057417646e-06
3.9592373730368697e-06
3.9620882273197917e-06
3.9649404379211043e-06
3.9677945241607012e-06
3.9706507558743728e-06
3.9735090096769201e-06
3.9763699232249881e-06
3.9792336331483200e-06
3.9820990997092933e-06
3.9849661513656486e-06
3.9878355510880280e-06
3.9907070183624289e-06
3.9935798077451064e-06
3.9964542880043757e-06
3.9993311068607743e-06
4.0022102850353301e-06
4.0050917479807157e-06
4.0079753971812168e-06
4.0108611225450507e-06
4.0137493374445669e-06
4.0166400812937034e-06
4.0195320377197022e-06
4.0224246066668474e-06
4.0253195417615274e-06
4.0282179464529453e-06
4.0311182352439637e-06
4.0340195621075828e-06
4.0369235661671107e-06
4.0398308391312812e-06
4.0427398777825077e-06
4.0456503017466732e-06
4.0485629779732099e-06
4.0514776862253148e-06
4.0543939276134011e-06
4.0573121891433825e-06
4.0602327124106938e-06
4.0631553813741278e-06
4.0660806912162918e-06
4.0690086755802037e-06
4.0719384106378202e-06
4.0748697774184992e-06
4.0778034567174564e-06
4.0807392107658130e-06
4.0836764483823859e-06
4.0866155499074657e-06
4.0895570923612888e-06
4.0925010579440844e-06
4.0954473321246612e-06
4.0983957947585970e-06
4.1013463425686045e-06
4.1042993111354969e-06
4.1072547000979179e-06
4.1102113969451773e-06
4.1131690107896777e-06
4.1161291292613609e-06
4.1190926354353738e-06
4.1220580973647314e-06
4.1250248110859626e-06
4.1279941921318646e-06
4.1309666670097818e-06
4.1339408958134033e-06
4.1369165884239287e-06
4.1398945347004334e-06
4.1428745792502720e-06
4.1458563238007871e-06
4.1488402113690203e-06
4.1518264498000645e-06
4.1548149227098163e-06
4.1578060155356091e-06
4.1607996844737779e-06
4.1637951113713227e-06
4.1667922370010827e-06
4.1697916803629593e-06
4.1727932456676814e-06
4.1757964584484611e-06
4.1788016914454368e-06
4.1818094475862395e-06
4.1848196656094959e-06
4.1878321910702346e-06
4.1908468950820022e-06
4.1938636947290434e-06
4.1968828690167857e-06
4.1999043911159264e-06
4.2029273307725252e-06
4.2059514718658598e-06
4.2089782357101259e-06
4.2120083046258203e-06
4.2150403814330898e-06
4.2180738991410113e-06
4.2211100766115381e-06
4.2241491953387071e-06
4.2271900778469299e-06
4.2302325302580535e-06
4.2332772770121984e-06
4.2363241960399144e-06
4.2393729743851908e-06
4.2424240049079427e-06
4.2454774562413491e-06
4.2485332013067264e-06
4.2515915243396503e-06
4.2546523402679051e-06
4.2577149396472280e-06
4.2607793100103334e-06
4.2638460156288994e-06
4.2669149071246432e-06
4.2699856059249167e-06
4.2730584558749338e-06
4.2761338854085820e-06
4.2792118062525821e-06
4.2822920382718279e-06
4.2853744442185927e-06
4.2884589624214096e-06
4.2915458427831628e-06
4.2946350446338940e-06
4.2977257957550588e-06
4.3008180056706218e-06
4.3039129421595574e-06
4.3070111070157516e-06
4.3101113195303694e-06
4.3132131150162265e-06
4.3163175490705702e-06
4.3194248060875020e-06
4.3225338540351280e-06
4.3256445845557871e-06
4.3287576601889503e-06
4.3318729880507219e-06
4.3349903173338838e-06
4.3381099910381160e-06
4.3412321430865459e-06
4.3443566297271739e-06
4.3474836559711538e-06
4.3506131199537754e-06
4.3537444155589513e-06
4.3568775703318390e-06
4.3600131026665142e-06
4.3631509015766826e-06
4.3662906535276574e-06
4.3694326707478142e-06
4.3725773031592793e-06
4.3757244380955057e-06
4.3788738789059382e-06
4.3820254929451171e-06
4.3851792442562398e-06
4.3883353652647845e-06
4.3914938121765930e-06
4.3946539397601895e-06
4.3978157545944170e-06
4.4009803761066345e-06
4.4041481566950554e-06
4.4073180193238651e-06
4.4104895895020921e-06
4.4136637861630906e-06
4.4168407234699434e-06
4.4200195019819225e-06
4.4232000806371599e-06
4.4263830778160239e-06
4.4295684157440797e-06
4.4327558730795437e-06
4.4359457487964546e-06
4.4391381376883923e-06
4.4423328917391580e-06
4.4455301477164199e-06
4.4487297957233298e-06
4.4519313428223310e-06
4.4551348523432446e-06
4.4583407916220309e-06
4.4615490695687636e-06
4.4647594376620199e-06
4.4679721698107803e-06
4.4711875386638891e-06
4.4744054072319808e-06
4.4776255910065665e-06
4.4808479713099920e-06
4.4840725253209215e-06
4.4872994703882911e-06
4.4905287718161873e-06
4.4937599083413584e-06
4.4969929324408913e-06
4.5002288051355523e-06
4.5034677727618322e-06
4.5067088575400079e-06
4.5099517513420234e-06
4.5131972529615442e-06
4.5164454412128505e-06
4.5196955459928560e-06
4.5229475744414121e-06
4.5262020818316756e-06
4.5294590162956323e-06
4.5327181875726093e-06
4.5359798316261255e-06
4.5392440043306051e-06
4.5425105719427803e-06
4.5457796331569195e-06
4.5490510732909669e-06
4.5523244774707659e-06
4.5555999589839170e-06
4.5588779408734059e-06
4.5621583340349655e-06
4.5654409220441198e-06
4.5687259558022539e-06
4.5720136506729852e-06
4.5753038424032235e-06
4.5785963428235982e-06
4.5818910697939611e-06
4.5851880365790427e-06
4.5884874335539805e-06
4.5917892182165993e-06
4.5950929724798541e-06
4.5983988009367479e-06
4.6017075190079903e-06
4.6050192573455444e-06
4.6083331493885631e-06
4.6116489601116099e-06
4.6149673807932232e-06
4.6182884479805944e-06
4.6216115174183014e-06
4.6249366422860389e-06
4.6282643222071972e-06
4.6315944927384109e-06
4.6349269905623767e-06
4.6382620159188428e-06
4.6415995916588464e-06
4.6449395721199155e-06
4.6482820411866492e-06
4.6516268992585610e-06
4.6549738140332888e-06
4.6583229046625966e-06
4.6616745584419513e-06
4.6650287021360432e-06
4.6683851489052342e-06
4.6717440959682799e-06
4.6751057111327169e-06
4.6784698379020485e-06
4.6818363016808206e-06
4.6852050276433691e-06
4.6885760504209081e-06
4.6919495616418507e-06
4.6953255205044352e-06
4.6987035716983151e-06
4.7020838388313072e-06
4.7054670274372181e-06
4.7088531869965048e-06
4.7122415290825736e-06
4.7156318759578121e-06
4.7190248482936498e-06
4.7224204645148287e-06
4.7258181743581965e-06
4.7292180572920622e-06
4.7326205614950617e-06
4.7360256297384609e-06
4.7394331030182479e-06
4.7428431377493580e-06
4.7462557468311731e-06
4.7496707965542780e-06
4.7530883421205012e-06
4.7565082967628274e-06
4.7599304048794308e-06
4.7633548043543045e-06
4.7667818297408547e-06
4.7702114065839282e-06
4.7736433748968465e-06
4.7770778960668112e-06
4.7805150952198809e-06
4.7839548132306053e-06
4.7873968936526166e-06
4.7908412963516786e-06
4.7942880685075992e-06
4.7977373819135333e-06
4.8011892030809338e-06
4.8046432411270500e-06
4.8080996217653730e-06
4.8115589390498793e-06
4.8150211805501384e-06
4.8184856511022973e-06
4.8219522234193725e-06
4.8254214431974937e-06
4.8288933177627564e-06
4.8323673818238969e-06
4.8358437371341328e-06
4.8393227781324741e-06
4.8428044443315110e-06
4.8462885854434574e-06
4.8497753216701584e-06
4.8532646475260574e-06
4.8567564449373408e-06
4.8602507638069142e-06
4.8637475336861018e-06
4.8672465513707918e-06
4.8707479669225861e-06
4.8742520715789262e-06
4.8777587900897346e-06
4.8812679749541295e-06
4.8847797620731263e-06
4.8882942407990330e-06
4.8918112596577285e-06
4.8953306815991947e-06
4.8988524860325104e-06
4.9023767429761152e-06
4.9059036034689830e-06
4.9094330310713719e-06
4.9129647825393124e-06
4.9164989894106982e-06
4.9200361450509402e-06
4.9235761893338018e-06
4.9271185069541248e-06
4.9306630190582156e-06
4.9342102116534292e-06
4.9377600831172807e-06
4.9413122435948086e-06
4.9448668101128845e-06
4.9484241269495049e-06
4.9519841174245415e-06
4.9555466421042857e-06
4.9591117990708177e-06
4.9626795747668924e-06
4.9662498631884057e-06
4.9698227034839871e-06
4.9733980468196276e-06
4.9769757433075642e-06
4.9805559358705078e-06
4.9841388756027757e-06
4.9877244882366343e-06
4.9913126352608169e-06
4.9949034270292845e-06
4.9984969215070304e-06
5.0020929824026203e-06
5.0056915004298619e-06
5.0092924704255625e-06
5.0128959705068403e-06
5.0165021407411122e-06
5.0201109446933095e-06
5.0237221745028030e-06
5.0273359541264348e-06
5.0309526898452825e-06
5.0345722946995888e-06
5.0381942279327195e-06
5.0418184482965731e-06
5.0454453900885240e-06
5.0490750517484170e-06
5.0527071063712893e-06
5.0563416658312722e-06
5.0599790308269593e-06
5.0636191242800965e-06
5.0672618061566277e-06
5.0709071499535461e-06
5.0745551420112509e-06
5.0782056915475402e-06
5.0818588398414704e-06
5.0855145514463370e-06
5.0891727181346188e-06
5.0928334802260401e-06
5.0964970449732410e-06
5.1001633356220817e-06
5.1038322241103880e-06
5.1075037952923519e-06
5.1111780959664605e-06
5.1148549965452967e-06
5.1185344144458120e-06
5.1222163619209791e-06
5.1259009225799881e-06
5.1295882176325582e-06
5.1332782116664501e-06
5.1369707244030913e-06
5.1406658677152504e-06
5.1443639758546026e-06
5.1480649408412809e-06
5.1517682918947427e-06
5.1554740273872583e-06
5.1591825364993046e-06
5.1628938127711737e-06
5.1666075796125669e-06
5.1703239497914962e-06
5.1740431796039014e-06
5.1777651806316555e-06
5.1814898242845673e-06
5.1852171660355937e-06
5.1889471952119088e-06
5.1926798383656618e-06
5.1964151333904657e-06
5.2001530594185595e-06
5.2038935405545119e-06
5.2076367052384605e-06
5.2113827268028170e-06
5.2151315199187215e-06
5.2188829697674090e-06
5.2226371476863524e-06
5.2263940805218648e-06
5.2301536587467160e-06
5.2339158172185049e-06
5.2376805878272029e-06
5.2414480566215377e-06
5.2452183280472608e-06
5.2489913549437013e-06
5.2527669868727237e-06
5.2565453270635183e-06
5.2603266423896980e-06
5.2641108169464335e-06
5.2678974471459376e-06
5.2716865594492865e-06
5.2754785015004995e-06
5.2792732597508685e-06
5.2830706062908582e-06
5.2868706483534080e-06
5.2906735988797481e-06
5.2944793621787538e-06
5.2982878180260999e-06
5.3020990158615756e-06
5.3059129423017725e-06
5.3097295412931849e-06
5.3135488563911516e-06
5.3173708791663954e-06
5.3211955498842522e-06
5.3250229880574642e-06
5.3288533367742813e-06
5.3326865068952653e-06
5.3365223841807564e-06
5.3403610322401515e-06
5.3442024775387146e-06
5.3480466204965642e-06
5.3518934180419239e-06
5.3557429125519784e-06
5.3595951873012819e-06
5.3634503267496792e-06
5.3673082792024793e-06
5.3711689136876100e-06
5.3750323236584053e-06
5.3788987277197116e-06
5.3827680011236480e-06
5.3866398058757962e-06
5.3905141926029554e-06
5.3943914749260355e-06
5.3982716284285873e-06
5.4021544622369108e-06
5.4060400781838785e-06
5.4099286416685484e-06
5.4138200621505490e-06
5.4177142287038888e-06
5.4216111848106662e-06
5.4255109262756017e-06
5.4294134064903522e-06
5.4333186694235647e-06
5.4372267177899993e-06
5.4411375053636798e-06
5.4450511295363123e-06
5.4489677127250700e-06
5.4528871678534446e-06
5.4568093917459733e-06
5.4607344267038888e-06
5.4646623015424991e-06
5.4685929451292104e-06
5.4725263218657987e-06
5.4764624714988286e-06
5.4804014797934810e-06
5.4843434200434017e-06
5.4882882338633142e-06
5.4922357967719362e-06
5.4961861998223602e-06
5.5001396252829252e-06
5.5040959479091876e-06
5.5080548793380239e-06
5.5120164894095793e-06
5.5159810618141376e-06
5.5199485704074704e-06
5.5239188398344638e-06
5.5278919663550321e-06
5.5318680890560754e-06
5.5358471154226740e-06
5.5398289413049621e-06
5.5438136059377030e-06
5.5478011164012860e-06
5.5517914401332461e-06
5.5557846136937549e-06
5.5597806474517061e-06
5.5637795118856567e-06
5.5677812967571875e-06
5.5717860821016514e-06
5.5757937774577229e-06
5.5798043018764417e-06
5.5838176974655674e-06
5.5878339830553733e-06
5.5918531003050965e-06
5.5958750331997427e-06
5.5998998312272567e-06
5.6039275638574065e-06
5.6079582807494139e-06
5.6119919246049456e-06
5.6160283955956741e-06
5.6200677688972982e-06
5.6241101889330138e-06
5.6281555432845581e-06
5.6322035993834214e-06
5.6362544326890372e-06
5.6403082900025837e-06
5.6443651469532747e-06
5.6484248526893679e-06
5.6524874839396121e-06
5.6565531528948366e-06
5.6606217714910470e-06
5.6646932566428559e-06
5.6687676386097218e-06
5.6728449250484422e-06
5.6769251013580689e-06
5.6810082102062485e-06
5.6850942554133352e-06
5.6891832070009998e-06
5.6932751440607931e-06
5.6973701339799585e-06
5.7014680853932085e-06
5.7055689192848433e-06
5.7096726851373164e-06
5.7137794069557830e-06
5.7178890338489534e-06
5.7220015508666167e-06
5.7261170151305427e-06
5.7302354962342857e-06
5.7343570201990892e-06
5.7384815210911657e-06
5.7426089188498462e-06
5.7467392867171861e-06
5.7508727399969923e-06
5.7550091680870421e-06
5.7591483866413314e-06
5.7632904908606206e-06
5.7674356868104455e-06
5.7715839386832099e-06
5.7757351141497662e-06
5.7798892887048716e-06
5.7840465497448793e-06
5.7882068048127421e-06
5.7923699825351270e-06
5.7965361295157537e-06
5.8007052575726054e-06
5.8048773511376266e-06
5.8090524484602119e-06
5.8132305626777350e-06
5.8174116673989047e-06
5.8215958187347894e-06
5.8257830623539860e-06
5.8299733243197307e-06
5.8341665414594667e-06
5.8383627477494407e-06
5.8425619718403007e-06
5.8467641827117994e-06
5.8509693760536793e-06
5.8551775908318673e-06
5.8593888862322394e-06
5.8636032847321513e-06
5.8678207241311861e-06
5.8720411250709016e-06
5.8762645531021272e-06
5.8804911195711242e-06
5.8847207262357146e-06
5.8889532101224185e-06
5.8931886647370238e-06
5.8974272828507253e-06
5.9016690267718146e-06
5.9059137674900587e-06
5.9101615647054960e-06
5.9144125046722681e-06
5.9186665019890212e-06
5.9229234871743819e-06
5.9271835034559203e-06
5.9314465784500640e-06
5.9357127081012676e-06
5.9399819103887251e-06
5.9442541916816103e-06
5.9485295464727199e-06
5.9528080219612801e-06
5.9570896353162320e-06
5.9613743162777114e-06
5.9656620242296880e-06
5.9699528035797056e-06
5.9742466637104598e-06
5.9785435802604335e-06
5.9828435661131581e-06
5.9871466616160500e-06
5.9914529004702024e-06
5.9957622944562340e-06
6.0000747900035302e-06
6.0043903291986940e-06
6.0087089660960276e-06
6.0130307810132760e-06
6.0173556993434538e-06
6.0216835981667608e-06
6.0260145589453939e-06
6.0303487402935349e-06
6.0346861072310228e-06
6.0390265553898571e-06
6.0433701310380078e-06
6.0477168899025266e-06
6.0520667687176967e-06
6.0564197193407480e-06
6.0607757742273598e-06
6.0651349533170993e-06
6.0694972639180558e-06
6.0738627338565534e-06
6.0782313598285478e-06
6.0826031238767371e-06
6.0869780718046026e-06
6.0913562201384126e-06
6.0957375001588043e-06
6.1001218732328979e-06
6.1045093870061063e-06
6.1089000647103204e-06
6.1132938803449154e-06
6.1176908364166522e-06
6.1220909791644995e-06
6.1264943404905243e-06
6.1309009169807493e-06
6.1353106531095577e-06
6.1397235047877622e-06
6.1441395284098314e-06
6.1485587915794747e-06
6.1529812244156635e-06
6.1574067259975764e-06
6.1618353838523118e-06
6.1662673327005405e-06
6.1707025253687353e-06
6.1751408729040760e-06
6.1795824180373987e-06
6.1840272095662215e-06
6.1884751825016892e-06
6.1929262981522914e-06
6.1973806006511262e-06
6.2018381080364845e-06
6.2062988250318582e-06
6.2107627739254227e-06
6.2152299532590599e-06
6.2197003450293546e-06
6.2241739832687693e-06
6.2286508816465938e-06
6.2331309783137046e-06
6.2376142467666466e-06
6.2421007309308102e-06
6.2465904555103046e-06
6.2510833984969367e-06
6.2555795652914041e-06
6.2600789941798118e-06
6.2645817084102073e-06
6.2690876988174790e-06
6.2735969148656956e-06
6.2781093253175534e-06
6.2826249798927692e-06
6.2871439379085249e-06
6.2916661373710586e-06
6.2961915032876644e-06
6.3007201126983268e-06
6.3052520765598733e-06
6.3097873481889362e-06
6.3143258512725410e-06
6.3188676234947085e-06
6.3234126966671466e-06
6.3279610233192196e-06
6.3325125786919213e-06
6.3370674007039032e-06
6.3416255035420878e-06
6.3461868951290056e-06
6.3507515982766192e-06
6.3553196055281409e-06
6.3598908965256906e-06
6.3644654962165380e-06
6.3690434233695689e-06
6.3736246261939888e-06
6.3782090756833948e-06
6.3827968151926289e-06
6.3873878767232201e-06
6.3919822447298387e-06
6.3965799118736530e-06
6.4011809103583189e-06
6.4057852677805093e-06
6.4103929707325617e-06
6.4150039674345483e-06
6.4196182281096865e-06
6.4242358160414468e-06
6.4288567833906880e-06
6.4334810642618977e-06
6.4381085965062611e-06
6.4427394615326135e-06
6.4473737542225814e-06
6.4520114221028895e-06
6.4566523868746880e-06
6.4612966960887108e-06
6.4659443839763545e-06
6.4705953957764792e-06
6.4752497101704446e-06
6.4799073738642963e-06
6.4845684098546806e-06
6.4892328116619225e-06
6.4939005906738507e-06
6.4985717500821988e-06
6.5032462755984822e-06
6.5079241816749382e-06
6.5126054709589546e-06
6.5172901144538790e-06
6.5219780962042151e-06
6.5266694496679043e-06
6.5313641955667054e-06
6.5360623265475559e-06
6.5407638468476721e-06
6.5454687760078034e-06
6.5501771266356794e-06
6.5548888877964623e-06
6.5596040235678142e-06
6.5643225106207198e-06
6.5690443965773654e-06
6.5737697335294657e-06
6.5784984662702797e-06
6.5832305436740877e-06
6.5879660362283240e-06
6.5927050189662204e-06
6.5974474518185388e-06
6.6021932659798432e-06
6.6069424919094791e-06
6.6116951643722722e-06
6.6164512441326588e-06
6.6212107138243134e-06
6.6259736141856018e-06
6.6307399629979816e-06
6.6355097631134137e-06
6.6402830227523671e-06
6.6450597290923809e-06
6.6498398775583878e-06
6.6546234845276734e-06
6.6594105491443583e-06
6.6642010424000958e-06
6.6689949559984736e-06
6.6737923296712151e-06
6.6785931787262303e-06
6.6833974894834381e-06
6.6882052692113247e-06
6.6930165372484478e-06
6.6978313031490441e-06
6.7026495488246812e-06
6.7074712420633388e-06
6.7122963757184366e-06
6.7171249925896455e-06
6.7219571293839160e-06
6.7267927458861319e-06
6.7316318021883268e-06
6.7364743554378737e-06
6.7413204713521315e-06
6.7461701055540834e-06
6.7510232030079001e-06
6.7558797916561863e-06
6.7607398991512432e-06
6.7656034977628806e-06
6.7704705756086087e-06
6.7753411652721029e-06
6.7802152869513295e-06
6.7850929397418217e-06
6.7899741297938129e-06
6.7948588470513491e-06
6.7997470832875873e-06
6.8046388534990196e-06
6.8095341602023748e-06
6.8144329730148904e-06
6.8193352937482012e-06
6.8242411614841881e-06
6.8291505904744955e-06
6.8340635616291055e-06
6.8389800816922124e-06
6.8439001729202412e-06
6.8488238349401128e-06
6.8537510502893960e-06
6.8586817956222476e-06
6.8636160688557659e-06
6.8685539103858655e-06
6.8734953486138321e-06
6.8784403475073194e-06
6.8833888787327772e-06
6.8883409970760900e-06
6.8932967463145181e-06
6.8982560865977679e-06
6.9032189776107276e-06
6.9081854428800280e-06
6.9131555014604687e-06
6.9181291332889412e-06
6.9231063372009436e-06
6.9280871412525882e-06
6.9330715566862808e-06
6.9380595865933977e-06
6.9430512346012591e-06
6.9480464902446325e-06
6.9530453448116993e-06
6.9580478125150633e-06
6.9630538960354906e-06
6.9680635753551913e-06
6.9730768511341778e-06
6.9780937547956919e-06
6.9831143045525868e-06
6.9881384850390794e-06
6.9931662958719946e-06
6.9981977553041397e-06
7.0032328645401012e-06
7.0082716107318098e-06
7.0133139722457477e-06
7.0183599433247995e-06
7.0234095699675571e-06
7.0284628801443884e-06
7.0335198385663583e-06
7.0385804153103550e-06
7.0436446638227635e-06
7.0487126247792695e-06
7.0537842541587873e-06
7.0588595131693027e-06
7.0639384333907789e-06
7.0690210340393975e-06
7.0741072939205544e-06
7.0791972130201338e-06
7.0842908186974304e-06
7.0893881277633309e-06
7.0944891327888744e-06
7.0995938329206378e-06
7.1047022257127747e-06
7.1098143036265782e-06
7.1149300756652751e-06
7.1200495455783143e-06
7.1251727011714631e-06
7.1302995474028178e-06
7.1354301079640907e-06
7.1405643967561996e-06
7.1457024066134506e-06
7.1508441323733355e-06
7.1559895861944270e-06
7.1611387709327406e-06
7.1662916758229669e-06
7.1714482834031068e-06
7.1766085941619202e-06
7.1817726489526218e-06
7.1869404732191921e-06
7.1921120301454745e-06
7.1972872977942091e-06
7.2024663249189438e-06
7.2076491439079324e-06
7.2128357119951361e-06
7.2180259988386887e-06
7.2232200344937238e-06
7.2284178359366733e-06
7.2336193861673384e-06
7.2388246881691726e-06
7.2440337697309399e-06
7.2492466384964604e-06
7.2544632885302058e-06
7.2596837216262689e-06
7.2649079295745712e-06
7.2701359069141896e-06
7.2753676673785487e-06
7.2806032150561478e-06
7.2858425370470436e-06
7.2910856432882852e-06
7.2963325551289196e-06
7.3015832795642194e-06
7.3068378106884462e-06
7.3120961511257276e-06
7.3173583035791228e-06
7.3226242684864022e-06
7.3278940409869994e-06
7.3331676106416736e-06
7.3384449794004167e-06
7.3437261787966527e-06
7.3490112293935538e-06
7.3543001094981989e-06
7.3595927967424205e-06
7.3648893241280250e-06
7.3701897264338219e-06
7.3754939700436390e-06
7.3808020203961046e-06
7.3861139058495946e-06
7.3914296498515099e-06
7.3967492397714296e-06
7.4020726759133377e-06
7.4073999731417800e-06
7.4127311473451005e-06
7.4180661987205300e-06
7.4234051181736901e-06
7.4287478957439934e-06
7.4340945339880581e-06
7.4394450519330546e-06
7.4447994481358395e-06
7.4501577054112544e-06
7.4555198394893679e-06
7.4608858803739037e-06
7.4662558231034146e-06
7.4716296580014505e-06
7.4770073878034874e-06
7.4823890252383034e-06
7.4877745667216924e-06
7.4931639970027811e-06
7.4985573173584522e-06
7.5039545408276642e-06
7.5093556889687184e-06
7.5147607765762607e-06
7.5201697811282187e-06
7.5255826886502141e-06
7.5309995341731765e-06
7.5364203345080680e-06
7.5418450604600532e-06
7.5472736935893688e-06
7.5527062613059731e-06
7.5581427771825265e-06
7.5635832295554841e-06
7.5690276237890982e-06
7.5744759793729184e-06
7.5799283009793359e-06
7.5853845838622701e-06
7.5908448270003688e-06
7.5963090282048580e-06
7.6017771809535300e-06
7.6072492974028618e-06
7.6127253899147613e-06
7.6182054488933449e-06
7.6236894811769585e-06
7.6291775058540385e-06
7.6346695248817519e-06
7.6401655326040099e-06
7.6456655261573423e-06
7.6511695153154861e-06
7.6566775028803144e-06
7.6621894825432664e-06
7.6677054452472578e-06
7.6732254033229114e-06
7.6787493871454470e-06
7.6842774035468798e-06
7.6898094298434185e-06
7.6953454552989341e-06
7.7008855102395998e-06
7.7064296155978341e-06
7.7119777393804049e-06
7.7175298649781851e-06
7.7230860192449552e-06
7.7286462222458735e-06
7.7342104610891682e-06
7.7397787377033908e-06
7.7453510704691294e-06
7.7509274652475163e-06
7.7565079150391153e-06
7.7620924165343874e-06
7.7676809661650265e-06
7.7732735726374338e-06
7.7788702447993783e-06
7.7844709852303445e-06
7.7900757875672534e-06
7.7956846637021815e-06
7.8012976303761303e-06
7.8069146869465101e-06
7.8125358246743294e-06
7.8181610502778403e-06
7.8237903664789103e-06
7.8294237708733600e-06
7.8350612654932825e-06
7.8407028445873952e-06
7.8463485279066887e-06
7.8519983280719726e-06
7.8576522568380703e-06
7.8633102949099980e-06
7.8689724315366631e-06
7.8746386932758689e-06
7.8803090976788817e-06
7.8859836191065952e-06
7.8916622463473663e-06
7.8973450032888506e-06
7.9030319038092762e-06
7.9087229406610499e-06
7.9144181202573376e-06
7.9201174532480725e-06
7.9258209430776855e-06
7.9315285861251562e-06
7.9372403806839879e-06
7.9429563230642086e-06
7.9486764196700801e-06
7.9544006823325639e-06
7.9601291151510286e-06
7.9658617089180667e-06
7.9715984835011578e-06
7.9773394494945970e-06
7.9830845997524266e-06
7.9888339304866692e-06
7.9945874471818465e-06
8.0003451556271371e-06
8.0061070537569497e-06
8.0118731418367019e-06
8.0176434212014481e-06
8.0234179053947336e-06
8.0291966101514676e-06
8.0349795392171519e-06
8.0407666792982904e-06
8.0465580223509687e-06
8.0523535922718582e-06
8.0581534013903196e-06
8.0639574269998832e-06
8.0697656622779322e-06
8.0755781343306443e-06
8.0813948516020417e-06
8.0872158111410023e-06
8.0930410132740963e-06
8.0988704709661202e-06
8.1047041889393503e-06
8.1105421598232955e-06
8.1163843810332908e-06
8.1222308551969086e-06
8.1280815891823257e-06
8.1339365935450126e-06
8.1397958702908669e-06
8.1456594179162002e-06
8.1515272464908113e-06
8.1573993687907928e-06
8.1632757783902123e-06
8.1691564718341884e-06
8.1750414541318910e-06
8.1809307321713937e-06
8.1868243037401771e-06
8.1927221721763081e-06
8.1986243382728502e-06
8.2045308144730697e-06
8.2104416157431698e-06
8.2163567479617336e-06
8.2222761932917312e-06
8.2281999498674879e-06
8.2341280321532534e-06
8.2400604555273054e-06
8.2459972082541806e-06
8.2519382791869302e-06
8.2578836884620127e-06
8.2638334506750255e-06
8.2697875644158146e-06
8.2757460299060299e-06
8.2817088504258301e-06
8.2876760332643286e-06
8.2936475805848101e-06
8.2996234860620003e-06
8.3056037489903901e-06
8.3115883758054479e-06
8.3175773853454321e-06
8.3235707780800919e-06
8.3295685461797869e-06
8.3355707009085270e-06
8.3415772593721580e-06
8.3475882135636588e-06
8.3536035560224817e-06
8.3596232925956613e-06
8.3656474339509169e-06
8.3716759818658860e-06
8.3777089322267042e-06
8.3837462933487328e-06
8.3897880721059084e-06
8.3958342866742469e-06
8.4018849383775575e-06
8.4079400076999164e-06
8.4139994983184818e-06
8.4200634304974088e-06
8.4261318090636386e-06
8.4322046208072755e-06
8.4382818654376330e-06
8.4443635641391577e-06
8.4504497263442136e-06
8.4565403456958134e-06
8.4626354239655823e-06
8.4687349755377459e-06
8.4748389965894360e-06
8.4809474849469137e-06
8.4870604457247112e-06
8.4931778802217486e-06
8.4992997905565044e-06
8.5054261891706678e-06
8.5115570861858351e-06
8.5176924748236678e-06
8.5238323618807631e-06
8.5299767574732423e-06
8.5361256609363388e-06
8.5422790673402988e-06
8.5484369798258493e-06
8.5545994057754617e-06
8.5607663540581454e-06
8.5669378188981470e-06
8.5731138046377335e-06
8.5792943284711230e-06
8.5854794018983584e-06
8.5916690169055152e-06
8.5978631629836215e-06
8.6040618492464539e-06
8.6102650912025587e-06
8.6164728883968607e-06
8.6226852305377690e-06
8.6289021259355950e-06
8.6351235940701127e-06
8.6413496365806680e-06
8.6475802464372839e-06
8.6538154392143923e-06
8.6600552174769329e-06
8.6662995749639157e-06
8.6725485125866078e-06
8.6788020401440028e-06
8.6850601617947700e-06
8.6913228739873240e-06
8.6975901878780645e-06
8.7038621183475290e-06
8.7101386625688568e-06
8.7164198168525590e-06
8.7227055908024914e-06
8.7289959921539284e-06
8.7352910141284719e-06
8.7415906603692309e-06
8.7478949334265267e-06
8.7542038446142293e-06
8.7605173989208053e-06
8.7668355937239696e-06
8.7731584377125436e-06
8.7794859465930696e-06
8.7858181215073107e-06
8.7921549477703820e-06
8.7984964208408910e-06
8.8048425680383454e-06
8.8111933974543579e-06
8.8175488947282641e-06
8.8239090578544018e-06
8.8302739136801036e-06
8.8366434670252243e-06
8.8430177119884835e-06
8.8493966481555941e-06
8.8557802863310186e-06
8.8621686326250952e-06
8.8685616837461642e-06
8.8749594356449674e-06
8.8813618990173948e-06
8.8877690829389116e-06
8.8941809966453413e-06
8.9005976390014378e-06
8.9070190108758521e-06
8.9134451221609397e-06
8.9198759798873349e-06
8.9263115742856342e-06
8.9327519088344002e-06
8.9391969965869697e-06
8.9456468394553926e-06
8.9521014397204676e-06
8.9585607984694074e-06
8.9650249277091445e-06
8.9714938353269989e-06
8.9779675257405119e-06
8.9844459972010143e-06
8.9909292425626346e-06
8.9974172696730959e-06
9.0039100935821390e-06
9.0104077157547516e-06
9.0169101328358427e-06
9.0234173477437375e-06
9.0299293777042366e-06
9.0364462257865572e-06
9.0429678900952597e-06
9.0494943756452519e-06
9.0560256880112098e-06
9.0625618282101475e-06
9.0691027970246775e-06
9.0756485986960920e-06
9.0821992421722573e-06
9.0887547277836062e-06
9.0953150675304287e-06
9.1018802674721003e-06
9.1084503256747399e-06
9.1150252461932365e-06
9.1216050324574483e-06
9.1281896894708939e-06
9.1347792193955215e-06
9.1413736223681049e-06
9.1479729063114346e-06
9.1545770832593365e-06
9.1611861509455348e-06
9.1678001110588237e-06
9.1744189753330861e-06
9.1810427535102038e-06
9.1876714436458448e-06
9.1943050355858715e-06
9.2009435358551072e-06
9.2075869614898478e-06
9.2142353204862571e-06
9.2208886025608231e-06
9.2275468143751110e-06
9.2342099704093913e-06
9.2408780771725837e-06
9.2475511307531255e-06
9.2542291308504760e-06
9.2609120874735508e-06
9.2676000066085807e-06
9.2742928886649792e-06
9.2809907322849525e-06
9.2876935492216112e-06
9.2944013441585545e-06
9.3011141261530737e-06
9.3078318978806305e-06
9.3145546593457009e-06
9.3212824152928839e-06
9.3280151758710201e-06
9.3347529366324138e-06
9.3414956997460234e-06
9.3482434768481268e-06
9.3549962689771794e-06
9.3617540852148093e-06
9.3685169284725027e-06
9.3752848011098255e-06
9.3820577125175747e-06
9.3888356698424737e-06
9.3956186706657946e-06
9.4024067130958757e-06
9.4091998017850556e-06
9.4159979516991241e-06
9.4228011680989417e-06
9.4296094452445000e-06
9.4364227941670513e-06
9.4432412211594912e-06
9.4500647342062099e-06
9.4568933292722066e-06
9.4637270132166898e-06
9.4705657933962068e-06
9.4774096683075789e-06
9.4842586419531977e-06
9.4911127227704669e-06
9.4979719151708019e-06
9.5048362254403424e-06
9.5117056597784803e-06
9.5185802252244302e-06
9.5254599200512124e-06
9.5323447476048137e-06
9.5392347170900139e-06
9.5461298287534233e-06
9.5530300867823797e-06
9.5599354972399315e-06
9.5668460656365124e-06
9.5737617978255877e-06
9.5806827014513875e-06
9.5876087776248497e-06
9.5945400311620936e-06
9.6014764717047155e-06
9.6084181000854218e-06
9.6153649136321961e-06
9.6223169153444297e-06
9.6292741215919302e-06
9.6362365387273620e-06
9.6432041645771603e-06
9.6501770000648657e-06
9.6571550593058384e-06
9.6641383528214794e-06
9.6711268733499601e-06
9.6781206239638114e-06
9.6851196139246539e-06
9.6921238449918328e-06
9.6991333272129224e-06
9.7061480609853962e-06
9.7131680488781323e-06
9.7201933043239282e-06
9.7272238318350266e-06
9.7342596353697497e-06
9.7413007148724423e-06
9.7483470755242779e-06
9.7553987250286705e-06
9.7624556646673267e-06
9.7695179001094277e-06
9.7765854370243125e-06
9.7836582815168661e-06
9.7907364394907538e-06
9.7978199185187976e-06
9.8049087199149827e-06
9.8120028482364073e-06
9.8191023143179900e-06
9.8262071171694493e-06
9.8333172542005567e-06
9.8404327318952682e-06
9.8475535674646122e-06
9.8546797660776326e-06
9.8618113234642823e-06
9.8689482468862560e-06
9.8760905480103332e-06
9.8832382288674243e-06
9.8903912909702133e-06
9.8975497369496981e-06
9.9047135758287904e-06
9.9118828139795954e-06
9.9190574514988664e-06
9.9262374962107922e-06
9.9334229549677678e-06
9.9406138339528441e-06
9.9478101409517294e-06
9.9550118776986440e-06
9.9622190453987971e-06
9.9694316537929509e-06
9.9766497053032214e-06
9.9838732026221857e-06
9.9911021539485486e-06
9.9983365650718903e-06
1.0005576443365927e-05
1.0012821792262771e-05
1.0020072618818437e-05
1.0027328927202161e-05
1.0034590725987761e-05
1.0041858012101878e-05
1.0049130793878095e-05
1.0056409076963694e-05
1.0063692864534360e-05
1.0070982164314012e-05
1.0078276985258313e-05
1.0085577331476199e-05
1.0092883206331952e-05
1.0100194616396788e-05
1.0107511566879256e-05
1.0114834063375528e-05
1.0122162109908436e-05
1.0129495707696153e-05
1.0136834862816636e-05
1.0144179589727841e-05
1.0151529888193433e-05
1.0158885762470108e-05
1.0166247220162319e-05
1.0173614274423037e-05
1.0180986924640159e-05
1.0188365165925729e-05
1.0195749010809139e-05
1.0203138470033093e-05
1.0210533544955804e-05
1.0217934237396166e-05
1.0225340555810690e-05
1.0232752511035562e-05
1.0240170106613601e-05
1.0247593347439136e-05
1.0255022235730758e-05
1.0262456780600453e-05
1.0269896989960188e-05
1.0277342862988958e-05
1.0284794400589247e-05
1.0292251614585078e-05
1.0299714518933584e-05
1.0307183114595957e-05
1.0314657400026428e-05
1.0322137387273842e-05
1.0329623088937438e-05
1.0337114502535291e-05
1.0344611625754669e-05
1.0352114472553984e-05
1.0359623051352844e-05
1.0367137365432730e-05
1.0374657415288885e-05
1.0382183213288702e-05
1.0389714765904543e-05
1.0397252082136436e-05
1.0404795159629707e-05
1.0412344007697501e-05
1.0419898634462187e-05
1.0427459040273751e-05
1.0435025230119152e-05
1.0442597213416455e-05
1.0450174998562706e-05
1.0457758589641349e-05
1.0465347990880156e-05
1.0472943210888477e-05
1.0480544259654405e-05
1.0488151136905850e-05
1.0495763846253300e-05
1.0503382398311193e-05
1.0511006800915703e-05
1.0518637048492583e-05
1.0526273154530862e-05
1.0533915131062914e-05
1.0541562984882865e-05
1.0549216712846363e-05
1.0556876322768809e-05
1.0564541826586257e-05
1.0572213230561568e-05
1.0579890531960843e-05
1.0587573740186639e-05
1.0595262863587936e-05
1.0602957908236691e-05
1.0610658878210316e-05
1.0618365784442087e-05
1.0626078629243087e-05
1.0633797422862739e-05
1.0641522172144945e-05
1.0649252878133236e-05
1.0656989544274034e-05
1.0664732183797807e-05
1.0672480802444308e-05
1.0680235400187447e-05
1.0687995986702464e-05
1.0695762574726337e-05
1.0703535167046267e-05
1.0711313767801647e-05
1.0719098383823485e-05
1.0726889023453037e-05
1.0734685693707945e-05
1.0742488397762525e-05
1.0750297139363066e-05
1.0758111927315685e-05
1.0765932770727568e-05
1.0773759679651918e-05
1.0781592655928008e-05
1.0789431704955319e-05
1.0797276836070156e-05
1.0805128056915153e-05
1.0812985371079800e-05
1.0820848784532176e-05
1.0828718302857384e-05
1.0836593935695021e-05
1.0844475688198602e-05
1.0852363568044691e-05
1.0860257584541451e-05
1.0868157741646829e-05
1.0876064046424409e-05
1.0883976506444583e-05
1.0891895127567076e-05
1.0899819915410938e-05
1.0907750875041244e-05
1.0915688015033363e-05
1.0923631347072453e-05
1.0931580872527964e-05
1.0939536599203309e-05
1.0947498534777906e-05
1.0955466689764685e-05
1.0963441067842951e-05
1.0971421672398215e-05
1.0979408512316960e-05
1.0987401599044935e-05
1.0995400934703053e-05
1.1003406524532253e-05
1.1011418376190941e-05
1.1019436503049647e-05
1.1027460915432511e-05
1.1035491608904782e-05
1.1043528592027002e-05
1.1051571879125855e-05
1.1059621473047753e-05
1.1067677379641088e-05
1.1075739606910157e-05
1.1083808159872692e-05
1.1091883049956604e-05
1.1099964285432528e-05
1.1108051870151006e-05
1.1116145811368930e-05
1.1124246117659715e-05
1.1132352800080970e-05
1.1140465860850347e-05
1.1148585302007157e-05
1.1156711137532165e-05
1.1164843379802485e-05
1.1172982030235373e-05
1.1181127089025347e-05
1.1189278573320196e-05
1.1197436496151432e-05
1.1205600858025546e-05
1.1213771660381050e-05
1.1221948913547793e-05
1.1230132635076153e-05
1.1238322826217803e-05
1.1246519484893775e-05
1.1254722624164658e-05
1.1262932261068881e-05
1.1271148401491632e-05
1.1279371044343801e-05
1.1287600196063082e-05
1.1295835877785766e-05
1.1304078092239093e-05
1.1312326836953971e-05
1.1320582122604138e-05
1.1328843964883818e-05
1.1337112371953041e-05
1.1345387341816278e-05
1.1353668886943983e-05
1.1361957019914971e-05
1.1370251749720803e-05
1.1378553074044840e-05
1.1386861006691898e-05
1.1395175557634672e-05
1.1403496732068187e-05
1.1411824533442780e-05
1.1420158972690208e-05
1.1428500063012638e-05
1.1436847812280878e-05
1.1445202223915666e-05
1.1453563304286644e-05
1.1461931069369684e-05
1.1470305524364805e-05
1.1478686672158258e-05
1.1487074520649693e-05
1.1495469085795985e-05
1.1503870373621394e-05
1.1512278384878144e-05
1.1520693133864744e-05
1.1529114632750267e-05
1.1537542888804845e-05
1.1545977905360288e-05
1.1554419690699164e-05
1.1562868256475959e-05
1.1571323612889544e-05
1.1579785761341532e-05
1.1588254711377683e-05
1.1596730475879328e-05
1.1605213063827711e-05
1.1613702483231686e-05
1.1622198737842616e-05
1.1630701841403639e-05
1.1639211806812527e-05
1.1647728632390940e-05
1.1656252327492278e-05
1.1664782906315428e-05
1.1673320376419763e-05
1.1681864744500841e-05
1.1690416018509394e-05
1.1698974211519473e-05
1.1707539333605909e-05
1.1716111389275358e-05
1.1724690386432911e-05
1.1733276337784438e-05
1.1741869250180473e-05
1.1750469132731649e-05
1.1759075991934728e-05
1.1767689838309581e-05
1.1776310680257610e-05
1.1784938530847424e-05
1.1793573396359194e-05
1.1802215289430133e-05
1.1810864215922577e-05
1.1819520183653273e-05
1.1828183201479793e-05
1.1836853280151134e-05
1.1845530431431460e-05
1.1854214659859653e-05
1.1862905973860596e-05
1.1871604386700037e-05
1.1880309912172073e-05
1.1889022553953690e-05
1.1897742319465887e-05
1.1906469220886101e-05
1.1915203271030837e-05
1.1923944475304391e-05
1.1932692839039214e-05
1.1941448375373095e-05
1.1950211095720799e-05
1.1958981012371953e-05
1.1967758129542642e-05
1.1976542458336563e-05
1.1985334009324643e-05
1.1994132796287827e-05
1.2002938825642352e-05
1.2011752096463762e-05
1.2020572628914645e-05
1.2029400439016650e-05
1.2038235528106833e-05
1.2047077900603186e-05
1.2055927575712876e-05
1.2064784568294729e-05
1.2073648881774002e-05
1.2082520520410920e-05
1.2091399497542111e-05
1.2100285830669195e-05
1.2109179526029522e-05
1.2118080586834650e-05
1.2126989025816193e-05
1.2135904859148288e-05
1.2144828096576910e-05
1.2153758746328538e-05
1.2162696813289600e-05
1.2171642315996802e-05
1.2180595265471240e-05
1.2189555665229134e-05
1.2198523525152175e-05
1.2207498859126805e-05
1.2216481679967247e-05
1.2225471994390868e-05
1.2234469814516787e-05
1.2243475150396016e-05
1.2252488020215663e-05
1.2261508426195384e-05
1.2270536373907279e-05
1.2279571885664566e-05
1.2288614968981173e-05
1.2297665629017782e-05
1.2306723879038907e-05
1.2315789732724045e-05
1.2324863203581436e-05
1.2333944296716608e-05
1.2343033022318990e-05
1.2352129400297924e-05
1.2361233435608497e-05
1.2370345135257547e-05
1.2379464516259341e-05
1.2388591588317813e-05
1.2397726362678752e-05
1.2406868848642370e-05
1.2416019056873573e-05
1.2425177006317283e-05
1.2434342704892677e-05
1.2443516158526479e-05
1.2452697381271751e-05
1.2461886388122707e-05
1.2471083191832924e-05
1.2480287797413887e-05
1.2489500211954184e-05
1.2498720458049049e-05
1.2507948548977083e-05
1.2517184489540356e-05
1.2526428286989039e-05
1.2535679964143345e-05
1.2544939531948747e-05
1.2554206996514576e-05
1.2563482368306946e-05
1.2572765660152038e-05
1.2582056891613520e-05
1.2591356068538217e-05
1.2600663197593327e-05
1.2609978297801703e-05
1.2619301390101731e-05
1.2628632476575939e-05
1.2637971564383237e-05
1.2647318671098481e-05
1.2656673813173965e-05
1.2666037002011058e-05
1.2675408240563224e-05
1.2684787544939911e-05
1.2694174937516549e-05
1.2703570424709221e-05
1.2712974014806646e-05
1.2722385723300254e-05
1.2731805567091702e-05
1.2741233557676541e-05
1.2750669702205804e-05
1.2760114013431571e-05
1.2769566510050667e-05
1.2779027203125334e-05
1.2788496102576905e-05
1.2797973220461246e-05
1.2807458578867424e-05
1.2816952184900863e-05
1.2826454049710083e-05
1.2835964189312376e-05
1.2845482615733054e-05
1.2855009345173549e-05
1.2864544384789779e-05
1.2874087747290639e-05
1.2883639455795598e-05
1.2893199520024527e-05
1.2902767945398358e-05
1.2912344749433434e-05
1.2921929954431592e-05
1.2931523572529104e-05
1.2941125604363292e-05
1.2950736066055972e-05
1.2960354984823288e-05
1.2969982369239746e-05
1.2979618223588593e-05
1.2989262565076666e-05
1.2998915414015445e-05
1.3008576790435221e-05
1.3018246694936571e-05
1.3027925140032596e-05
1.3037612150136751e-05
1.3047307744041976e-05
1.3057011920131224e-05
1.3066724691409575e-05
1.3076446085000498e-05
1.3086176121962454e-05
1.3095914799813687e-05
1.3105662130578113e-05
1.3115418143423658e-05
1.3125182855292679e-05
1.3134956267777225e-05
1.3144738393536918e-05
1.3154529256626316e-05
1.3164328876161821e-05
1.3174137257594442e-05
1.3183954411957739e-05
1.3193780363039047e-05
1.3203615130651384e-05
1.3213458721445429e-05
1.3223311147114738e-05
1.3233172432291644e-05
1.3243042591927450e-05
1.3252921633590537e-05
1.3262809569384704e-05
1.3272706427821204e-05
1.3282612221313378e-05
1.3292526958839233e-05
1.3302450658002415e-05
1.3312383338038125e-05
1.3322325017185522e-05
1.3332275707031789e-05
1.3342235417370646e-05
1.3352204172761114e-05
1.3362181988391532e-05
1.3372168877994696e-05
1.3382164853735623e-05
1.3392169936718626e-05
1.3402184147277066e-05
1.3412207499191184e-05
1.3422240002025701e-05
1.3432281676510360e-05
1.3442332544462076e-05
1.3452392616310744e-05
1.3462461907168794e-05
1.3472540432272978e-05
1.3482628216133230e-05
1.3492725275873048e-05
1.3502831619800356e-05
1.3512947265758025e-05
1.3523072240488991e-05
1.3533206559485242e-05
1.3543350227768833e-05
1.3553503267323356e-05
1.3563665702024176e-05
1.3573837547998912e-05
1.3584018816510901e-05
1.3594209522763442e-05
1.3604409693556552e-05
1.3614619348060290e-05
1.3624838497363699e-05
1.3635067156177142e-05
1.3645305347186306e-05
1.3655553090906513e-05
1.3665810402175002e-05
1.3676077292427013e-05
1.3686353786983447e-05
1.3696639905966866e-05
1.3706935664258446e-05
1.3717241080557973e-05
1.3727556170046371e-05
1.3737880956356770e-05
1.3748215457982784e-05
1.3758559690003845e-05
1.3768913668886797e-05
1.3779277418840700e-05
1.3789650957508952e-05
1.3800034298640933e-05
1.3810427467729038e-05
1.3820830482036079e-05
1.3831243360089176e-05
1.3841666120432363e-05
1.3852098783803513e-05
1.3862541367473166e-05
1.3872993892587717e-05
1.3883456375349494e-05
1.3893928836248171e-05
1.3904411298807910e-05
1.3914903780562087e-05
1.3925406298208459e-05
1.3935918875276889e-05
1.3946441533368002e-05
1.3956974289405804e-05
1.3967517164141825e-05
1.3978070173734686e-05
1.3988633344354466e-05
1.3999206693766343e-05
1.4009790240678210e-05
1.4020384007648118e-05
1.4030988016284790e-05
1.4041602287706546e-05
1.4052226841757482e-05
1.4062861695910408e-05
1.4073506875190345e-05
1.4084162401649582e-05
1.4094828289477776e-05
1.4105504561712342e-05
1.4116191244764167e-05
1.4126888358384284e-05
1.4137595921863551e-05
1.4148313955055161e-05
1.4159042483839258e-05
1.4169781531107912e-05
1.4180531114799482e-05
1.4191291256545190e-05
1.4202061976052918e-05
1.4212843301895883e-05
1.4223635252793379e-05
1.4234437848980102e-05
1.4245251115692751e-05
1.4256075073749069e-05
1.4266909748762120e-05
1.4277755159259403e-05
1.4288611329112682e-05
1.4299478285812439e-05
1.4310356045917618e-05
1.4321244628858017e-05
1.4332144064582547e-05
1.4343054376542231e-05
1.4353975587646837e-05
1.4364907716444251e-05
1.4375850790132998e-05
1.4386804836998341e-05
1.4397769872226238e-05
1.4408745920212297e-05
1.4419733009726800e-05
1.4430731162835654e-05
1.4441740400396862e-05
1.4452760748221725e-05
1.4463792233068508e-05
1.4474834878729308e-05
1.4485888707184457e-05
1.4496953743428782e-05
1.4508030016313363e-05
1.4519117546908894e-05
1.4530216355961934e-05
1.4541326474120714e-05
1.4552447925660724e-05
1.4563580734605997e-05
1.4574724923787627e-05
1.4585880524546905e-05
1.4597047560436977e-05
1.4608226054878836e-05
1.4619416031933709e-05
1.4630617521010090e-05
1.4641830549842335e-05
1.4653055140429884e-05
1.4664291315599504e-05
1.4675539106190578e-05
1.4686798542275913e-05
1.4698069645441707e-05
1.4709352440308757e-05
1.4720646955936229e-05
1.4731953222513760e-05
1.4743271264425769e-05
1.4754601105972037e-05
1.4765942777523298e-05
1.4777296304042648e-05
1.4788661713323827e-05
1.4800039032045037e-05
1.4811428292372306e-05
1.4822829519435227e-05
1.4834242738591230e-05
1.4845667980533109e-05
1.4857105273852129e-05
1.4868554644373324e-05
1.4880016118529629e-05
1.4891489726208594e-05
1.4902975503031311e-05
1.4914473472389291e-05
1.4925983657145158e-05
1.4937506090262213e-05
1.4949040808879234e-05
1.4960587835863305e-05
1.4972147197002666e-05
1.4983718922475036e-05
1.4995303049151957e-05
1.5006899602778506e-05
1.5018508607234143e-05
1.5030130095291487e-05
1.5041764103615669e-05
1.5053410662164672e-05
1.5065069790261094e-05
1.5076741524131660e-05
1.5088425901644449e-05
1.5100122947628381e-05
1.5111832688806479e-05
1.5123555157473359e-05
1.5135290390592277e-05
1.5147038417533892e-05
1.5158799265726260e-05
1.5170572966043802e-05
1.5182359560041549e-05
1.5194159074782922e-05
1.5205971535326492e-05
1.5217796976107857e-05
1.5229635437129269e-05
1.5241486950103839e-05
1.5253351534042309e-05
1.5265229229082842e-05
1.5277120075168680e-05
1.5289024102630301e-05
1.5300941337916351e-05
1.5312871814938362e-05
1.5324815572758523e-05
1.5336772649029013e-05
1.5348743065846842e-05
1.5360726856586694e-05
1.5372724063530268e-05
1.5384734724224728e-05
1.5396758863949364e-05
1.5408796512531366e-05
1.5420847715563251e-05
1.5432912511468040e-05
1.5444990926611321e-05
1.5457082989616465e-05
1.5469188741298900e-05
1.5481308231131424e-05
1.5493441480812105e-05
1.5505588517244193e-05
1.5517749387451379e-05
1.5529924135803099e-05
1.5542112789691447e-05
1.5554315379118058e-05
1.5566531944218698e-05
1.5578762531987713e-05
1.5591007174471331e-05
1.5603265896852760e-05
1.5615538740304946e-05
1.5627825757187778e-05
1.5640126976495513e-05
1.5652442426512647e-05
1.5664772150279054e-05
1.5677116195220261e-05
1.5689474595585720e-05
1.5701847381089398e-05
1.5714234591611100e-05
1.5726636274844219e-05
1.5739052469325494e-05
1.5751483203171874e-05
1.5763928517012387e-05
1.5776388461777315e-05
1.5788863074983432e-05
1.5801352385592206e-05
1.5813856435873333e-05
1.5826375276014315e-05
1.5838908944532125e-05
1.5851457470220899e-05
1.5864020896764471e-05
1.5876599276083051e-05
1.5889192646269918e-05
1.5901801037790517e-05
1.5914424495604504e-05
1.5927063072070379e-05
1.5939716805097328e-05
1.5952385725930904e-05
1.5965069881527767e-05
1.5977769322678827e-05
1.5990484088309773e-05
1.6003214211638593e-05
1.6015959740854560e-05
1.6028720727656443e-05
1.6041497212692213e-05
1.6054289225881511e-05
1.6067096821027423e-05
1.6079920047629560e-05
1.6092758945860555e-05
1.6105613554553375e-05
1.6118483914597897e-05
1.6131370084549329e-05
1.6144272109735182e-05
1.6157190019711379e-05
1.6170123864437041e-05
1.6183073699229164e-05
1.6196039572612733e-05
1.6209021515133645e-05
1.6222019573690133e-05
1.6235033806994943e-05
1.6248064262901808e-05
1.6261110974837429e-05
1.6274173989814544e-05
1.6287253367784559e-05
1.6300349155820158e-05
1.6313461392661156e-05
1.6326590124182545e-05
1.6339735405104506e-05
1.6352897293200206e-05
1.6366075823288839e-05
1.6379271037446302e-05
1.6392482999680699e-05
1.6405711765207164e-05
1.6418957366594479e-05
1.6432219850301339e-05
1.6445499285227470e-05
1.6458795719832314e-05
1.6472109193329140e-05
1.6485439750616074e-05
1.6498787457677668e-05
1.6512152371355951e-05
1.6525534527002008e-05
1.6538933970860618e-05
1.6552350771841671e-05
1.6565784984864279e-05
1.6579236648989387e-05
1.6592705813753943e-05
1.6606192542455795e-05
1.6619696896812957e-05
1.6633218915305390e-05
1.6646758646110420e-05
1.6660316155209881e-05
1.6673891501491889e-05
1.6687484732301520e-05
1.6701095891348110e-05
1.6714725045684159e-05
1.6728372258230002e-05
1.6742037575596826e-05
1.6755721045069092e-05
1.6769422729235021e-05
1.6783142694514718e-05
1.6796880990912078e-05
1.6810637663349071e-05
1.6824412777842157e-05
1.6838206402092897e-05
1.6852018584364886e-05
1.6865849373840723e-05
1.6879698837874415e-05
1.6893567041337143e-05
1.6907454037865593e-05
1.6921359876123811e-05
1.6935284621841174e-05
1.6949228344731168e-05
1.6963191100314575e-05
1.6977172935145347e-05
1.6991173917239799e-05
1.7005194116685058e-05
1.7019233589438947e-05
1.7033292390083250e-05
1.7047370580946444e-05
1.7061468233952440e-05
1.7075585407204732e-05
1.7089722155201945e-05
1.7103878542366723e-05
1.7118054643176012e-05
1.7132250515610451e-05
1.7146466216137661e-05
1.7160701811259116e-05
1.7174957374630326e-05
1.7189232965795951e-05
1.7203528641753336e-05
1.7217844473607773e-05
1.7232180531614743e-05
1.7246536879612155e-05
1.7260913576758085e-05
1.7275310691694082e-05
1.7289728298184361e-05
1.7304166462353757e-05
1.7318625245886077e-05
1.7333104712759871e-05
1.7347604941112789e-05
1.7362126000235925e-05
1.7376667952402439e-05
1.7391230863532867e-05
1.7405814807647532e-05
1.7420419862339648e-05
1.7435046087196923e-05
1.7449693551123435e-05
1.7464362330826018e-05
1.7479052502766864e-05
1.7493764130147798e-05
1.7508497281299769e-05
1.7523252033255372e-05
1.7538028464415548e-05
1.7552826641582189e-05
1.7567646631632161e-05
1.7582488515922971e-05
1.7597352373348027e-05
1.7612238271137823e-05
1.7627146282378842e-05
1.7642076482570628e-05
1.7657028953259692e-05
1.7672003769921752e-05
1.7687000999593751e-05
1.7702020719634082e-05
1.7717063018123570e-05
1.7732127967128097e-05
1.7747215638918683e-05
1.7762326114039812e-05
1.7777459474774979e-05
1.7792615800928714e-05
1.7807795164288456e-05
1.7822997643503226e-05
1.7838223326481515e-05
1.7853472294252864e-05
1.7868744620927010e-05
1.7884040387132573e-05
1.7899359678998993e-05
1.7914702579218421e-05
1.7930069166333776e-05
1.7945459522520846e-05
1.7960873734084376e-05
1.7976311887697535e-05
1.7991774059483243e-05
1.8007260332071440e-05
1.8022770796614721e-05
1.8038305543159806e-05
1.8053864652464222e-05
1.8069448201971423e-05
1.8085056284913979e-05
1.8100688995474063e-05
1.8116346415439334e-05
1.8132028624439572e-05
1.8147735715775500e-05
1.8163467785837408e-05
1.8179224918075314e-05
1.8195007198080820e-05
1.8210814713305171e-05
1.8226647569403019e-05
1.8242505850639489e-05
1.8258389636910156e-05
1.8274299025686504e-05
1.8290234120514072e-05
1.8306195007871867e-05
1.8322181769195742e-05
1.8338194505903147e-05
1.8354233320002500e-05
1.8370298302658445e-05
1.8386389536110168e-05
1.8402507123921342e-05
1.8418651170745416e-05
1.8434821769679617e-05
1.8451019003065370e-05
1.8467242974956444e-05
1.8483493797530595e-05
1.8499771559402011e-05
1.8516076348835383e-05
1.8532408272304292e-05
1.8548767438661091e-05
1.8565153947809340e-05
1.8581567884214514e-05
1.8598009354966167e-05
1.8614478473433791e-05
1.8630975338992038e-05
1.8647500042558155e-05
1.8664052688762901e-05
1.8680633393405817e-05
1.8697242260468184e-05
1.8713879383170119e-05
1.8730544868168340e-05
1.8747238831092431e-05
1.8763961378716703e-05
1.8780712607792592e-05
1.8797492623407974e-05
1.8814301546093322e-05
1.8831139485751555e-05
1.8848006541122573e-05
1.8864902818131924e-05
1.8881828437318465e-05
1.8898783515389600e-05
1.8915768151143145e-05
1.8932782454426298e-05
1.8949826546093387e-05
1.8966900542551545e-05
1.8984004551191407e-05
1.9001138680209142e-05
1.9018303050069431e-05
1.9035497782495911e-05
1.9052722989483633e-05
1.9069978780472643e-05
1.9087265275004615e-05
1.9104582601098165e-05
1.9121930871584840e-05
1.9139310195605951e-05
1.9156720697974732e-05
1.9174162507196027e-05
1.9191635741831011e-05
1.9209140510531702e-05
1.9226676942137574e-05
1.9244245167685508e-05
1.9261845305457894e-05
1.9279477473702147e-05
1.9297141793469912e-05
1.9314838403429627e-05
1.9332567428049694e-05
1.9350328978413080e-05
1.9368123187915704e-05
1.9385950191365590e-05
1.9403810121391595e-05
1.9421703089848195e-05
1.9439629228145541e-05
1.9457588679303211e-05
1.9475581573661183e-05
1.9493608032416094e-05
1.9511668183813882e-05
1.9529762173295487e-05
1.9547890137084031e-05
1.9566052197454572e-05
1.9584248485568948e-05
1.9602479150784906e-05
1.9620744333040274e-05
1.9639044153396725e-05
1.9657378747117689e-05
1.9675748267924185e-05
1.9694152859167088e-05
1.9712592640721559e-05
1.9731067751793137e-05
1.9749578351882475e-05
1.9768124584620406e-05
1.9786706575611778e-05
1.9805324467091003e-05
1.9823978415834574e-05
1.9842668572635409e-05
1.9861395067749655e-05
1.9880158040660782e-05
1.9898957654795231e-05
1.9917794063247159e-05
1.9936667398601031e-05
1.9955577808099274e-05
1.9974525451917263e-05
1.9993510489349048e-05
2.0012533058224237e-05
2.0031593302651422e-05
2.0050691389791755e-05
2.0069827482059460e-05
2.0089001720345204e-05
2.0108214250751768e-05
2.0127465243537904e-05
2.0146754863586376e-05
2.0166083257997786e-05
2.0185450577077647e-05
2.0204856987680112e-05
2.0224302663581851e-05
2.0243787755512984e-05
2.0263312413167597e-05
2.0282876810116896e-05
2.0302481119639872e-05
2.0322125498822373e-05
2.0341810101264754e-05
2.0361535102320181e-05
2.0381300679036387e-05
2.0401106991221950e-05
2.0420954198772528e-05
2.0440842476763523e-05
2.0460772007932788e-05
2.0480742955052366e-05
2.0500755479800826e-05
2.0520809760367311e-05
2.0540905985935938e-05
2.0561044324471612e-05
2.0581224938069542e-05
2.0601448009973156e-05
2.0621713732001385e-05
2.0642022273246612e-05
2.0662373801891709e-05
2.0682768509238824e-05
2.0703206582039982e-05
2.0723688199833084e-05
2.0744213534990986e-05
2.0764782774139503e-05
2.0785396116722677e-05
2.0806053743872163e-05
2.0826755829827667e-05
2.0847502566953394e-05
2.0868294156306576e-05
2.0889130785219866e-05
2.0910012631117142e-05
2.0930939892901367e-05
2.0951912765754635e-05
2.0972931449045086e-05
2.0993996129582209e-05
2.1015106998302970e-05
2.1036264260258963e-05
2.1057468120621573e-05
2.1078718767732094e-05
2.1100016397182397e-05
2.1121361217720716e-05
2.1142753437394233e-05
2.1164193251314429e-05
2.1185680859688095e-05
2.1207216472813550e-05
2.1228800302284435e-05
2.1250432552638024e-05
2.1272113425116795e-05
2.1293843131072057e-05
2.1315621890746428e-05
2.1337449913072512e-05
2.1359327400439770e-05
2.1381254573283031e-05
2.1403231652927758e-05
2.1425258851116833e-05
2.1447336379494276e-05
2.1469464458976153e-05
2.1491643317338394e-05
2.1513873173153271e-05
2.1536154236652027e-05
2.1558486736288081e-05
2.1580870907288130e-05
2.1603306967743104e-05
2.1625795135385560e-05
2.1648335645016257e-05
2.1670928733711854e-05
2.1693574624913350e-05
2.1716273542931785e-05
2.1739025725105060e-05
2.1761831413888623e-05
2.1784690838619255e-05
2.1807604229056857e-05
2.1830571822786353e-05
2.1853593870495985e-05
2.1876670606442910e-05
2.1899802264728020e-05
2.1922989090487672e-05
2.1946231338704252e-05
2.1969529248201616e-05
2.1992883055674630e-05
2.2016293011992230e-05
2.2039759379356739e-05
2.2063282398442096e-05
2.2086862316146011e-05
2.2110499387080205e-05
2.2134193872291300e-05
2.2157946029560487e-05
2.2181756101937936e-05
2.2205624350463475e-05
2.2229551048175904e-05
2.2253536449182275e-05
2.2277580806731750e-05
2.2301684386650259e-05
2.2325847464948451e-05
2.2350070306155643e-05
2.2374353165533858e-05
2.2398696317639004e-05
2.2423100037915918e-05
2.2447564602576850e-05
2.2472090273986892e-05
2.2496677325232708e-05
2.2521326041699542e-05
2.2546036706646719e-05
2.2570809583931502e-05
2.2595644952509737e-05
2.2620543109977395e-05
2.2645504339804895e-05
2.2670528918469899e-05
2.2695617124099627e-05
2.2720769260225323e-05
2.2745985620914281e-05
2.2771266481907171e-05
2.2796612134940782e-05
2.2822022885835492e-05
2.2847499031635476e-05
2.2873040863819008e-05
2.2898648671609228e-05
2.2924322766176504e-05
2.2950063459074525e-05
2.2975871043075097e-05
2.3001745815375399e-05
2.3027688090684578e-05
2.3053698187619706e-05
2.3079776409421489e-05
2.3105923055305690e-05
2.3132138448157999e-05
2.3158422913796171e-05
2.3184776759771450e-05
2.3211200294731896e-05
2.3237693847112206e-05
2.3264257749119966e-05
2.3290892313940367e-05
2.3317597861946487e-05
2.3344374723469829e-05
2.3371223234431392e-05
2.3398143722572463e-05
2.3425136512538178e-05
2.3452201939422122e-05
2.3479340349389514e-05
2.3506552077341818e-05
2.3533837452341153e-05
2.3561196816157397e-05
2.3588630522303495e-05
2.3616138915966975e-05
2.3643722332900786e-05
2.3671381118670197e-05
2.3699115637156651e-05
2.3726926238269991e-05
2.3754813268269335e-05
2.3782777082202700e-05
2.3810818044753533e-05
2.3838936516074157e-05
2.3867132850822137e-05
2.3895407412780305e-05
2.3923760572287989e-05
2.3952192695494788e-05
2.3980704151042583e-05
2.4009295306729096e-05
2.4037966536010695e-05
2.4066718220456114e-05
2.4095550733641497e-05
2.4124464449546478e-05
2.4153459752852875e-05
2.4182537030558881e-05
2.4211696665720832e-05
2.4240939038691049e-05
2.4270264543274893e-05
2.4299673576329105e-05
2.4329166527249544e-05
2.4358743788818103e-05
2.4388405757854824e-05
2.4418152840688337e-05
2.4447985435980238e-05
2.4477903942956457e-05
2.4507908769453489e-05
2.4538000331606875e-05
2.4568179033783681e-05
2.4598445284960658e-05
2.4628799501814059e-05
2.4659242106837009e-05
2.4689773519465504e-05
2.4720394150264222e-05
2.4751104429968088e-05
2.4781904790078979e-05
2.4812795652594847e-05
2.4843777446589544e-05
2.4874850603030031e-05
2.4906015566667894e-05
2.4937272770903167e-05
2.4968622646205153e-05
2.5000065643551065e-05
2.5031602210248629e-05
2.5063232790138064e-05
2.5094957827348659e-05
2.5126777773358210e-05
2.5158693091337173e-05
2.5190704234561848e-05
2.5222811654279970e-05
2.5255015816016348e-05
2.5287317188436368e-05
2.5319716236589968e-05
2.5352213422113119e-05
2.5384809217815833e-05
2.5417504105489069e-05
2.5450298555799253e-05
2.5483193045372920e-05
2.5516188058031174e-05
2.5549284077982568e-05
2.5582481609998637e-05
2.5615781124743539e-05
2.5649183105400005e-05
2.5682688072762744e-05
2.5716296501410557e-05
2.5750008902318640e-05
2.5783825758995172e-05
2.5817747589939946e-05
2.5851774908329805e-05
2.5885908214903776e-05
2.5920148020801321e-05
2.5954494849577828e-05
2.5988949216842693e-05
2.6023511644837647e-05
2.6058182653139958e-05
2.6092962768468156e-05
2.6127852532113134e-05
2.6162852467570341e-05
2.6197963105716127e-05
2.6233184989759982e-05
2.6268518671109015e-05
2.6303964682606751e-05
2.6339523567406382e-05
2.6375195877979066e-05
2.6410982175972341e-05
2.6446883015879472e-05
2.6482898946493621e-05
2.6519030534290545e-05
2.6555278349142383e-05
2.6591642954646081e-05
2.6628124919822906e-05
2.6664724818102979e-05
2.6701443233941483e-05
2.6738280743772153e-05
2.6775237925197305e-05
2.6812315368636238e-05
2.6849513667502881e-05
2.6886833413974856e-05
2.6924275193404816e-05
2.6961839613002975e-05
2.6999527277274994e-05
2.7037338793389975e-05
2.7075274759275174e-05
2.7113335787220382e-05
2.7151522503008147e-05
2.7189835522325599e-05
2.7228275460998572e-05
2.7266842950806446e-05
2.7305538617974908e-05
2.7344363091511540e-05
2.7383317006389677e-05
2.7422401003887108e-05
2.7461615730585130e-05
2.7500961828037715e-05
2.7540439940493924e-05
2.7580050725377580e-05
2.7619794838055302e-05
2.7659672938568314e-05
2.7699685687873479e-05
2.7739833753924848e-05
2.7780117808376090e-05
2.7820538523119657e-05
2.7861096577790015e-05
2.7901792647219334e-05
2.7942627419150503e-05
2.7983601583804967e-05
2.8024715832241296e-05
2.8065970863592672e-05
2.8107367372886856e-05
2.8148906064541658e-05
2.8190587644705608e-05
2.8232412822376137e-05
2.8274382316462086e-05
2.8316496842542668e-05
2.8358757124371785e-05
2.8401163885938072e-05
2.8443717862766947e-05
2.8486419782503972e-05
2.8529270384105507e-05
2.8572270412621382e-05
2.8615420610312838e-05
2.8658721730796857e-05
2.8702174526259564e-05
2.8745779751824968e-05
2.8789538171722865e-05
2.8833450549451991e-05
2.8877517661935478e-05
2.8921740280298162e-05
2.8966119182396869e-05
2.9010655150533178e-05
2.9055348969275852e-05
2.9100201432098472e-05
2.9145213331658558e-05
2.9190385472026210e-05
2.9235718659190412e-05
2.9281213696135517e-05
2.9326871394268127e-05
2.9372692570171645e-05
2.9418678050953277e-05
2.9464828659081835e-05
2.9511145223570439e-05
2.9557628579464034e-05
2.9604279563611586e-05
2.9651099030986358e-05
2.9698087820964177e-05
2.9745246777638245e-05
2.9792576767554546e-05
2.9840078656651026e-05
2.9887753308545338e-05
2.9935601590487679e-05
2.9983624377157657e-05
3.0031822554386482e-05
3.0080197006277309e-05
3.0128748618830128e-05
3.0177478283498228e-05
3.0226386911664059e-05
3.0275475405182134e-05
3.0324744661600560e-05
3.0374195602302863e-05
3.0423829147750557e-05
3.0473646222896095e-05
3.0523647751997960e-05
3.0573834667889167e-05
3.0624207916967582e-05
3.0674768440287312e-05
3.0725517179519366e-05
3.0776455091777269e-05
3.0827583140428071e-05
3.0878902291985002e-05
3.0930413510594381e-05
3.0982117770508083e-05
3.1034016054773879e-05
3.1086109346362660e-05
3.1138398632230780e-05
3.1190884910806135e-05
3.1243569189716368e-05
3.1296452471694755e-05
3.1349535761369474e-05
3.1402820080579367e-05
3.1456306453688338e-05
3.1509995911335793e-05
3.1563889480739866e-05
3.1617988201671614e-05
3.1672293123667731e-05
3.1726805297342760e-05
3.1781525773467122e-05
3.1836455613629701e-05
3.1891595892013166e-05
3.1946947678405424e-05
3.2002512044828612e-05
3.2058290082702593e-05
3.2114282887717189e-05
3.2170491550784660e-05
3.2226917166559171e-05
3.2326901074178266e-05
3.2460322096642941e-05
3.2594352766987036e-05
3.2728995827107552e-05
3.2864254028022863e-05
3.3000130139869112e-05
3.3136626937035634e-05
3.3273747208116410e-05
3.3411493753059180e-05
3.3549869383259448e-05
3.3688876925951091e-05
3.3828519210871382e-05
3.3968799086672981e-05
3.4109719413845975e-05
3.4251283062688314e-05
3.4393492913972308e-05
3.4536351861003261e-05
3.4679862812175559e-05
3.4824028686744072e-05
3.4968852411077373e-05
3.5114336929994121e-05
3.5260485198654100e-05
3.5407300184229662e-05
3.5554784861254539e-05
3.5702942222777968e-05
3.5851775273296894e-05
3.6001287028145775e-05
3.6151480515012796e-05
3.6302358771667044e-05
3.6453924852556841e-05
3.6606181825022474e-05
3.6759132762782503e-05
3.6912780756961153e-05
3.7067128911435410e-05
3.7222180343106880e-05
3.7377938176066217e-05
3.7534405550874191e-05
3.7691585623924831e-05
3.7849481560459250e-05
3.8008096539287468e-05
3.8167433750268073e-05
3.8327496399404235e-05
3.8488287706081454e-05
3.8649810897274501e-05
3.8812069218241314e-05
3.8975065925950732e-05
3.9138804290257445e-05
3.9303287593168938e-05
3.9468519128637608e-05
3.9634502209335052e-05
3.9801240156659832e-05
3.9968736304466570e-05
4.0136994002372637e-05
4.0306016612209658e-05
4.0475807512070064e-05
4.0646370087883838e-05
4.0817707743003599e-05
4.0989823895328897e-05
4.1162721972647007e-05
4.1336405418476600e-05
4.1510877687334311e-05
4.1686142251881275e-05
4.1862202598213169e-05
4.2039062220634429e-05
4.2216724631245453e-05
4.2395193355097961e-05
4.2574471934278274e-05
4.2754563919657672e-05
4.2935472876240913e-05
4.3117202388311582e-05
4.3299756051267470e-05
4.3483137471724092e-05
4.3667350271773534e-05
4.3852398089922327e-05
4.4038284580795182e-05
4.4225013405431175e-05
4.4412588244193476e-05
4.4601012791146196e-05
4.4790290756529940e-05
4.4980425861172355e-05
4.5171421840175711e-05
4.5363282448674827e-05
4.5556011450641944e-05
4.5749612626347111e-05
4.5944089769582195e-05
4.6139446688790327e-05
4.6335687211849583e-05
4.6532815174050604e-05
4.6730834427812695e-05
4.6929748843069711e-05
4.7129562303029879e-05
4.7330278702463406e-05
4.7531901953185096e-05
4.7734435984414621e-05
4.7937884737057364e-05
4.8142252167067095e-05
4.8347542244948449e-05
4.8553758958943409e-05
4.8760906312653968e-05
4.8968988319050578e-05
4.9178009009359836e-05
4.9387972432821685e-05
4.9598882651688198e-05
4.9810743740854113e-05
5.0023559791346319e-05
5.0237334913751178e-05
5.0452073231520902e-05
5.0667778879008119e-05
5.0884456010433898e-05
5.1102108795517876e-05
5.1320741420835476e-05
5.1540358082371397e-05
5.1760962993827834e-05
5.1982560388605424e-05
5.2205154513902560e-05
5.2428749628340203e-05
5.2653350008646942e-05
5.2878959947819793e-05
5.3105583759326313e-05
5.3333225761659400e-05
5.3561890295267580e-05
5.3791581715369614e-05
5.4022304396579502e-05
5.4254062723645992e-05
5.4486861097276355e-05
5.4720703938960207e-05
5.4955595685266608e-05
5.5191540782618732e-05
5.5428543697280664e-05
5.5666608913235553e-05
5.5905740931726686e-05
5.6145944262554275e-05
5.6387223436871267e-05
5.6629583002392764e-05
5.6873027523220264e-05
5.7117561574927581e-05
5.7363189751016365e-05
5.7609916666497520e-05
5.7857746949142213e-05
5.8106685238246078e-05
5.8356736194308506e-05
5.8607904494557916e-05
5.8860194833739259e-05
5.9113611915783338e-05
5.9368160465531052e-05
5.9623845225825916e-05
5.9880670956326979e-05
6.0138642428671335e-05
6.0397764430648445e-05
6.0658041771653174e-05
6.0919479278665587e-05
6.1182081786013005e-05
6.1445854150582598e-05
6.1710801246243443e-05
6.1976927965111048e-05
6.2244239209268207e-05
6.2512739899670125e-05
6.2782434979007874e-05
6.3053329403877609e-05
6.3325428141698521e-05
6.3598736182869436e-05
6.3873258534969085e-05
6.4149000221317592e-05
6.4425966275662465e-05
6.4704161756080328e-05
6.4983591734834510e-05
6.5264261302125666e-05
6.5546175564522757e-05
6.5829339640275183e-05
6.6113758673094856e-05
6.6399437819398031e-05
6.6686382248870474e-05
6.6974597152298095e-05
6.7264087734215168e-05
6.7554859222579286e-05
6.7846916849324205e-05
6.8140265876975026e-05
6.8434911584656788e-05
6.8730859263927752e-05
6.9028114208394604e-05
6.9326681738219147e-05
6.9626567218889209e-05
6.9927776008257120e-05
7.0230313462095483e-05
7.0534184980125428e-05
7.0839395959707409e-05
7.1145951851921593e-05
7.1453858082927882e-05
7.1763120106266415e-05
7.2073743420415938e-05
7.2385733499772171e-05
7.2699095863136863e-05
7.3013836032123508e-05
7.3329959556263550e-05
7.3647471997104536e-05
7.3966378922814299e-05
7.4286685935211571e-05
7.4608398650945169e-05
7.4931522697763413e-05
7.5256063714473719e-05
7.5582027360416269e-05
7.5909419322041927e-05
7.6238245294900397e-05
7.6568510993385697e-05
7.6900222144504098e-05
7.7233384492949114e-05
7.7568003802070109e-05
7.7904085853639334e-05
7.8241636446878975e-05
7.8580661393618607e-05
7.8921166525278049e-05
7.9263157685081453e-05
7.9606640743433337e-05
7.9951621579327716e-05
8.0298106083901560e-05
8.0646100181747623e-05
8.0995609794683992e-05
8.1346640876222700e-05
8.1699199391474297e-05
8.2053291313342449e-05
8.2408922648688734e-05
8.2766099402660379e-05
8.3124827609641570e-05
8.3485113320861082e-05
8.3846962593754295e-05
8.4210381514228516e-05
8.4575376175676515e-05
8.4941952686708885e-05
8.5310117176104738e-05
8.5679875797461616e-05
8.6051234713883441e-05
8.6424200095663588e-05
8.6798778139250996e-05
8.7174975058583993e-05
8.7552797080176783e-05
8.7932250446593542e-05
8.8313341412313927e-05
8.8696076257936129e-05
8.9080461278362357e-05
8.9466502774239464e-05
8.9854207070131262e-05
9.0243580510518653e-05
9.0634629445068441e-05
9.1027360246105524e-05
9.1421779301343215e-05
9.1817893013688000e-05
9.2215707806451224e-05
9.2615230104072142e-05
9.3016466357913663e-05
9.3419423040139955e-05
9.3824106626672676e-05
9.4230523615952989e-05
9.4638680516977917e-05
9.5048583858589502e-05
9.5460240186160536e-05
9.5873656049569360e-05
9.6288838025851279e-05
9.6705792705849790e-05
9.7124526691551647e-05
9.7545046596858400e-05
9.7967359057453738e-05
9.8391470723087219e-05
9.8817388253421762e-05
9.9245118324288413e-05
9.9674667630764212e-05
1.0010604288194830e-04
1.0053925079697110e-04
1.0097429810861098e-04
1.0141119156909621e-04
1.0184993794443339e-04
1.0229054401120137e-04
1.0273301656198614e-04
1.0317736240661716e-04
1.0362358836579277e-04
1.0407170127442238e-04
1.0452170797870841e-04
1.0497361534005272e-04
1.0542743024290672e-04
1.0588315957085705e-04
1.0634081022551027e-04
1.0680038912964689e-04
1.0726190321173872e-04
1.0772535941718987e-04
1.0819076469395645e-04
1.0865812601878981e-04
1.0912745037765311e-04
1.0959874475957300e-04
1.1007201617490094e-04
1.1054727164531190e-04
1.1102451820675279e-04
1.1150376290108803e-04
1.1198501278625015e-04
1.1246827493762187e-04
1.1295355643790496e-04
1.1344086437934268e-04
1.1393020586775291e-04
1.1442158802312332e-04
1.1491501798045878e-04
1.1541050287522878e-04
1.1590804986306646e-04
1.1640766611031380e-04
1.1690935879493699e-04
1.1741313509971638e-04
1.1791900222206022e-04
1.1842696737467939e-04
1.1893703777866418e-04
1.1944922066150506e-04
1.1996352326273341e-04
1.2047995283775334e-04
1.2099851664815389e-04
1.2151922196079283e-04
1.2204207605956898e-04
1.2256708623692515e-04
1.2309425979510898e-04
1.2362360404285198e-04
1.2415512629851020e-04
1.2468883389603580e-04
1.2522473417185583e-04
1.2576283446916149e-04
1.2630314214887381e-04
1.2684566457515315e-04
1.2739040912145507e-04
1.2793738316769349e-04
1.2848659410344965e-04
1.2903804932992718e-04
1.2959175624916277e-04
1.3014772227579066e-04
1.3070595482969613e-04
1.3126646134319027e-04
1.3182924924920773e-04
1.3239432598602423e-04
1.3296169900891481e-04
1.3353137577318022e-04
1.3410336374018080e-04
1.3467767037691794e-04
1.3525430316084887e-04
1.3583326957700080e-04
1.3641457710579009e-04
1.3699823323832898e-04
1.3758424547825462e-04
1.3817262132798385e-04
1.3876336829360305e-04
1.3935649388677136e-04
1.3995200562709004e-04
1.4054991103918191e-04
1.4115021764470113e-04
1.4175293297318984e-04
1.4235806456315713e-04
1.4296561995337002e-04
1.4357560668065418e-04
1.4418803229012154e-04
1.4480290433201501e-04
1.4542023035458000e-04
1.4604001791096143e-04
1.4666227455583045e-04
1.4728700784863633e-04
1.4791422535014403e-04
1.4854393461660362e-04
1.4917614321199562e-04
1.4981085870280006e-04
1.5044808865228814e-04
1.5108784062470933e-04
1.5173012218698580e-04
1.5237494090769387e-04
1.5302230435219346e-04
1.5367222008495193e-04
1.5432469567316307e-04
1.5497973868380696e-04
1.5563735668106533e-04
1.5629755722542060e-04
1.5696034788109783e-04
1.5762573620945226e-04
1.5829372976727371e-04
1.5896433611035877e-04
1.5963756279273149e-04
1.6031341736833695e-04
1.6099190738445488e-04
1.6167304038331427e-04
1.6235682390868138e-04
1.6304326549927356e-04
1.6373237268653255e-04
1.6442415300214457e-04
1.6511861397052477e-04
1.6581576311259420e-04
1.6651560794266252e-04
1.6721815597013829e-04
1.6792341469865009e-04
1.6863139162811658e-04
1.6934209424916466e-04
1.7005553004579671e-04
1.7077170649873555e-04
1.7149063107883161e-04
1.7221231124831782e-04
1.7293675446379645e-04
1.7366396817300765e-04
1.7439395981717326e-04
1.7512673682732249e-04
1.7586230662374868e-04
1.7660067662102525e-04
1.7734185422202642e-04
1.7808584681858544e-04
1.7883266179488064e-04
1.7958230652435545e-04
1.8033478836840792e-04
1.8109011467712019e-04
1.8184829278899744e-04
1.8260933003238253e-04
1.8337323372249339e-04
1.8414001116010090e-04
1.8490966963651440e-04
1.8568221642921567e-04
1.8645765879917830e-04
1.8723600399725697e-04
1.8801725925771866e-04
1.8880143180123506e-04
1.8958852883385252e-04
1.9037855754543679e-04
1.9117152511127536e-04
1.9196743869090619e-04
1.9276630542645502e-04
1.9356813244325539e-04
1.9437292685078129e-04
1.9518069574128445e-04
1.9599144618873848e-04
1.9680518524888045e-04
1.9762191995844838e-04
1.9844165733687251e-04
1.9926440438355401e-04
2.0009016807707579e-04
2.0091895537850056e-04
2.0175077322741702e-04
2.0258562854256023e-04
2.0342352822187352e-04
2.0426447914163542e-04
2.0510848815586733e-04
2.0595556209703392e-04
2.0680570777479083e-04
2.0765893197700959e-04
2.0851524146643066e-04
2.0937464298087313e-04
2.1023714323766562e-04
2.1110274892648505e-04
2.1197146671194704e-04
2.1284330323643937e-04
2.1371826511371308e-04
2.1459635893163873e-04
2.1547759125264658e-04
2.1636196861098901e-04
2.1724949751373242e-04
2.1814018444033605e-04
2.1903403584209503e-04
2.1993105814224802e-04
2.2083125773303091e-04
2.2173464098059837e-04
2.2264121421545780e-04
2.2355098374493538e-04
2.2446395583800528e-04
2.2538013674130812e-04
2.2629953266100434e-04
2.2722214977869586e-04
2.2814799423633261e-04
2.2907707215051118e-04
2.3000938959639100e-04
2.3094495262440147e-04
2.3188376724134449e-04
2.3282583942927889e-04
2.3377117512459603e-04
2.3471978023819229e-04
2.3567166063716199e-04
2.3662682215947907e-04
2.3758527059641985e-04
2.3854701171374985e-04
2.3951205122959665e-04
2.4048039483151365e-04
2.4145204816170086e-04
2.4242701682859969e-04
2.4340530639789691e-04
2.4438692239783403e-04
2.4537187031467274e-04
2.4636015559346736e-04
2.4735178363978884e-04
2.4834675981498229e-04
2.4934508944057337e-04
2.5034677779411262e-04
2.5135183010945288e-04
2.5236025157909293e-04
2.5337204734952222e-04
2.5438722252306482e-04
2.5540578215831836e-04
2.5642773126695675e-04
2.5745307481560514e-04
2.5848181772370035e-04
2.5951396486582667e-04
2.6054952106699527e-04
2.6158849110499775e-04
2.6263087971143984e-04
2.6367669156706312e-04
2.6472593130480785e-04
2.6577860350776187e-04
2.6683471270821571e-04
2.6789426338963678e-04
2.6895725998160651e-04
2.7002370686509742e-04
2.7109360836918454e-04
2.7216696876798462e-04
2.7324379228614544e-04
2.7432408309247962e-04
2.7540784530323331e-04
2.7649508298074709e-04
2.7758580013120381e-04
2.7868000070676999e-04
2.7977768860427954e-04
2.8087886766484213e-04
2.8198354167151030e-04
2.8309171435210451e-04
2.8420338937515995e-04
2.8531857035205975e-04
2.8643726083722862e-04
2.8755946432368855e-04
2.8868518424802944e-04
2.8981442398556622e-04
2.9094718685030493e-04
2.9208347609828580e-04
2.9322329492217691e-04
2.9436664645377165e-04
2.9551353376274143e-04
2.9666395985795588e-04
2.9781792768356020e-04
2.9897544011860165e-04
3.0013649998226935e-04
3.0130111002687625e-04
3.0246927294167835e-04
3.0364099134802276e-04
3.0481626780462403e-04
3.0599510480370026e-04
3.0717750476821302e-04
3.0836347005765955e-04
3.0955300296211889e-04
3.1074610570302889e-04
3.1194278043558758e-04
3.1314302924436343e-04
3.1434685414431166e-04
3.1555425708492080e-04
3.1676523994254293e-04
3.1797980452506541e-04
3.1919795257674710e-04
3.2041968573354206e-04
3.2164500561750360e-04
3.2287391373138363e-04
3.2410641155235633e-04
3.2534250041543912e-04
3.2658218164199540e-04
3.2782545646052786e-04
3.2907232602886555e-04
3.3032279141617145e-04
3.3157685363142855e-04
3.3283451361384249e-04
3.3409577219411043e-04
3.3536063016809987e-04
3.3662908822188620e-04
3.3790114699039256e-04
3.3917680701501201e-04
3.4045606875873752e-04
3.4173893262103721e-04
3.4302539890993829e-04
3.4431546785404683e-04
3.4560913960798308e-04
3.4690641424580131e-04
3.4820729176250203e-04
3.4951177206867136e-04
3.5081985499845814e-04
3.5213154030461750e-04
3.5344682764997470e-04
3.5476571662821027e-04
3.5608820674628216e-04
3.5741429742921425e-04
3.5874398801156424e-04
3.6007727775019284e-04
3.6141416582551403e-04
3.6275465132006295e-04
3.6409873324883522e-04
3.6544641052338212e-04
3.6679768198607035e-04
3.6815254638960946e-04
3.6951100239647136e-04
3.7087304858869847e-04
3.7223868346096984e-04
3.7360790542327279e-04
3.7498071278793525e-04
3.7635710379947695e-04
3.7773707660286045e-04
3.7912062925562405e-04
3.8050775973326722e-04
3.8189846591609648e-04
3.8329274560052666e-04
3.8469059649529975e-04
3.8609201622401068e-04
3.8749700231289374e-04
3.8890555219952687e-04
3.9031766323402965e-04
3.9173333267855095e-04
3.9315255770873517e-04
3.9457533540336939e-04
3.9600166275023083e-04
3.9743153665227916e-04
3.9886495391958928e-04
4.0030191126708028e-04
4.0174240532180408e-04
4.0318643262258976e-04
4.0463398960969139e-04
4.0608507263343365e-04
4.0753967796012489e-04
4.0899780175157282e-04
4.1045944008617763e-04
4.1192458894772987e-04
4.1339324422431391e-04
4.1486540171583697e-04
4.1634105712645437e-04
4.1782020606631799e-04
4.1930284405381120e-04
4.2078896651703536e-04
4.2227856878543704e-04
4.2377164609569635e-04
4.2526819359696633e-04
4.2676820633640061e-04
4.2827167927284834e-04
4.2977860726797952e-04
4.3128898509111669e-04
4.3280280741804587e-04
4.3432006882678843e-04
4.3584076380592763e-04
4.3736488674749995e-04
4.3889243194919643e-04
4.4042339361611969e-04
4.4195776585405892e-04
4.4349554267838700e-04
4.4503671801228971e-04
4.4658128568025727e-04
4.4812923941302881e-04
4.4968057284869366e-04
4.5123527952622050e-04
4.5279335289213267e-04
4.5435478630556322e-04
4.5591957302188867e-04
4.5748770620598786e-04
4.5905917893085380e-04
4.6063398416779972e-04
4.6221211479827260e-04
4.6379356361295350e-04
4.6537832330342750e-04
4.6696638646641950e-04
4.6855774560953590e-04
4.7015239314195507e-04
4.7175032138001478e-04
4.7335152255115437e-04
4.7495598878164998e-04
4.7656371210921925e-04
4.7817468447767522e-04
4.7978889773383164e-04
4.8140634363647066e-04
4.8302701384786260e-04
4.8465089993888306e-04
4.8627799338712974e-04
4.8790828557772564e-04
4.8954176780493662e-04
4.9117843126928156e-04
4.9281826708010305e-04
4.9446126625444511e-04
4.9610741971672337e-04
4.9775671830023399e-04
4.9940915274915537e-04
5.0106471371583921e-04
5.0272339175981519e-04
5.0438517735447669e-04
5.0605006087823937e-04
5.0771803261965578e-04
5.0938908278418929e-04
5.1106320147967579e-04
5.1274037872826958e-04
5.1442060446615738e-04
5.1610386853479114e-04
5.1779016068940109e-04
5.1947947059893839e-04
5.2117178784431817e-04
5.2286710191771970e-04
5.2456540222672692e-04
5.2626667808956579e-04
5.2797091873653412e-04
5.2967811331540828e-04
5.3138825088646735e-04
5.3310132042472540e-04
5.3481731082167378e-04
5.3653621088067414e-04
5.3825800932337292e-04
5.3998269478814081e-04
5.4171025582810137e-04
5.4344068091468582e-04
5.4517395843495220e-04
5.4691007669598740e-04
5.4864902392021012e-04
5.5039078824920342e-04
5.5213535774671218e-04
5.5388272039082111e-04
5.5563286408267414e-04
5.5738577664511571e-04
5.5914144581767789e-04
5.6089985926452640e-04
5.6266100457113644e-04
5.6442486924353024e-04
5.6619144070998886e-04
5.6796070632423570e-04
5.6973265336271656e-04
5.7150726902420142e-04
5.7328454043750038e-04
5.7506445465136660e-04
5.7684699864093936e-04
5.7863215931063514e-04
5.8041992348800979e-04
5.8221027793043702e-04
5.8400320932279763e-04
5.8579870427840871e-04
5.8759674933811208e-04
5.8939733097350150e-04
5.9120043558597642e-04
5.9300604950652321e-04
5.9481415899439159e-04
5.9662475024017080e-04
5.9843780937704938e-04
6.0025332245710597e-04
6.0207127548625038e-04
6.0389165440599625e-04
6.0571444505949201e-04
6.0753963325826661e-04
6.0936720472815032e-04
6.1119714515599991e-04
6.1302944014465061e-04
6.1486407524443580e-04
6.1670103593956067e-04
6.1854030765943243e-04
6.2038187577023556e-04
6.2222572557501436e-04
6.2407184232657960e-04
6.2592021121502613e-04
6.2777081737360276e-04
6.2962364587995537e-04
6.3147868175118999e-04
6.3333590994913466e-04
6.3519531539071145e-04
6.3705688293638145e-04
6.3892059738253934e-04
6.4078644348194785e-04
6.4265440593709122e-04
6.4452446940000253e-04
6.4639661846677089e-04
6.4827083767863474e-04
6.5014711154209827e-04
6.5202542451110995e-04
6.5390576098882348e-04
6.5578810533058998e-04
6.5767244185064699e-04
6.5955875482012598e-04
6.6144702845583167e-04
6.6333724693502598e-04
6.6522939440155713e-04
6.6712345494466022e-04
6.6901941261868214e-04
6.7091725143471044e-04
6.7281695536115316e-04
6.7471850833321996e-04
6.7662189424730877e-04
6.7852709696302003e-04
6.8043410029863154e-04
6.8234288803751967e-04
6.8425344392878480e-04
6.8616575168908497e-04
6.8807979499876742e-04
6.8999555750262479e-04
6.9191302282071315e-04
6.9383217454039648e-04
6.9575299621344681e-04
6.9767547136214303e-04
6.9959958348408111e-04
7.0152531604968831e-04
7.0345265249847314e-04
7.0538157624334421e-04
7.0731207067174773e-04
7.0924411914849894e-04
7.1117770501267445e-04
7.1311281157748578e-04
7.1504942213871292e-04
7.1698751996778561e-04
7.1892708831812729e-04
7.2086811041958629e-04
7.2281056948054763e-04
7.2475444869811510e-04
7.2669973124497042e-04
7.2864640027816641e-04
7.3059443894338792e-04
7.3254383036448496e-04
7.3449455765670546e-04
7.3644660392134336e-04
7.3839995224191958e-04
7.4035458569158457e-04
7.4231048733364462e-04
7.4426764022071537e-04
7.4622602738795454e-04
7.4818563186731916e-04
7.5014643668095565e-04
7.5210842484169094e-04
7.5407157935641141e-04
7.5603588330748614e-04
7.5800131967366786e-04
7.5996787128852750e-04
7.6193552136602960e-04
7.6390425275432976e-04
7.6587404857381472e-04
7.6784489168554295e-04
7.6981676512076188e-04
7.7178965193382338e-04
7.7376353507844803e-04
7.7573839748589467e-04
7.7771422225019361e-04
7.7969099233596794e-04
7.8166869072597957e-04
7.8364730046332702e-04
7.8562680451556115e-04
7.8760718601693814e-04
7.8958842789374672e-04
7.9157051322576745e-04
7.9355342507662918e-04
7.9553714648865868e-04
7.9752166053691773e-04
7.9950695030827311e-04
8.0149299891041045e-04
8.0347978941325900e-04
8.0546730494752440e-04
8.0745552867510901e-04
8.0944444375323347e-04
8.1143403333211895e-04
8.1342428060293930e-04
8.1541516878550413e-04
8.1740668109879847e-04
8.1939880074611182e-04
8.2139151098681090e-04
8.2338479517334799e-04
8.2537863653808991e-04
8.2737301842139056e-04
8.2936792418425887e-04
8.3136333716810767e-04
8.3335924081229284e-04
8.3535561850400623e-04
8.3735245368504545e-04
8.3934972985907008e-04
8.4134743047402350e-04
8.4334553905694547e-04
8.4534403918970936e-04
8.4734291442224502e-04
8.4934214839698101e-04
8.5134172474662494e-04
8.5334162713387562e-04
8.5534183926098007e-04
8.5734234486244023e-04
8.5934312772927880e-04
8.6134417163557641e-04
8.6334546040729742e-04
8.6534697791278072e-04
8.6734870807403256e-04
8.6935063484922545e-04
8.7135274218863904e-04
8.7335501410625905e-04
8.7535743466621177e-04
8.7735998794723712e-04
8.7936265808204531e-04
8.8136542921456195e-04
8.8336828551075581e-04
8.8537121131209795e-04
8.8737419083975027e-04
8.8937720836799821e-04
8.9138024844488759e-04
8.9338329537864373e-04
8.9538633369022982e-04
8.9738934782147709e-04
8.9939232234699474e-04
9.0139524187856854e-04
9.0339809102537769e-04
9.0540085443500192e-04
9.0740351684726397e-04
9.0940606311220207e-04
9.1140847804047314e-04
9.1341074645553424e-04
9.1541285333471224e-04
9.1741478363628311e-04
9.1941652238917038e-04
9.2141805466287700e-04
9.2341936555951287e-04
9.2542044024927187e-04
9.2742126398244126e-04
9.2942182202193147e-04
9.3142209967494376e-04
9.3342208234037361e-04
9.3542175549914293e-04
9.3742110465432158e-04
9.3942011521599218e-04
9.4141877290025429e-04
9.4341706331025927e-04
9.4541497216944737e-04
9.4741248523940564e-04
9.4940958831486212e-04
9.5140626734226542e-04
9.5340250822792015e-04
9.5539829689582551e-04
9.5739361944542124e-04
9.5938846199127253e-04
9.6138281068147550e-04
9.6337665174225050e-04
9.6536997144513223e-04
9.6736275614316787e-04
9.6935499221479900e-04
9.7134666610229679e-04
9.7333776438356633e-04
9.7532827362584607e-04
9.7731818045569880e-04
9.7930747161361926e-04
9.8129613383346275e-04
9.8328415392287560e-04
9.8527151876573959e-04
9.8725821533554060e-04
9.8924423067481000e-04
9.9122955181911616e-04
9.9321416590678426e-04
9.9519983990320254e-04
9.9722859976027678e-04
9.9925663309309424e-04
1.0012839268017913e-03
1.0033104678130553e-03
1.0053362431373268e-03
1.0073612399367842e-03
1.0093854453526680e-03
1.0114088466462142e-03
1.0134314310610434e-03
1.0154531860067295e-03
1.0174740989099178e-03
1.0194941572824862e-03
1.0215133486778255e-03
1.0235316607797034e-03
1.0255490813143500e-03
1.0275655980570078e-03
1.0295811988652256e-03
1.0315958716333087e-03
1.0336096044013792e-03
1.0356223851952164e-03
1.0376342022129362e-03
1.0396450437008189e-03
1.0416548978209581e-03
1.0436637529974051e-03
1.0456715977187592e-03
1.0476784203187399e-03
1.0496842094539546e-03
1.0516889537067549e-03
1.0536926418659902e-03
1.0556952626525253e-03
1.0576968048898717e-03
1.0596972575442549e-03
1.0616966095859557e-03
1.0636948501090342e-03
1.0656919682092037e-03
1.0676879531477293e-03
1.0696827942074105e-03
1.0716764807004054e-03
1.0736690020831041e-03
1.0756603478164783e-03
1.0776505074991901e-03
1.0796394708054333e-03
1.0816272274226585e-03
1.0836137671462254e-03
1.0855990798385650e-03
1.0875831554383558e-03
1.0895659839835305e-03
1.0915475554923726e-03
1.0935278601497138e-03
1.0955068882101714e-03
1.0974846299329662e-03
1.0994610757062069e-03
1.1014362159618325e-03
1.1034100412343918e-03
1.1053825420992685e-03
1.1073537092319724e-03
1.1093235333651038e-03
1.1112920053063949e-03
1.1132591159407357e-03
1.1152248561745281e-03
1.1171892170581447e-03
1.1191521896794178e-03
1.1211137652191467e-03
1.1230739349220964e-03
1.1250326900893361e-03
1.1269900220977299e-03
1.1289459224082337e-03
1.1309003825512945e-03
1.1328533941139629e-03
1.1348049487644827e-03
1.1367550382423775e-03
1.1387036543571824e-03
1.1406507890061397e-03
1.1425964341269346e-03
1.1445405817229345e-03
1.1464832239181228e-03
1.1484243528752567e-03
1.1503639608353271e-03
1.1523020400777354e-03
1.1542385829713178e-03
1.1561735819859797e-03
1.1581070295864121e-03
1.1600389183850561e-03
1.1619692410503389e-03
1.1638979902762259e-03
1.1658251588715688e-03
1.1677507396740696e-03
1.1696747256036443e-03
1.1715971096764196e-03
1.1735178849433660e-03
1.1754370445374138e-03
1.1773545816300668e-03
1.1792704894807461e-03
1.1811847614641507e-03
1.1830973909327540e-03
1.1850083713630605e-03
1.1869176962449495e-03
1.1888253592464131e-03
1.1907313539863983e-03
1.1926356741743416e-03
1.1945383136033629e-03
1.1964392661234394e-03
1.1983385256415671e-03
1.2002360861547577e-03
1.2021319417082250e-03
1.2040260864240101e-03
1.2059185144544348e-03
1.2078092200259040e-03
1.2096981974457546e-03
1.2115854410504334e-03
1.2134709452894128e-03
1.2153547046140794e-03
1.2172367135712080e-03
1.2191169667605049e-03
1.2209954588548058e-03
1.2228721845757599e-03
1.2247471386969914e-03
1.2266203160680280e-03
1.2284917115696181e-03
1.2303613201862301e-03
1.2322291369267261e-03
1.2340951568379727e-03
1.2359593750574918e-03
1.2378217867766569e-03
1.2396823872683109e-03
1.2415411717808735e-03
1.2433981357272809e-03
1.2452532744688959e-03
1.2471065835025559e-03
1.2489580583108840e-03
1.2508076944766685e-03
1.2526554876449107e-03
1.2545014334854276e-03
1.2563455277194305e-03
1.2581877661509960e-03
1.2600281446220587e-03
1.2618666590063071e-03
1.2637033052432887e-03
1.2655380793384083e-03
1.2673709773371442e-03
1.2692019953119697e-03
1.2710311294181840e-03
1.2728583758435295e-03
1.2746837308219836e-03
1.2765071906517254e-03
1.2783287516853331e-03
1.2801484103098758e-03
1.2819661629442625e-03
1.2837820060819648e-03
1.2855959362338895e-03
1.2874079499945095e-03
1.2892180439775971e-03
1.2910262148454685e-03
1.2928324593280917e-03
1.2946367741883066e-03
1.2964391562187529e-03
1.2982396022846619e-03
1.3000381092991436e-03
1.3018346741756246e-03
1.3036292939189020e-03
1.3054219655556762e-03
1.3072126861632407e-03
1.3090014528741353e-03
1.3107882628344938e-03
1.3125731132669588e-03
1.3143560014277742e-03
1.3161369246241920e-03
1.3179158801979532e-03
1.3196928655366464e-03
1.3214678780746716e-03
1.3232409152709134e-03
1.3250119746492446e-03
1.3267810537816469e-03
1.3285481502809525e-03
1.3303132617931051e-03
1.3320763860229930e-03
1.3338375207202653e-03
1.3355966636558123e-03
1.3373538126709033e-03
1.3391089656513840e-03
1.3408621205089533e-03
1.3426132752164402e-03
1.3443624277838424e-03
1.3461095762709384e-03
1.3478547187884388e-03
1.3495978534926723e-03
1.3513389785799006e-03
1.3530780923044731e-03
1.3548151929691059e-03
1.3565502788906517e-03
1.3582833484739962e-03
1.3600144001521197e-03
1.3617434323984535e-03
1.3634704437697901e-03
1.3651954328349595e-03
1.3669183982324374e-03
1.3686393386458031e-03
1.3703582528067451e-03
1.3720751395031243e-03
1.3737899975530988e-03
1.3755028258493618e-03
1.3772136233147036e-03
1.3789223889346613e-03
1.3806291217506796e-03
1.3823338208390939e-03
1.3840364853421915e-03
1.3857371144452039e-03
1.3874357073950130e-03
1.3891322634785902e-03
1.3908267820373821e-03
1.3925192624731095e-03
1.3942097042083310e-03
1.3958981067446355e-03
1.3975844696352752e-03
1.3992687924694327e-03
1.4009510749076279e-03
1.4026313166453470e-03
1.4043095174275481e-03
1.4059856770558320e-03
1.4076597953754982e-03
1.4093318722813901e-03
1.4110019077180752e-03
1.4126699016831262e-03
1.4143358542021041e-03
1.4159997653736941e-03
1.4176616353318979e-03
1.4193214642460022e-03
1.4219144501485083e-03
1.4247946829465776e-03
1.4276740800066531e-03
1.4305526302859984e-03
1.4334303227160729e-03
1.4363071462379781e-03
1.4391830897636131e-03
1.4420581421123561e-03
1.4449323007712166e-03
1.4478055484804647e-03
1.4506778694161741e-03
1.4535492545495101e-03
1.4564196922886830e-03
1.4592891724124980e-03
1.4621576798244209e-03
1.4650252058877344e-03
1.4678917361533742e-03
1.4707572600166224e-03
1.4736217640763691e-03
1.4764852363424146e-03
1.4793476642282644e-03
1.4822090343024395e-03
1.4850693339692226e-03
1.4879285497495687e-03
1.4907866680601153e-03
1.4936436749611126e-03
1.4964995560291592e-03
1.4993542972763314e-03
1.5022078845064678e-03
1.5050603038690106e-03
1.5079115400499538e-03
1.5107615760127997e-03
1.5136103958083556e-03
1.5164579846931991e-03
1.5193043272363244e-03
1.5221494068112338e-03
1.5249932053433980e-03
1.5278357057245948e-03
1.5306768921390826e-03
1.5335167453411364e-03
1.5363552493894621e-03
1.5391923736463981e-03
1.5420281412440015e-03
1.5448716807524925e-03
1.5477221645717474e-03
1.5505646541668671e-03
1.5534093142848273e-03
1.5562574289826846e-03
1.5591017046545010e-03
1.5619454034752750e-03
1.5647876672978168e-03
1.5676291835954430e-03
1.5704690979717055e-03
1.5733070974661150e-03
1.5761444226109719e-03
1.5789794660917183e-03
1.5818132408466185e-03
1.5846450849143334e-03
1.5874758714241575e-03
1.5903051297391458e-03
1.5931319844781900e-03
1.5959570224564972e-03
1.5987794652141615e-03
1.6016002620167365e-03
1.6044199093522545e-03
1.6072380096730787e-03
1.6100527476578723e-03
1.6128641645546608e-03
1.6156743804495825e-03
1.6184842052435011e-03
1.6212906075406942e-03
1.6240953895253324e-03
1.6268963008474933e-03
1.6296964221554186e-03
1.6324944368195258e-03
1.6352887142737011e-03
1.6380826038518820e-03
1.6408725925647972e-03
1.6436611515888793e-03
1.6464473728769493e-03
1.6492304663271473e-03
1.6520120495201413e-03
1.6547899177770122e-03
1.6575658135602907e-03
1.6603394464172530e-03
1.6631109215420352e-03
1.6658801259474896e-03
1.6686463318359582e-03
1.6714098551259412e-03
1.6741705529466522e-03
1.6769295781482779e-03
1.6796866670020379e-03
1.6824409591017484e-03
1.6851921283264266e-03
1.6879407227785716e-03
1.6906876133828419e-03
1.6934318578061972e-03
1.6961734147643364e-03
1.6989125134376430e-03
1.7016495531680267e-03
1.7043840608214047e-03
1.7071154477064298e-03
1.7098453696470278e-03
1.7125720845108309e-03
1.7152964533596012e-03
1.7180189590942794e-03
1.7207386482998681e-03
1.7234570910305445e-03
1.7261719248223256e-03
1.7288844933123374e-03
1.7315954709733884e-03
1.7343036351807467e-03
1.7370105465057740e-03
1.7397149104681031e-03
1.7424168055552335e-03
1.7451164225939419e-03
1.7478138111953864e-03
1.7505097364389295e-03
1.7532034680799535e-03
1.7558949983252925e-03
1.7585844236268110e-03
1.7612720258339226e-03
1.7639576856390302e-03
1.7666410818720747e-03
1.7693226105129252e-03
1.7720023817569322e-03
1.7746804687139904e-03
1.7773566752434151e-03
1.7800311002758083e-03
1.7827037371206374e-03
1.7853745195352325e-03
1.7880434936494512e-03
1.7907109292050018e-03
1.7933774859445347e-03
1.7960418603767615e-03
1.7987043812213480e-03
1.8013656371960853e-03
1.8040249518050866e-03
1.8066834509670039e-03
1.8093401688175270e-03
1.8119953872398902e-03
1.8146498115592124e-03
1.8173024806632230e-03
1.8199542553690086e-03
1.8226046731682829e-03
1.8252560040042771e-03
1.8279137753887109e-03
1.8305699831295699e-03
1.8332286011311879e-03
1.8358914767556966e-03
1.8385512734467549e-03
1.8412127287599663e-03
1.8438830053625985e-03
1.8465600679586683e-03
1.8492438761614348e-03
1.8519346522880341e-03
1.8546229679718897e-03
1.8573148042096172e-03
1.8600044271228225e-03
1.8626909645447565e-03
1.8653827151917947e-03
1.8680723105108483e-03
1.8707638540281367e-03
1.8734524795147626e-03
1.8761391891320232e-03
1.8788285104460506e-03
1.8815154976114304e-03
1.8842015195390228e-03
1.8868869996158364e-03
1.8895706893984942e-03
1.8922539842012960e-03
1.8949363559103911e-03
1.8976167307783098e-03
1.9002950010983328e-03
1.9029734911011537e-03
1.9056504366541621e-03
1.9083256941456908e-03
1.9110006882650256e-03
1.9136752221165835e-03
1.9163465329171002e-03
1.9190162504573601e-03
1.9216841293040968e-03
1.9243500722298330e-03
1.9270153307354148e-03
1.9296791142838889e-03
1.9323425019283718e-03
1.9350059860703513e-03
1.9376657926491784e-03
1.9403231955810844e-03
1.9429807488031575e-03
1.9456360756302238e-03
1.9482916238736648e-03
1.9509458636963431e-03
1.9535963406175504e-03
1.9562450928804508e-03
1.9588928635408888e-03
1.9615411435625835e-03
1.9641897389157605e-03
1.9668360368876245e-03
1.9694795618362551e-03
1.9721214223573647e-03
1.9747621075377536e-03
1.9774019992107625e-03
1.9800412939283266e-03
1.9826797162253913e-03
1.9853161070626721e-03
1.9879513738895755e-03
1.9905862477834443e-03
1.9932210968358795e-03
1.9958562346603526e-03
1.9984880614120275e-03
2.0011185063646608e-03
2.0037493544512184e-03
2.0063784151764393e-03
2.0090068938364730e-03
2.0116337587168919e-03
2.0142593407462151e-03
2.0168852034580355e-03
2.0195098796038256e-03
2.0221340015208022e-03
2.0247572938353661e-03
2.0273784029872901e-03
2.0299982704253148e-03
2.0326169273995128e-03
2.0352343523667386e-03
2.0378514828038128e-03
2.0404685195444219e-03
2.0430842651272857e-03
2.0456980191230355e-03
2.0483104930416047e-03
2.0509221575037606e-03
2.0535333119077672e-03
2.0561432816088316e-03
2.0587517676310123e-03
2.0613586207195497e-03
2.0639638639829618e-03
2.0665700463864049e-03
2.0691837180433605e-03
2.0718079748443209e-03
2.0744343055745804e-03
2.0770614273692522e-03
2.0796913693339508e-03
2.0823177740248605e-03
2.0849496289287888e-03
2.0875821507009939e-03
2.0902165709159354e-03
2.0928546349016875e-03
2.0954920908977082e-03
2.0981315863000628e-03
2.1007772155131215e-03
2.1034192557890098e-03
2.1060604884735579e-03
2.1087010908877168e-03
2.1113413143922250e-03
2.1139807361551240e-03
2.1166182331069385e-03
2.1192538013829693e-03
2.1218876433538136e-03
2.1245201214996675e-03
2.1271509362500002e-03
2.1297813380181749e-03
2.1324103193496925e-03
2.1350363943700820e-03
2.1376620682971681e-03
2.1402827417681689e-03
2.1429021015192556e-03
2.1455225634247239e-03
2.1481411367047457e-03
2.1507569640063675e-03
2.1533679567597589e-03
2.1559767774127496e-03
2.1585862810172178e-03
2.1611934025829245e-03
2.1637985888106983e-03
2.1664028061853446e-03
2.1690029275755638e-03
2.1716000970599626e-03
2.1741948419537727e-03
2.1767895980198283e-03
2.1793842881158128e-03
2.1819756336885028e-03
2.1845635741007370e-03
2.1871491049404918e-03
2.1897334856318300e-03
2.1923174328598192e-03
2.1949001477580277e-03
2.1974803020167440e-03
2.2000582064027343e-03
2.2026343091237897e-03
2.2052088951727668e-03
2.2077823043936125e-03
2.2103545811183057e-03
2.2129256453927507e-03
2.2154950063985423e-03
2.2180630718792167e-03
2.2206289395829458e-03
2.2231939636349171e-03
2.2257582916767327e-03
2.2283196767411526e-03
2.2308799806515433e-03
2.2334397793138403e-03
2.2359994150038453e-03
2.2385589869045527e-03
2.2411154711998848e-03
2.2436707937660977e-03
2.2462260818870796e-03
2.2487794803582582e-03
2.2513336053193891e-03
2.2538879006739230e-03
2.2564449422687247e-03
2.2590061076825782e-03
2.2615694678700697e-03
2.2641382958767994e-03
2.2667073776320708e-03
2.2692788841029584e-03
2.2718510435386441e-03
2.2744276148645918e-03
2.2770063304014205e-03
2.2795950016483613e-03
2.2821908732521567e-03
2.2847866578648850e-03
2.2873984044556894e-03
2.2899960024908637e-03
2.2926056067258788e-03
2.2952100505579686e-03
2.2978240714593059e-03
2.3004353329615702e-03
2.3030479436801530e-03
2.3056593464876956e-03
2.3082703886797454e-03
2.3108835143949621e-03
2.3134988179837140e-03
2.3161147104303662e-03
2.3187332306843205e-03
2.3213551665660207e-03
2.3239715655411237e-03
2.3265948319968182e-03
2.3292233549431387e-03
2.3318496208375493e-03
2.3344785483469994e-03
2.3371051145215211e-03
2.3397333941502958e-03
2.3423628943682975e-03
2.3449927966472123e-03
2.3476222619964690e-03
2.3502472371275808e-03
2.3528763899972119e-03
2.3555047210207128e-03
2.3581327869329023e-03
2.3607612228665506e-03
2.3633882220152652e-03
2.3660159224681101e-03
2.3686440757633271e-03
2.3712712566518056e-03
2.3739011851411237e-03
2.3765275080420210e-03
2.3791522314272799e-03
2.3817775699000615e-03
2.3844035608534360e-03
2.3870318876809652e-03
2.3896587885342247e-03
2.3922878073972232e-03
2.3949153248013625e-03
2.3975422725272741e-03
2.4001715073213160e-03
2.4027984614267070e-03
2.4054273584235425e-03
2.4080567831854835e-03
2.4106867188874916e-03
2.4133179215474654e-03
2.4159469730335613e-03
2.4185768800717802e-03
2.4212090017919209e-03
2.4238422417291882e-03
2.4264760332930882e-03
2.4291091289203241e-03
2.4317411607988814e-03
2.4343740268801357e-03
2.4370087039606906e-03
2.4396448537289269e-03
2.4422839186653464e-03
2.4449242310651781e-03
2.4475647536769439e-03
2.4502081207981061e-03
2.4528521192521044e-03
2.4554973578277775e-03
2.4581431599566446e-03
2.4607895510615476e-03
2.4634389650419935e-03
2.4660965581774297e-03
2.4687595010758259e-03
2.4714251372510592e-03
2.4741029759366442e-03
2.4767688043244194e-03
2.4794470533544681e-03
2.4821228969264001e-03
2.4848051972910204e-03
2.4874848340698339e-03
2.4901691275879831e-03
2.4928563017321587e-03
2.4955454754758393e-03
2.4982374391638493e-03
2.5009306308363607e-03
2.5036259319900995e-03
2.5063204370548492e-03
2.5090180792191300e-03
2.5117229480213486e-03
2.5144304557908311e-03
2.5171442819565079e-03
2.5198615421795707e-03
2.5225798552121681e-03
2.5253024938707465e-03
2.5280280651926333e-03
2.5307555375853248e-03
2.5334871533029949e-03
2.5362171455239092e-03
2.5389478820071775e-03
2.5416818248019599e-03
2.5444142431417425e-03
2.5471504690082994e-03
2.5498867662999956e-03
2.5526259400826257e-03
2.5553675367982480e-03
2.5581111972080742e-03
2.5608553606262323e-03
2.5636004132484095e-03
2.5663505975284397e-03
2.5691040430957969e-03
2.5718611430380223e-03
2.5746166787039620e-03
2.5773744454123475e-03
2.5801361116675986e-03
2.5828975711033914e-03
2.5856602367249526e-03
2.5884257285700347e-03
2.5911895237597259e-03
2.5939541972507048e-03
2.5967196188796237e-03
2.5994847130376172e-03
2.6022507277218077e-03
2.6050179319108513e-03
2.6077870764396921e-03
2.6105574289167167e-03
2.6133298928822796e-03
2.6161022811346194e-03
2.6188731370606752e-03
2.6216436425097697e-03
2.6244147239623777e-03
2.6271895490702891e-03
2.6299651591602988e-03
2.6327399549109357e-03
2.6355169439710819e-03
2.6382946787430243e-03
2.6410762446318434e-03
2.6438578655054164e-03
2.6466391325339444e-03
2.6494224769946268e-03
2.6522051318074763e-03
2.6549877782072666e-03
2.6577711818005618e-03
2.6605572954700317e-03
2.6633453565992125e-03
2.6661336166166867e-03
2.6689236465046989e-03
2.6717139469817274e-03
2.6745094676073880e-03
2.6773104391258720e-03
2.6801144398822842e-03
2.6829246056327108e-03
2.6857345866337836e-03
2.6885484705892527e-03
2.6913638940525919e-03
2.6941780067917570e-03
2.6969965825891459e-03
2.6998165156345223e-03
2.7026397680784912e-03
2.7054631180078370e-03
2.7082854998753281e-03
2.7111108861788049e-03
2.7139378186334922e-03
2.7167654723338638e-03
2.7195973799329586e-03
2.7224320916872250e-03
2.7252684957217123e-03
2.7281061873635701e-03
2.7309442132592513e-03
2.7337835171207907e-03
2.7366242843782618e-03
2.7394662557707508e-03
2.7423088068119312e-03
2.7451550661985063e-03
2.7480040484209713e-03
2.7508526408208519e-03
2.7537026708974598e-03
2.7565547350618591e-03
2.7594085705122751e-03
2.7622671063233543e-03
2.7651308660501372e-03
2.7679997948715893e-03
2.7708760282521079e-03
2.7737532286775664e-03
2.7766332690535443e-03
2.7795202956165917e-03
2.7824173118447993e-03
2.7853250495032834e-03
2.7882361433366845e-03
2.7911532183782220e-03
2.7940747077870496e-03
2.7969960597284131e-03
2.7999307425971539e-03
2.8028748491343912e-03
2.8058203136707579e-03
2.8087716185099276e-03
2.8117287388305088e-03
2.8146896814583077e-03
2.8176518360496254e-03
2.8206192459036342e-03
2.8235904626232231e-03
2.8265656920297456e-03
2.8295409729578078e-03
2.8325190624781554e-03
2.8355047552641667e-03
2.8384924093710945e-03
2.8414832440320395e-03
2.8444788625454570e-03
2.8474805976477701e-03
2.8504834924201355e-03
2.8534861499979452e-03
2.8564934481170108e-03
2.8595049032048877e-03
2.8625244293818634e-03
2.8655537317649957e-03
2.8685885088256266e-03
2.8716327535013575e-03
2.8746798448649876e-03
2.8777293001466726e-03
2.8807879045246072e-03
2.8838479335584390e-03
2.8869122022195876e-03
2.8899813483520683e-03
2.8930538049513612e-03
2.8961303229015785e-03
2.8992101473129923e-03
2.9022950571321602e-03
2.9053867272781754e-03
2.9084817546762591e-03
2.9115794202463434e-03
2.9146806880730354e-03
2.9177835033646266e-03
2.9208884339927896e-03
2.9240000722630987e-03
2.9271194817039876e-03
2.9302427173857185e-03
2.9333700535235617e-03
2.9365016352884809e-03
2.9396363744426082e-03
2.9427765653676267e-03
2.9459181660517779e-03
2.9490642884239440e-03
2.9522156647715380e-03
2.9553697259840227e-03
2.9585276621944719e-03
2.9616905988769241e-03
2.9648568084115826e-03
2.9680276935025863e-03
2.9712038801008134e-03
2.9743842916614403e-03
2.9775678982922492e-03
2.9807535226326811e-03
2.9839422087071287e-03
2.9871357574043408e-03
2.9903345545601147e-03
2.9935383923791860e-03
2.9967480392911966e-03
2.9999613548382649e-03
3.0031779443451386e-03
3.0064008468804150e-03
3.0096327434355695e-03
3.0128711857961288e-03
3.0161183937744253e-03
3.0193729797489601e-03
3.0226293170662485e-03
3.0258940240131807e-03
3.0291657046659240e-03
3.0324429776934555e-03
3.0357269113845471e-03
3.0390156542572330e-03
3.0423109920705892e-03
3.0456105623863513e-03
3.0489152117122568e-03
3.0522293759711592e-03
3.0555470923298612e-03
3.0588743022985027e-03
3.0622106960369001e-03
3.0655519691967317e-03
3.0688973361324310e-03
3.0722459888362641e-03
3.0756051252748503e-03
3.0789759605008796e-03
3.0823476526909322e-03
3.0857291307713969e-03
3.0891225742629620e-03
3.0925222897199654e-03
3.0959323689808702e-03
3.0993518533174507e-03
3.1027767708892194e-03
3.1062089254511550e-03
3.1096453993696687e-03
3.1130871374795877e-03
3.1165360583878345e-03
3.1199880731504117e-03
3.1234474650610219e-03
3.1269125727230070e-03
3.1303831783832626e-03
3.1338615881891670e-03
3.1373450724846829e-03
3.1408316689453984e-03
3.1443248085090279e-03
3.1478242937266849e-03
3.1513321159975828e-03
3.1548469293165510e-03
3.1583676064819467e-03
3.1618982559354883e-03
3.1654316021950029e-03
3.1689765502395371e-03
3.1725246105697414e-03
3.1760841227562280e-03
3.1796468675793351e-03
3.1832153463953010e-03
3.1867867592400741e-03
3.1903647516503078e-03
3.1939488141526427e-03
3.1975401635936807e-03
3.2011376575197237e-03
3.2047409846578606e-03
3.2083524344603816e-03
3.2119690024514490e-03
3.2155893881562910e-03
3.2192160433956499e-03
3.2228468661782304e-03
3.2264855143534642e-03
3.2301296686664195e-03
3.2337787012885382e-03
3.2374363018221964e-03
3.2410991618489404e-03
3.2447701702116730e-03
3.2484462651643418e-03
3.2521280068895757e-03
3.2558164105372400e-03
3.2595107146181799e-03
3.2632117226463354e-03
3.2669182745183739e-03
3.2706318650733983e-03
3.2743537642568573e-03
3.2780827264126330e-03
3.2818205856377371e-03
3.2855666039661780e-03
3.2893223965164468e-03
3.2930890854543727e-03
3.2968685986379332e-03
3.3006575125514863e-03
3.3044521147958372e-03
3.3082602738746499e-03
3.3120833287300483e-03
3.3159167950439746e-03
3.3197651549397179e-03
3.3236306365877957e-03
3.3275005097913504e-03
3.3313790954747325e-03
3.3352708959194580e-03
3.3391676422290109e-03
3.3430742404214650e-03
3.3469902451087430e-03
3.3509174940953047e-03
3.3548565516800374e-03
3.3588002479053997e-03
3.3627577943863081e-03
3.3667274197951764e-03
3.3707034712381601e-03
3.3746892804315579e-03
3.3786847599511292e-03
3.3826890371148974e-03
3.3867009736189696e-03
3.3907209371145854e-03
3.3947508486389458e-03
3.3987909882943522e-03
3.4028416958416670e-03
3.4069003711179840e-03
3.4109677653165866e-03
3.4150419794402743e-03
3.4191237298000572e-03
3.4232171111963296e-03
3.4273197817460302e-03
3.4314322261141013e-03
3.4355535462396000e-03
3.4396844479316537e-03
3.4438255845250770e-03
3.4479754408483273e-03
3.4521347164579849e-03
3.4563032291131802e-03
3.4604822244587849e-03
3.4646700325640192e-03
3.4688671461309329e-03
3.4730746122832537e-03
3.4772915157992939e-03
3.4815189739733628e-03
3.4857575274563667e-03
3.4900075555242636e-03
3.4942685365206153e-03
3.4985384495594503e-03
3.5028172107629311e-03
3.5071071038421742e-03
3.5114077548974872e-03
3.5157199219674742e-03
3.5200451893115611e-03
3.5243818348815147e-03
3.5287292904085704e-03
3.5330881612715584e-03
3.5374581816200778e-03
3.5418402760037156e-03
3.5462350419913570e-03
3.5506407574008702e-03
3.5550581905386815e-03
3.5594881327945544e-03
3.5639301998780528e-03
3.5683870561856079e-03
3.5728593840015231e-03
3.5773486025872125e-03
3.5818541940280928e-03
3.5863764764996397e-03
3.5909195670938954e-03
3.5954709448896330e-03
3.6000479200042411e-03
3.6046332897489543e-03
3.6092406064795091e-03
3.6138608881893454e-03
3.6185020877344330e-03
3.6231595001149867e-03
3.6278356124346514e-03
3.6325245898249296e-03
3.6372277531700084e-03
3.6419472799392220e-03
3.6466822652344659e-03
3.6514329550500824e-03
3.6561974017331393e-03
3.6609772564233822e-03
3.6657728531150945e-03
3.6705827137176873e-03
3.6754126546659346e-03
3.6802603768992209e-03
3.6851199606744837e-03
3.6900040449025957e-03
3.6948973810150810e-03
3.6998098648059886e-03
3.7047351717555727e-03
3.7096801108477849e-03
3.7146415270804070e-03
3.7196181686490067e-03
3.7246095495893717e-03
3.7296164243267047e-03
3.7346399267540404e-03
3.7396775450008364e-03
3.7447302291367976e-03
3.7497996787828163e-03
3.7548863646844712e-03
3.7599937038405463e-03
3.7651156708754900e-03
3.7702544243071578e-03
3.7754117627195058e-03
3.7805829248073078e-03
3.7857720789875558e-03
3.7909766646046805e-03
3.7961979803084549e-03
3.8014369559984801e-03
3.8066928799285085e-03
3.8119647592458339e-03
3.8172543045285963e-03
3.8225636467741674e-03
3.8278901949355629e-03
3.8332343899254453e-03
3.8385938718722419e-03
3.8439706040171045e-03
3.8493651353562778e-03
3.8547773821206604e-03
3.8602085346489449e-03
3.8656582592137695e-03
3.8711263895063346e-03
3.8766115567740759e-03
3.8821153308736993e-03
3.8876388540793256e-03
3.8931815091731558e-03
3.8987420511638056e-03
3.9043209412752728e-03
3.9099188463833307e-03
3.9155396945212608e-03
3.9211844875623241e-03
3.9268491215756459e-03
3.9325369710538549e-03
3.9382460664497644e-03
3.9439743558914728e-03
3.9497241528074229e-03
3.9554941060316153e-03
3.9612846886906607e-03
3.9670962602443719e-03
3.9729315186847669e-03
3.9787896575869779e-03
3.9846718721897288e-03
3.9905825500951824e-03
3.9965146195438421e-03
4.0024702151740307e-03
4.0084471651624246e-03
4.0144477712989735e-03
4.0204731976139991e-03
4.0265219872543945e-03
4.0325924723059224e-03
4.0386884334845091e-03
4.0448065849842162e-03
4.0509503107997585e-03
4.0571205783283366e-03
4.0633161892214380e-03
4.0695391591476322e-03
4.0757867381085678e-03
4.0820578086815090e-03
4.0883624010907326e-03
4.0946920750487715e-03
4.1010519605121053e-03
4.1074337969013086e-03
4.1138497066674452e-03
4.1202889228604545e-03
4.1267548063097688e-03
4.1332483922702805e-03
4.1397674399294695e-03
4.1463139521327463e-03
4.1528872883400767e-03
4.1594880428648838e-03
4.1661174027150085e-03
4.1727749071650139e-03
4.1794615694523861e-03
4.1861757579612791e-03
4.1929208230549334e-03
4.1996918505440364e-03
4.2064928155017799e-03
4.2133226967961193e-03
4.2201808453374541e-03
4.2270739380475394e-03
4.2339948334669504e-03
4.2409511037308405e-03
4.2479373086505385e-03
4.2549548011294788e-03
4.2620042950984472e-03
4.2690847042626710e-03
4.2761981429290654e-03
4.2833406772734492e-03
4.2905161361774281e-03
4.2977262211154115e-03
4.3049676139673638e-03
4.3122452354301521e-03
4.3195547378856985e-03
4.3272014314580144e-03
4.3349699234010667e-03
4.3427793831765284e-03
4.3506261715638688e-03
4.3585136040947036e-03
4.3664404271604113e-03
4.3744061580736097e-03
4.3824112890566086e-03
4.3904539699129962e-03
4.3985369273872388e-03
4.4066571852788726e-03
4.4148192619729680e-03
4.4230250381594267e-03
4.4312713182092242e-03
4.4395594571796839e-03
4.4478900109488862e-03
4.4562621963545497e-03
4.4646776253523292e-03
4.4731343026692891e-03
4.4816330327548531e-03
4.4901771145360453e-03
4.4987665711744840e-03
4.5073995642435629e-03
4.5160769784383858e-03
4.5248029946836736e-03
4.5335752192331644e-03
4.5423960775889949e-03
4.5512632075699229e-03
4.5601809660911026e-03
4.5691452317207989e-03
4.5781611368791537e-03
4.5872251592850716e-03
4.5963407537371525e-03
4.6055080449759825e-03
4.6147292456200579e-03
4.6240043788537809e-03
4.6333328154401594e-03
4.6427130748398649e-03
4.6521485734616870e-03
4.6616392618117957e-03
4.6711818940285421e-03
4.6807824545702734e-03
4.6904378308428004e-03
4.7001522909745578e-03
4.7099240430337006e-03
4.7197532892936551e-03
4.7296413366865343e-03
4.7395887084857209e-03
4.7495938291050015e-03
4.7596585851209933e-03
4.7697842378247382e-03
4.7799649836697726e-03
4.7902032090219870e-03
4.8005045544853046e-03
4.8108692776582833e-03
4.8212929226473704e-03
4.8317820166838450e-03
4.8423297273450967e-03
4.8529449317282524e-03
4.8636237855029822e-03
4.8743633647480604e-03
4.8851684152047634e-03
4.8960419889833824e-03
4.9069824517498526e-03
4.9179953648381689e-03
4.9290779638426294e-03
4.9402347530100458e-03
4.9514609776545263e-03
4.9627597575817323e-03
4.9741344097769206e-03
4.9855847696171221e-03
4.9971086722863205e-03
5.0087089049700786e-03
5.0203864906419732e-03
5.0321436565018583e-03
5.0439818856899323e-03
5.0558991878149251e-03
5.0678990866602058e-03
5.0799761772959444e-03
5.0921327363876012e-03
5.1043771440175195e-03
5.1167059389070832e-03
5.1291191808175126e-03
5.1416192158086124e-03
5.1542082885928826e-03
5.1668876487831984e-03
5.1796548645736953e-03
5.1925125462939552e-03
5.2054622115331661e-03
5.2185018354832273e-03
5.2316352724075567e-03
5.2448635500399214e-03
5.2581862027524873e-03
5.2716068921513162e-03
5.2851263160023304e-03
5.2987477365811619e-03
5.3124707566654791e-03
5.3262969162157945e-03
5.3402265950350360e-03
5.3542607760997969e-03
5.3684027674548180e-03
5.3826527663434019e-03
5.3970108226678113e-03
5.4114809591547458e-03
5.4260619427296819e-03
5.4407570463554525e-03
5.4555692257818190e-03
5.4704972299497810e-03
5.4855436272617502e-03
5.5007088539340632e-03
5.5159922682467407e-03
5.5314000939856566e-03
5.5469315524473836e-03
5.5625868711299637e-03
5.5783684422915586e-03
5.5942775704100707e-03
5.6103178484874549e-03
5.6264899819815908e-03
5.6427970247712360e-03
5.6592387064519356e-03
5.6758174684165595e-03
5.6925349542035972e-03
5.7093934864175149e-03
5.7263974576504404e-03
5.7435425214090461e-03
5.7608330489217329e-03
5.7782757876737598e-03
5.7958675901854115e-03
5.8136137917948316e-03
5.8315151950466548e-03
5.8495739409700070e-03
5.8677942207712944e-03
5.8861755837455627e-03
5.9047219791888515e-03
5.9234353786541891e-03
5.9423163265212896e-03
5.9613699198626021e-03
5.9805979217358975e-03
5.9999999850017293e-03
6.0195788883025880e-03
6.0393438397629128e-03
6.0592920161846309e-03
6.0794260399690374e-03
6.0997562269402136e-03
6.1202772841804703e-03
6.1409992533973286e-03
6.1619184093922204e-03
6.1830437160914865e-03
6.2043781074195385e-03
6.2259211592222445e-03
6.2476737978867042e-03
6.2696427792667524e-03
6.2918322518149983e-03
6.3142464494475008e-03
6.3368864120399819e-03
6.3597594074445681e-03
6.3828704774590867e-03
6.4062250082943745e-03
6.4298227144195556e-03
6.4536704831522716e-03
6.4777720235252223e-03
6.5021266285054825e-03
6.5267494991544019e-03
6.5516455560332646e-03
6.5768140673707239e-03
6.6022632773819166e-03
6.6279988748957847e-03
6.6540237511648857e-03
6.6803465253204115e-03
6.7069664742539104e-03
6.7338940227008471e-03
6.7611365068271029e-03
6.7886958616822221e-03
6.8165802219825981e-03
6.8447960241566162e-03
6.8733490343185133e-03
6.9022470149254847e-03
6.9314961352130409e-03
6.9611033831865057e-03
6.9910750833902628e-03
7.0214162280816195e-03
7.0521356050883242e-03
7.0832412882735792e-03
7.1147402569526168e-03
7.1466413655690191e-03
7.1789554002412732e-03
7.2116866947774623e-03
7.2448454772143520e-03
7.2784410520338036e-03
7.3124812758893418e-03
7.3469772472606549e-03
7.3819354987632139e-03
7.4173672753278571e-03
7.4532838410687249e-03
7.4896957358403541e-03
7.5266123006422440e-03
7.5640459207172188e-03
7.6020087429481695e-03
7.6405111987264329e-03
7.6795656489076171e-03
7.7191834149662646e-03
7.7593777090928639e-03
7.8001621817864655e-03
7.8415482372788965e-03
7.8835535605627088e-03
7.9261931741217585e-03
7.9694791340316328e-03
8.0134297108963668e-03
8.0580594338042124e-03
8.1033840967715161e-03
8.1494219380359115e-03
8.1961894854933638e-03
8.2437062541713506e-03
8.2919902622171499e-03
8.3410597131930546e-03
8.3909384106289620e-03
8.4416441886475714e-03
8.4931958367463131e-03
8.5456237103658950e-03
8.5989458431380422e-03
8.6531846897616310e-03
8.7083697596908004e-03
8.7645235007055254e-03
8.8216722094207837e-03
8.8798420799653908e-03
8.9390706468489220e-03
8.9993861339986731e-03
9.0608215656160038e-03
9.1234010662635309e-03
9.1871661122389769e-03
9.2521478417583129e-03
9.3183896860111887e-03
9.3859248780224849e-03
9.4547979600827486e-03
9.5250457745049612e-03
9.5967148841085721e-03
9.6698524869200941e-03
9.7445036045249421e-03
9.8207189078301955e-03
9.8985473251603315e-03
9.9780416464609646e-03
1.0059263071981394e-02
1.0142265064983065e-02
1.0227110305411981e-02
1.0313861854015375e-02
1.0402589635793805e-02
1.0493362859226824e-02
1.0586255521354386e-02
1.0681346396688496e-02
1.0778712613725702e-02
1.0878441694877030e-02
1.0980618871355039e-02
1.1085343545913560e-02
1.1192714382436290e-02
1.1302830648116644e-02
1.1415803738120633e-02
1.1531750129746526e-02
1.1650790278215625e-02
1.1773052991350617e-02
1.1898674016950604e-02
1.2027793435696354e-02
1.2160564801046825e-02
1.2297144558168724e-02
1.2437710155068294e-02
1.2582437139990896e-02
1.2731517778030374e-02
1.2885151509784093e-02
1.3043558813978690e-02
1.3206965561711012e-02
1.3375616736567304e-02
1.3549771935723763e-02
1.3729705838133984e-02
1.3915713087518341e-02
1.4108110927875010e-02
1.4307237964602390e-02
1.4513454484618122e-02
1.4727147984930184e-02
1.4948732155023797e-02
1.5178658336212777e-02
1.5417403426036936e-02
1.5665485339512803e-02
1.5923461916338071e-02
1.6191932609033968e-02
1.6471550366318973e-02
1.6763019942348033e-02
1.7067104060820314e-02
1.7384630526296494e-02
1.7716500359691526e-02
1.8063695142393119e-02
1.8427284976592035e-02
1.8808437801666741e-02
1.9208438578102661e-02
1.9628680295928451e-02
2.0070698060502039e-02
2.0536184661988734e-02
2.1026997677966168e-02
2.1545188558868986e-02
2.2093016251724707e-02
2.2672987080671968e-02
2.3287880745680521e-02
2.3940779251761152e-02
2.4635110608457529e-02
2.5374684062684970e-02
2.6163751405123708e-02
2.7007062676785959e-02
2.7909909859375564e-02
2.8878212656553059e-02
2.9918573925771907e-02
3.1038364358114263e-02
3.2245794192457058e-02
3.3549977973230734e-02
3.4960985224815312e-02
3.6489862304012320e-02
3.8148582478349978e-02
3.9949864477219967e-02
4.1906923320187132e-02
4.4032917673860486e-02
4.6339486845546243e-02
4.8833984489817100e-02
5.1509210613507231e-02
5.4341910112956110e-02
5.6935423331258617e-02
